Codigo Asignatura,Nombre Asignatura,Nivel,Codigo Curso,Estudiante
ELE7301,ElectivaComplementariaI,7,ELE730104, Camila  Garrido
ELE7301,ElectivaComplementariaI,7,ELE730104, Valentina  Fernández
ELE7301,ElectivaComplementariaI,7,ELE730104, Lucas  Aguilar
ELE7301,ElectivaComplementariaI,7,ELE730104, Luciana  Garrido
ELE7301,ElectivaComplementariaI,7,ELE730104, Alejandra  Peralta
ELE7301,ElectivaComplementariaI,7,ELE730104, Felipe  Ruiz
ELE7301,ElectivaComplementariaI,7,ELE730104, Manuel  Ochoa
ELE7301,ElectivaComplementariaI,7,ELE730104, Mariana  Benítez
ELE7301,ElectivaComplementariaI,7,ELE730104, Miguel  Vargas
ELE7301,ElectivaComplementariaI,7,ELE730104, Lucas  Iglesias
ELE7301,ElectivaComplementariaI,7,ELE730104, Mariana  Vicente
ELE7301,ElectivaComplementariaI,7,ELE730104, Miguel  Linares
ELE7301,ElectivaComplementariaI,7,ELE730104, José  Cruz
ELE7301,ElectivaComplementariaI,7,ELE730104, Daniela  Santana
ELE7301,ElectivaComplementariaI,7,ELE730104, Isabella  Marín
ELE7301,ElectivaComplementariaI,7,ELE730104, Antonia  Nieto
ELE7301,ElectivaComplementariaI,7,ELE730104, Javier  Guerra
ELE7301,ElectivaComplementariaI,7,ELE730104, Diego  Miranda
ELE7301,ElectivaComplementariaI,7,ELE730104, Alexander  Vargas
ELE7301,ElectivaComplementariaI,7,ELE730104, Eduardo  Medina
