Codigo Asignatura,Nombre Asignatura,Nivel,Codigo Curso,Estudiante
ELE7301,ElectivaComplementariaI,7,ELE730101, Isabel  Molina
ELE7301,ElectivaComplementariaI,7,ELE730101, Natalia  Llorente
ELE7301,ElectivaComplementariaI,7,ELE730101, Pablo  Cabrera
ELE7301,ElectivaComplementariaI,7,ELE730101, Santiago  Rivas
ELE7301,ElectivaComplementariaI,7,ELE730101, Sebastián  Calvo
ELE7301,ElectivaComplementariaI,7,ELE730101, Francisco  Marín
ELE7301,ElectivaComplementariaI,7,ELE730101, Mateo  Muñoz
ELE7301,ElectivaComplementariaI,7,ELE730101, Manuel  Álvarez
ELE7301,ElectivaComplementariaI,7,ELE730101, Valeria  Carretero
ELE7301,ElectivaComplementariaI,7,ELE730101, Tomás  Hidalgo
ELE7301,ElectivaComplementariaI,7,ELE730101, Catalina  Ortega
ELE7301,ElectivaComplementariaI,7,ELE730101, Alejandro  Medina
ELE7301,ElectivaComplementariaI,7,ELE730101, Andrés  Rubio
ELE7301,ElectivaComplementariaI,7,ELE730101, Andrés  Oliva
ELE7301,ElectivaComplementariaI,7,ELE730101, Esteban  Molina
ELE7301,ElectivaComplementariaI,7,ELE730101, Alexander  Fernández
ELE7301,ElectivaComplementariaI,7,ELE730101, Isabella  Torres
ELE7301,ElectivaComplementariaI,7,ELE730101, Simón  Castro
ELE7301,ElectivaComplementariaI,7,ELE730101, Sofia  Ortega
ELE7301,ElectivaComplementariaI,7,ELE730101, Juan José  Oliva
