Codigo Asignatura,Nombre Asignatura,Nivel,Codigo Curso,Estudiante
ENF9301,EnfasisProfesionalIII,9,ENF930104, Emma  Aguilar
ENF9301,EnfasisProfesionalIII,9,ENF930104, Samantha  Vicente
ENF9301,EnfasisProfesionalIII,9,ENF930104, Valentina  Alonso
ENF9301,EnfasisProfesionalIII,9,ENF930104, Simón  Linares
ENF9301,EnfasisProfesionalIII,9,ENF930104, Samantha  Cortés
ENF9301,EnfasisProfesionalIII,9,ENF930104, Jimena  Rodríguez
ENF9301,EnfasisProfesionalIII,9,ENF930104, Ángel  Rodríguez
ENF9301,EnfasisProfesionalIII,9,ENF930104, Emma  García
ENF9301,EnfasisProfesionalIII,9,ENF930104, Nicolás  García
ENF9301,EnfasisProfesionalIII,9,ENF930104, Gabriela  Castro
