Codigo Asignatura,Nombre Asignatura,Nivel,Codigo Curso,Estudiante
ENF9301,EnfasisProfesionalIII,9,ENF930101, Simón  Castro
ENF9301,EnfasisProfesionalIII,9,ENF930101, Catalina  Alonso
ENF9301,EnfasisProfesionalIII,9,ENF930101, Santiago  Suárez
ENF9301,EnfasisProfesionalIII,9,ENF930101, Juliana  Bravo
ENF9301,EnfasisProfesionalIII,9,ENF930101, Carolina  Blanco
ENF9301,EnfasisProfesionalIII,9,ENF930101, Juan David  Peralta
ENF9301,EnfasisProfesionalIII,9,ENF930101, Elena  Torres
ENF9301,EnfasisProfesionalIII,9,ENF930101, Marcela  Vicente
ENF9301,EnfasisProfesionalIII,9,ENF930101, Elizabeth  González
ENF9301,EnfasisProfesionalIII,9,ENF930101, Mauricio  Mesa
ENF9301,EnfasisProfesionalIII,9,ENF930101, Agustín  Pérez
ENF9301,EnfasisProfesionalIII,9,ENF930101, Elizabeth  Cervantes
ENF9301,EnfasisProfesionalIII,9,ENF930101, David  Robles
ENF9301,EnfasisProfesionalIII,9,ENF930101, Sebastián  Carretero
ENF9301,EnfasisProfesionalIII,9,ENF930101, Fernanda  Linares
ENF9301,EnfasisProfesionalIII,9,ENF930101, Laura  León
ENF9301,EnfasisProfesionalIII,9,ENF930101, Marcela  Pascual
ENF9301,EnfasisProfesionalIII,9,ENF930101, Mateo  Mesa
ENF9301,EnfasisProfesionalIII,9,ENF930101, Valentina  Prieto
ENF9301,EnfasisProfesionalIII,9,ENF930101, Alejandra  Torres
