Codigo Asignatura,Nombre Asignatura,Nivel,Codigo Curso,Estudiante
ENF9301,EnfasisProfesionalIII,9,ENF930102, Juan David  Rivas
ENF9301,EnfasisProfesionalIII,9,ENF930102, Santiago  Vázquez
ENF9301,EnfasisProfesionalIII,9,ENF930102, Nicolás  Martínez
ENF9301,EnfasisProfesionalIII,9,ENF930102, Fernanda  Gutiérrez
ENF9301,EnfasisProfesionalIII,9,ENF930102, Martín  Gómez
ENF9301,EnfasisProfesionalIII,9,ENF930102, Pablo  Rodríguez
ENF9301,EnfasisProfesionalIII,9,ENF930102, Andrés  Vicente
ENF9301,EnfasisProfesionalIII,9,ENF930102, Juan Pablo  Ramos
ENF9301,EnfasisProfesionalIII,9,ENF930102, Andrés  Vega
ENF9301,EnfasisProfesionalIII,9,ENF930102, Manuel  Álvarez
ENF9301,EnfasisProfesionalIII,9,ENF930102, Mariana  Ferrer
ENF9301,EnfasisProfesionalIII,9,ENF930102, Andrés  Cortés
ENF9301,EnfasisProfesionalIII,9,ENF930102, Francisco  Marín
ENF9301,EnfasisProfesionalIII,9,ENF930102, Andrés  Gutiérrez
ENF9301,EnfasisProfesionalIII,9,ENF930102, Antonella  Cordero
ENF9301,EnfasisProfesionalIII,9,ENF930102, Mateo  Gómez
ENF9301,EnfasisProfesionalIII,9,ENF930102, María  Morales
ENF9301,EnfasisProfesionalIII,9,ENF930102, Alejandra  Llorente
ENF9301,EnfasisProfesionalIII,9,ENF930102, Juan José  Fernández
ENF9301,EnfasisProfesionalIII,9,ENF930102, Diego  González
