Codigo Asignatura,Nombre Asignatura,Nivel,Codigo Curso,Estudiante
ENF9301,EnfasisProfesionalIII,9,ENF930103, Samantha  Garrido
ENF9301,EnfasisProfesionalIII,9,ENF930103, Catalina  Marín
ENF9301,EnfasisProfesionalIII,9,ENF930103, Carlos  Peralta
ENF9301,EnfasisProfesionalIII,9,ENF930103, María José  Robles
ENF9301,EnfasisProfesionalIII,9,ENF930103, Ricardo  Cabello
ENF9301,EnfasisProfesionalIII,9,ENF930103, Gabriel  Amaya
ENF9301,EnfasisProfesionalIII,9,ENF930103, Ricardo  Cruz
ENF9301,EnfasisProfesionalIII,9,ENF930103, Christian  Vidal
ENF9301,EnfasisProfesionalIII,9,ENF930103, Sebastián  Carmona
ENF9301,EnfasisProfesionalIII,9,ENF930103, Diego  Ortega
ENF9301,EnfasisProfesionalIII,9,ENF930103, Matías  Cabrera
ENF9301,EnfasisProfesionalIII,9,ENF930103, Simón  Aguilar
ENF9301,EnfasisProfesionalIII,9,ENF930103, Valentina  Ochoa
ENF9301,EnfasisProfesionalIII,9,ENF930103, Marcela  Ríos
ENF9301,EnfasisProfesionalIII,9,ENF930103, Gabriela  Guerra
ENF9301,EnfasisProfesionalIII,9,ENF930103, Paula  Suárez
ENF9301,EnfasisProfesionalIII,9,ENF930103, Andrés  Álvarez
ENF9301,EnfasisProfesionalIII,9,ENF930103, Paula  Álvarez
ENF9301,EnfasisProfesionalIII,9,ENF930103, Pablo  Calvo
ENF9301,EnfasisProfesionalIII,9,ENF930103, Carlos  Vargas
