Codigo Asignatura,Nombre Asignatura,Nivel,Codigo Curso,Estudiante
ELE7301,ElectivaenHumanidadesII,7,ELE730102, Simón  Varela
ELE7301,ElectivaenHumanidadesII,7,ELE730102, Isabella  Pascual
ELE7301,ElectivaenHumanidadesII,7,ELE730102, Miguel  Gómez
ELE7301,ElectivaenHumanidadesII,7,ELE730102, Sebastián  Torres
ELE7301,ElectivaenHumanidadesII,7,ELE730102, Alejandro  Benítez
ELE7301,ElectivaenHumanidadesII,7,ELE730102, Cristóbal  Garrido
ELE7301,ElectivaenHumanidadesII,7,ELE730102, David  Esteban
ELE7301,ElectivaenHumanidadesII,7,ELE730102, Natalia  Medina
ELE7301,ElectivaenHumanidadesII,7,ELE730102, Esteban  Martínez
ELE7301,ElectivaenHumanidadesII,7,ELE730102, Mateo  Gómez
ELE7301,ElectivaenHumanidadesII,7,ELE730102, Catalina  Alonso
ELE7301,ElectivaenHumanidadesII,7,ELE730102, Simón  Molina
ELE7301,ElectivaenHumanidadesII,7,ELE730102, Santiago  Prieto
ELE7301,ElectivaenHumanidadesII,7,ELE730102, Alejandra  Ramos
ELE7301,ElectivaenHumanidadesII,7,ELE730102, Diego  Ríos
ELE7301,ElectivaenHumanidadesII,7,ELE730102, Catalina  Garrido
ELE7301,ElectivaenHumanidadesII,7,ELE730102, Ricardo  Herrera
ELE7301,ElectivaenHumanidadesII,7,ELE730102, Juan Pablo  Calvo
ELE7301,ElectivaenHumanidadesII,7,ELE730102, Carolina  Navarro
ELE7301,ElectivaenHumanidadesII,7,ELE730102, Esteban  Vicente
