Codigo Asignatura,Nombre Asignatura,Nivel,Codigo Curso,Estudiante
ELE7301,ElectivaenHumanidadesII,7,ELE730105, Andrés  Muñoz
ELE7301,ElectivaenHumanidadesII,7,ELE730105, Juan David  Molina
ELE7301,ElectivaenHumanidadesII,7,ELE730105, Martín  Carretero
ELE7301,ElectivaenHumanidadesII,7,ELE730105, María José  Domínguez
ELE7301,ElectivaenHumanidadesII,7,ELE730105, Adriana  López
ELE7301,ElectivaenHumanidadesII,7,ELE730105, Alejandro  Castro
ELE7301,ElectivaenHumanidadesII,7,ELE730105, Sofía  Ortega
ELE7301,ElectivaenHumanidadesII,7,ELE730105, Elena  Luque
ELE7301,ElectivaenHumanidadesII,7,ELE730105, Miguel  Torres
ELE7301,ElectivaenHumanidadesII,7,ELE730105, Natalia  Vázquez
