Codigo Asignatura,Nombre Asignatura,Nivel,Codigo Curso,Estudiante
ELE7301,ElectivaenHumanidadesII,7,ELE730103, Andrea  Cervantes
ELE7301,ElectivaenHumanidadesII,7,ELE730103, Gabriela  Rubio
ELE7301,ElectivaenHumanidadesII,7,ELE730103, Javier  Vicente
ELE7301,ElectivaenHumanidadesII,7,ELE730103, Marcela  García
ELE7301,ElectivaenHumanidadesII,7,ELE730103, Felipe  Serrano
ELE7301,ElectivaenHumanidadesII,7,ELE730103, Santiago  Bravo
ELE7301,ElectivaenHumanidadesII,7,ELE730103, Jimena  Serrano
ELE7301,ElectivaenHumanidadesII,7,ELE730103, María  Miranda
ELE7301,ElectivaenHumanidadesII,7,ELE730103, Natalia  Pascual
ELE7301,ElectivaenHumanidadesII,7,ELE730103, Tomás  Navarro
ELE7301,ElectivaenHumanidadesII,7,ELE730103, Eduardo  Llorente
ELE7301,ElectivaenHumanidadesII,7,ELE730103, José  Martínez
ELE7301,ElectivaenHumanidadesII,7,ELE730103, Mauricio  Peralta
ELE7301,ElectivaenHumanidadesII,7,ELE730103, Isabel  Miranda
ELE7301,ElectivaenHumanidadesII,7,ELE730103, Daniela  Benítez
ELE7301,ElectivaenHumanidadesII,7,ELE730103, Adriana  Herrero
ELE7301,ElectivaenHumanidadesII,7,ELE730103, Catalina  Soto
ELE7301,ElectivaenHumanidadesII,7,ELE730103, Andrés  Esteban
ELE7301,ElectivaenHumanidadesII,7,ELE730103, Valentina  Rodríguez
ELE7301,ElectivaenHumanidadesII,7,ELE730103, Daniel  Romero
