Codigo Asignatura,Nombre Asignatura,Nivel,Codigo Curso,Estudiante
DIN5301,DinamicadeSistemas,5,DIN530101, Isabella  Marín
DIN5301,DinamicadeSistemas,5,DIN530101, Juan José  Abad
DIN5301,DinamicadeSistemas,5,DIN530101, Carolina  Robles
DIN5301,DinamicadeSistemas,5,DIN530101, Samuel  Cervantes
DIN5301,DinamicadeSistemas,5,DIN530101, Esteban  Varela
DIN5301,DinamicadeSistemas,5,DIN530101, Paula  Suárez
DIN5301,DinamicadeSistemas,5,DIN530101, Andrés  Alonso
DIN5301,DinamicadeSistemas,5,DIN530101, Manuel  Guerrero
DIN5301,DinamicadeSistemas,5,DIN530101, Juan David  Ochoa
DIN5301,DinamicadeSistemas,5,DIN530101, Daniel  León
DIN5301,DinamicadeSistemas,5,DIN530101, Isabella  Navarro
DIN5301,DinamicadeSistemas,5,DIN530101, Leonardo  Torres
DIN5301,DinamicadeSistemas,5,DIN530101, Natalia  Molina
DIN5301,DinamicadeSistemas,5,DIN530101, Juan  Luque
DIN5301,DinamicadeSistemas,5,DIN530101, Andrés  González
DIN5301,DinamicadeSistemas,5,DIN530101, Tomás  Muñoz
DIN5301,DinamicadeSistemas,5,DIN530101, Pablo  Prieto
DIN5301,DinamicadeSistemas,5,DIN530101, Francisco  Moya
DIN5301,DinamicadeSistemas,5,DIN530101, Simón  García
DIN5301,DinamicadeSistemas,5,DIN530101, Leonardo  Guerra
DIN5301,DinamicadeSistemas,5,DIN530101, Sebastián  Carmona
DIN5301,DinamicadeSistemas,5,DIN530101, Andrea  Suárez
DIN5301,DinamicadeSistemas,5,DIN530101, Camila  Peralta
DIN5301,DinamicadeSistemas,5,DIN530101, Antonia  Nieto
DIN5301,DinamicadeSistemas,5,DIN530101, Juan  Cordero
