Codigo Asignatura,Nombre Asignatura,Nivel,Codigo Curso,Estudiante
DIN5301,DinamicadeSistemas,5,DIN530102, Catalina  Rubio
DIN5301,DinamicadeSistemas,5,DIN530102, Emily  Rivas
DIN5301,DinamicadeSistemas,5,DIN530102, Paula  Vargas
DIN5301,DinamicadeSistemas,5,DIN530102, Pablo  Guerra
DIN5301,DinamicadeSistemas,5,DIN530102, Eduardo  Pascual
DIN5301,DinamicadeSistemas,5,DIN530102, Andrea  Carretero
DIN5301,DinamicadeSistemas,5,DIN530102, Lucía  Moreno
DIN5301,DinamicadeSistemas,5,DIN530102, Tomás  Hidalgo
DIN5301,DinamicadeSistemas,5,DIN530102, Samuel  Pastor
DIN5301,DinamicadeSistemas,5,DIN530102, Agustín  Gallego
DIN5301,DinamicadeSistemas,5,DIN530102, Gabriela  Moreno
DIN5301,DinamicadeSistemas,5,DIN530102, Alejandra  Vidal
DIN5301,DinamicadeSistemas,5,DIN530102, Alejandra  García
DIN5301,DinamicadeSistemas,5,DIN530102, Santiago  Bravo
DIN5301,DinamicadeSistemas,5,DIN530102, Andrés  Herrera
DIN5301,DinamicadeSistemas,5,DIN530102, Valentina  Bravo
DIN5301,DinamicadeSistemas,5,DIN530102, Diego  Ortega
DIN5301,DinamicadeSistemas,5,DIN530102, Marcela  Abad
DIN5301,DinamicadeSistemas,5,DIN530102, Agustín  Linares
DIN5301,DinamicadeSistemas,5,DIN530102, Andrea  Correa
DIN5301,DinamicadeSistemas,5,DIN530102, Daniela  Muñoz
DIN5301,DinamicadeSistemas,5,DIN530102, Sara  Molina
DIN5301,DinamicadeSistemas,5,DIN530102, Alejandro  Alonso
DIN5301,DinamicadeSistemas,5,DIN530102, José  Cruz
DIN5301,DinamicadeSistemas,5,DIN530102, Emily  Ortiz
