Codigo Asignatura,Nombre Asignatura,Nivel,Codigo Curso,Estudiante
DIN5301,DinamicadeSistemas,5,DIN530103, Martín  Casado
DIN5301,DinamicadeSistemas,5,DIN530103, Esteban  Nieto
DIN5301,DinamicadeSistemas,5,DIN530103, Gabriel  Gil
DIN5301,DinamicadeSistemas,5,DIN530103, Sebastián  Alonso
DIN5301,DinamicadeSistemas,5,DIN530103, Elizabeth  Garrido
DIN5301,DinamicadeSistemas,5,DIN530103, Alejandro  Ortega
DIN5301,DinamicadeSistemas,5,DIN530103, Antonia  Gil
DIN5301,DinamicadeSistemas,5,DIN530103, Emilio  Suárez
DIN5301,DinamicadeSistemas,5,DIN530103, Matías  Cabrera
DIN5301,DinamicadeSistemas,5,DIN530103, Adriana  Fernández
DIN5301,DinamicadeSistemas,5,DIN530103, Miguel  Sánchez
DIN5301,DinamicadeSistemas,5,DIN530103, Adriana  Mesa
DIN5301,DinamicadeSistemas,5,DIN530103, José  Hidalgo
DIN5301,DinamicadeSistemas,5,DIN530103, Matías  Ríos
DIN5301,DinamicadeSistemas,5,DIN530103, Valeria  Molina
DIN5301,DinamicadeSistemas,5,DIN530103, Mariana  García
DIN5301,DinamicadeSistemas,5,DIN530103, Mariana  Cordero
DIN5301,DinamicadeSistemas,5,DIN530103, Carlos  Gómez
DIN5301,DinamicadeSistemas,5,DIN530103, Alejandro  Benítez
DIN5301,DinamicadeSistemas,5,DIN530103, María  Correa
DIN5301,DinamicadeSistemas,5,DIN530103, Camila  Bravo
DIN5301,DinamicadeSistemas,5,DIN530103, Valentina  Fernández
DIN5301,DinamicadeSistemas,5,DIN530103, Alejandra  Llorente
DIN5301,DinamicadeSistemas,5,DIN530103, Emily  Romero
DIN5301,DinamicadeSistemas,5,DIN530103, Catalina  López
