Codigo Asignatura,Nombre Asignatura,Nivel,Codigo Curso,Estudiante
DIN5301,DinamicadeSistemas,5,DIN530104, Samantha  Garrido
DIN5301,DinamicadeSistemas,5,DIN530104, Marcela  Cortés
DIN5301,DinamicadeSistemas,5,DIN530104, Daniel  Pérez
DIN5301,DinamicadeSistemas,5,DIN530104, Jennifer  Alonso
DIN5301,DinamicadeSistemas,5,DIN530104, Martín  Pastor
DIN5301,DinamicadeSistemas,5,DIN530104, Jennifer  Amaya
DIN5301,DinamicadeSistemas,5,DIN530104, Alexander  Ortega
DIN5301,DinamicadeSistemas,5,DIN530104, Sara  Ortiz
DIN5301,DinamicadeSistemas,5,DIN530104, Santiago  Prieto
DIN5301,DinamicadeSistemas,5,DIN530104, Clara  Herrera
DIN5301,DinamicadeSistemas,5,DIN530104, Isabella  González
DIN5301,DinamicadeSistemas,5,DIN530104, Alexander  Vidal
DIN5301,DinamicadeSistemas,5,DIN530104, Felipe  Domínguez
DIN5301,DinamicadeSistemas,5,DIN530104, Alejandra  Torres
DIN5301,DinamicadeSistemas,5,DIN530104, Juan David  Gil
DIN5301,DinamicadeSistemas,5,DIN530104, Antonia  Herrera
DIN5301,DinamicadeSistemas,5,DIN530104, Natalia  Hidalgo
DIN5301,DinamicadeSistemas,5,DIN530104, Ricardo  Cabello
DIN5301,DinamicadeSistemas,5,DIN530104, Lucas  Serrano
DIN5301,DinamicadeSistemas,5,DIN530104, Victoria  Varela
DIN5301,DinamicadeSistemas,5,DIN530104, Catalina  Martínez
DIN5301,DinamicadeSistemas,5,DIN530104, Andrea  López
DIN5301,DinamicadeSistemas,5,DIN530104, Alejandra  Aguilar
DIN5301,DinamicadeSistemas,5,DIN530104, Alejandra  Peralta
DIN5301,DinamicadeSistemas,5,DIN530104, Jennifer  Arias
