Codigo Asignatura,Nombre Asignatura,Nivel,Codigo Curso,Estudiante
VIV1101,VivamoslaUniversidad,1,VIV110104, Tomás  Correa
VIV1101,VivamoslaUniversidad,1,VIV110104, Pablo  León
VIV1101,VivamoslaUniversidad,1,VIV110104, Valentina  Fernández
VIV1101,VivamoslaUniversidad,1,VIV110104, Nicolás  Ríos
VIV1101,VivamoslaUniversidad,1,VIV110104, Daniela  Ramos
VIV1101,VivamoslaUniversidad,1,VIV110104, Alexander  Moreno
VIV1101,VivamoslaUniversidad,1,VIV110104, Valentina  Ramos
VIV1101,VivamoslaUniversidad,1,VIV110104, Lucas  Lucas
VIV1101,VivamoslaUniversidad,1,VIV110104, Lucas  Arias
VIV1101,VivamoslaUniversidad,1,VIV110104, Lucas  Cordero
VIV1101,VivamoslaUniversidad,1,VIV110104, Clara  Castro
VIV1101,VivamoslaUniversidad,1,VIV110104, Luciana  Luque
VIV1101,VivamoslaUniversidad,1,VIV110104, Samuel  Navarro
VIV1101,VivamoslaUniversidad,1,VIV110104, Matías  Calvo
VIV1101,VivamoslaUniversidad,1,VIV110104, Catalina  León
VIV1101,VivamoslaUniversidad,1,VIV110104, Andrés  Oliva
VIV1101,VivamoslaUniversidad,1,VIV110104, Lucas  Díaz
VIV1101,VivamoslaUniversidad,1,VIV110104, Andrés  Rodríguez
VIV1101,VivamoslaUniversidad,1,VIV110104, Samuel  Ochoa
VIV1101,VivamoslaUniversidad,1,VIV110104, Camila  Peralta
VIV1101,VivamoslaUniversidad,1,VIV110104, Paula  Vidal
VIV1101,VivamoslaUniversidad,1,VIV110104, Tomás  Ramírez
VIV1101,VivamoslaUniversidad,1,VIV110104, Cristóbal  Peralta
VIV1101,VivamoslaUniversidad,1,VIV110104, Esteban  Luque
VIV1101,VivamoslaUniversidad,1,VIV110104, Eduardo  Calvo
VIV1101,VivamoslaUniversidad,1,VIV110104, Benjamín  Aguilar
VIV1101,VivamoslaUniversidad,1,VIV110104, Marcela  Vicente
VIV1101,VivamoslaUniversidad,1,VIV110104, Esteban  Varela
VIV1101,VivamoslaUniversidad,1,VIV110104, Jennifer  Arias
VIV1101,VivamoslaUniversidad,1,VIV110104, Catalina  Calvo
