Codigo Asignatura,Nombre Asignatura,Nivel,Codigo Curso,Estudiante
VIV1101,VivamoslaUniversidad,1,VIV110102, David  Vidal
VIV1101,VivamoslaUniversidad,1,VIV110102, Catalina  Ramos
VIV1101,VivamoslaUniversidad,1,VIV110102, Luciana  Pastor
VIV1101,VivamoslaUniversidad,1,VIV110102, Juan David  Torres
VIV1101,VivamoslaUniversidad,1,VIV110102, Laura  Gil
VIV1101,VivamoslaUniversidad,1,VIV110102, Mariana  Marín
VIV1101,VivamoslaUniversidad,1,VIV110102, Isabella  Miranda
VIV1101,VivamoslaUniversidad,1,VIV110102, Tomás  Oliva
VIV1101,VivamoslaUniversidad,1,VIV110102, Mauricio  Mesa
VIV1101,VivamoslaUniversidad,1,VIV110102, Clara  Soler
VIV1101,VivamoslaUniversidad,1,VIV110102, Andrés  Suárez
VIV1101,VivamoslaUniversidad,1,VIV110102, Emily  Romero
VIV1101,VivamoslaUniversidad,1,VIV110102, Antonia  Iglesias
VIV1101,VivamoslaUniversidad,1,VIV110102, Gabriela  Cordero
VIV1101,VivamoslaUniversidad,1,VIV110102, Laura  Carmona
VIV1101,VivamoslaUniversidad,1,VIV110102, Mauricio  Hidalgo
VIV1101,VivamoslaUniversidad,1,VIV110102, Valentina  Prieto
VIV1101,VivamoslaUniversidad,1,VIV110102, Sebastián  Amaya
VIV1101,VivamoslaUniversidad,1,VIV110102, Catalina  Marín
VIV1101,VivamoslaUniversidad,1,VIV110102, Javier  Mesa
VIV1101,VivamoslaUniversidad,1,VIV110102, Daniela  Blanco
VIV1101,VivamoslaUniversidad,1,VIV110102, Pablo  Moya
VIV1101,VivamoslaUniversidad,1,VIV110102, Valentina  Arias
VIV1101,VivamoslaUniversidad,1,VIV110102, Adriana  López
VIV1101,VivamoslaUniversidad,1,VIV110102, Luciana  Mesa
VIV1101,VivamoslaUniversidad,1,VIV110102, Andrés  Álvarez
VIV1101,VivamoslaUniversidad,1,VIV110102, Matías  Llorente
VIV1101,VivamoslaUniversidad,1,VIV110102, Nicolás  Moreno
VIV1101,VivamoslaUniversidad,1,VIV110102, Natalia  Guerrero
VIV1101,VivamoslaUniversidad,1,VIV110102, Marcela  Ramos
