Codigo Asignatura,Nombre Asignatura,Nivel,Codigo Curso,Estudiante
VIV1101,VivamoslaUniversidad,1,VIV110101, Catalina  Garrido
VIV1101,VivamoslaUniversidad,1,VIV110101, Jennifer  Torres
VIV1101,VivamoslaUniversidad,1,VIV110101, Antonia  Sánchez
VIV1101,VivamoslaUniversidad,1,VIV110101, Pablo  Ochoa
VIV1101,VivamoslaUniversidad,1,VIV110101, Samantha  Vicente
VIV1101,VivamoslaUniversidad,1,VIV110101, Pablo  Luque
VIV1101,VivamoslaUniversidad,1,VIV110101, Cristóbal  Garrido
VIV1101,VivamoslaUniversidad,1,VIV110101, Valentina  Bravo
VIV1101,VivamoslaUniversidad,1,VIV110101, Mariana  Abad
VIV1101,VivamoslaUniversidad,1,VIV110101, Daniela  Álvarez
VIV1101,VivamoslaUniversidad,1,VIV110101, Simón  Cervantes
VIV1101,VivamoslaUniversidad,1,VIV110101, Diego  Miranda
VIV1101,VivamoslaUniversidad,1,VIV110101, Andrés  Herrero
VIV1101,VivamoslaUniversidad,1,VIV110101, Tomás  Muñoz
VIV1101,VivamoslaUniversidad,1,VIV110101, Gabriela  Cabrera
VIV1101,VivamoslaUniversidad,1,VIV110101, Agustín  Sánchez
VIV1101,VivamoslaUniversidad,1,VIV110101, Tomás  Suárez
VIV1101,VivamoslaUniversidad,1,VIV110101, Mateo  Llorente
VIV1101,VivamoslaUniversidad,1,VIV110101, Paula  Llorente
VIV1101,VivamoslaUniversidad,1,VIV110101, Sofia  Herrero
VIV1101,VivamoslaUniversidad,1,VIV110101, José  Martínez
VIV1101,VivamoslaUniversidad,1,VIV110101, Jennifer  Amaya
VIV1101,VivamoslaUniversidad,1,VIV110101, Diego  Ortega
VIV1101,VivamoslaUniversidad,1,VIV110101, Javier  Ramos
VIV1101,VivamoslaUniversidad,1,VIV110101, David  Cortés
VIV1101,VivamoslaUniversidad,1,VIV110101, Antonella  Molina
VIV1101,VivamoslaUniversidad,1,VIV110101, José  Nieto
VIV1101,VivamoslaUniversidad,1,VIV110101, Manuel  Moreno
VIV1101,VivamoslaUniversidad,1,VIV110101, Isabel  Domínguez
VIV1101,VivamoslaUniversidad,1,VIV110101, Nicolás  Peralta
