Codigo Asignatura,Nombre Asignatura,Nivel,Codigo Curso,Estudiante
VIV1101,VivamoslaUniversidad,1,VIV110103, Juan  Ramos
VIV1101,VivamoslaUniversidad,1,VIV110103, Simón  Medina
VIV1101,VivamoslaUniversidad,1,VIV110103, Daniel  Ferrer
VIV1101,VivamoslaUniversidad,1,VIV110103, Gabriela  Díaz
VIV1101,VivamoslaUniversidad,1,VIV110103, Sofía  Nieto
VIV1101,VivamoslaUniversidad,1,VIV110103, Ricardo  Alonso
VIV1101,VivamoslaUniversidad,1,VIV110103, Matías  Ríos
VIV1101,VivamoslaUniversidad,1,VIV110103, Mauricio  Gil
VIV1101,VivamoslaUniversidad,1,VIV110103, Manuel  Molina
VIV1101,VivamoslaUniversidad,1,VIV110103, Carlos  Herrero
VIV1101,VivamoslaUniversidad,1,VIV110103, Esteban  Suárez
VIV1101,VivamoslaUniversidad,1,VIV110103, Juan Pablo  Calvo
VIV1101,VivamoslaUniversidad,1,VIV110103, Alejandro  Alonso
VIV1101,VivamoslaUniversidad,1,VIV110103, Camila  Álvarez
VIV1101,VivamoslaUniversidad,1,VIV110103, Esteban  Morales
VIV1101,VivamoslaUniversidad,1,VIV110103, Jennifer  Miranda
VIV1101,VivamoslaUniversidad,1,VIV110103, Manuel  Morales
VIV1101,VivamoslaUniversidad,1,VIV110103, Miguel  Cabello
VIV1101,VivamoslaUniversidad,1,VIV110103, Emily  Rivas
VIV1101,VivamoslaUniversidad,1,VIV110103, Esteban  Molina
VIV1101,VivamoslaUniversidad,1,VIV110103, Isabella  Ortega
VIV1101,VivamoslaUniversidad,1,VIV110103, Emily  Molina
VIV1101,VivamoslaUniversidad,1,VIV110103, Carolina  Cordero
VIV1101,VivamoslaUniversidad,1,VIV110103, Juan  Ramírez
VIV1101,VivamoslaUniversidad,1,VIV110103, Juan  Arias
VIV1101,VivamoslaUniversidad,1,VIV110103, Natalia  Hidalgo
VIV1101,VivamoslaUniversidad,1,VIV110103, Antonella  Ochoa
VIV1101,VivamoslaUniversidad,1,VIV110103, Santiago  Cortés
VIV1101,VivamoslaUniversidad,1,VIV110103, Leonardo  Linares
VIV1101,VivamoslaUniversidad,1,VIV110103, Francisco  Gil
