Codigo Asignatura,Nombre Asignatura,Nivel,Codigo Curso,Estudiante
VIV1101,VivamoslaUniversidad,1,VIV110105, Simón  Domínguez
VIV1101,VivamoslaUniversidad,1,VIV110105, Paula  Suárez
VIV1101,VivamoslaUniversidad,1,VIV110105, Mateo  Gallego
VIV1101,VivamoslaUniversidad,1,VIV110105, Daniela  Vargas
VIV1101,VivamoslaUniversidad,1,VIV110105, Lucas  Cortés
VIV1101,VivamoslaUniversidad,1,VIV110105, Francisco  Bravo
VIV1101,VivamoslaUniversidad,1,VIV110105, Mariana  Benítez
VIV1101,VivamoslaUniversidad,1,VIV110105, Ana  Miranda
VIV1101,VivamoslaUniversidad,1,VIV110105, Luciana  Ramos
VIV1101,VivamoslaUniversidad,1,VIV110105, Sofia  Ramos
VIV1101,VivamoslaUniversidad,1,VIV110105, Esteban  Ortega
VIV1101,VivamoslaUniversidad,1,VIV110105, Esteban  Martínez
VIV1101,VivamoslaUniversidad,1,VIV110105, Paula  García
VIV1101,VivamoslaUniversidad,1,VIV110105, Clara  Ortega
VIV1101,VivamoslaUniversidad,1,VIV110105, Juan Pablo  Ramos
VIV1101,VivamoslaUniversidad,1,VIV110105, Nicolás  Amaya
VIV1101,VivamoslaUniversidad,1,VIV110105, Gabriela  Vicente
VIV1101,VivamoslaUniversidad,1,VIV110105, Francisco  Ruiz
VIV1101,VivamoslaUniversidad,1,VIV110105, Gabriel  Pastor
VIV1101,VivamoslaUniversidad,1,VIV110105, Matías  Vicente
