Codigo Asignatura,Nombre Asignatura,Nivel,Codigo Curso,Estudiante
GES8301,GestiondeProyectos,8,GES830103, Lucas  Cordero
GES8301,GestiondeProyectos,8,GES830103, Emily  Ortiz
GES8301,GestiondeProyectos,8,GES830103, Emily  Guerra
GES8301,GestiondeProyectos,8,GES830103, Elizabeth  Benítez
GES8301,GestiondeProyectos,8,GES830103, Antonia  Díaz
GES8301,GestiondeProyectos,8,GES830103, Sara  Ortega
GES8301,GestiondeProyectos,8,GES830103, Simón  Molina
GES8301,GestiondeProyectos,8,GES830103, Agustín  Romero
GES8301,GestiondeProyectos,8,GES830103, Elizabeth  Ruiz
GES8301,GestiondeProyectos,8,GES830103, Emilio  Cervantes
GES8301,GestiondeProyectos,8,GES830103, Christian  Herrera
GES8301,GestiondeProyectos,8,GES830103, Natalia  Molina
GES8301,GestiondeProyectos,8,GES830103, Catalina  Pérez
GES8301,GestiondeProyectos,8,GES830103, Andrea  Cervantes
GES8301,GestiondeProyectos,8,GES830103, Matías  Vicente
GES8301,GestiondeProyectos,8,GES830103, Santiago  Cabrera
GES8301,GestiondeProyectos,8,GES830103, Valeria  Abad
GES8301,GestiondeProyectos,8,GES830103, Jennifer  Muñoz
GES8301,GestiondeProyectos,8,GES830103, Miguel  Torres
GES8301,GestiondeProyectos,8,GES830103, María  Nieto
