Codigo Asignatura,Nombre Asignatura,Nivel,Codigo Curso,Estudiante
GES8301,GestiondeProyectos,8,GES830102, David  Robles
GES8301,GestiondeProyectos,8,GES830102, Samantha  Vicente
GES8301,GestiondeProyectos,8,GES830102, Christian  González
GES8301,GestiondeProyectos,8,GES830102, Mariana  Vargas
GES8301,GestiondeProyectos,8,GES830102, Sara  Ortiz
GES8301,GestiondeProyectos,8,GES830102, Alejandra  Vicente
GES8301,GestiondeProyectos,8,GES830102, Sebastián  Amaya
GES8301,GestiondeProyectos,8,GES830102, Carolina  Cordero
GES8301,GestiondeProyectos,8,GES830102, Daniela  Ramos
GES8301,GestiondeProyectos,8,GES830102, Paula  Vidal
GES8301,GestiondeProyectos,8,GES830102, Samantha  Vidal
GES8301,GestiondeProyectos,8,GES830102, Camila  Vicente
GES8301,GestiondeProyectos,8,GES830102, Tomás  Muñoz
GES8301,GestiondeProyectos,8,GES830102, Samantha  Ramos
GES8301,GestiondeProyectos,8,GES830102, Sofia  Miranda
GES8301,GestiondeProyectos,8,GES830102, Tomás  Ríos
GES8301,GestiondeProyectos,8,GES830102, Sebastián  Gil
GES8301,GestiondeProyectos,8,GES830102, Ricardo  Alonso
GES8301,GestiondeProyectos,8,GES830102, Juan David  Gil
GES8301,GestiondeProyectos,8,GES830102, Benjamín  López
