Codigo Asignatura,Nombre Asignatura,Nivel,Codigo Curso,Estudiante
GES8301,GestiondeProyectos,8,GES830104, Juan Pablo  Herrera
GES8301,GestiondeProyectos,8,GES830104, Andrés  Martínez
GES8301,GestiondeProyectos,8,GES830104, Gabriel  Medina
GES8301,GestiondeProyectos,8,GES830104, Martín  Robles
GES8301,GestiondeProyectos,8,GES830104, Santiago  Vázquez
GES8301,GestiondeProyectos,8,GES830104, Gabriel  Luque
GES8301,GestiondeProyectos,8,GES830104, Valeria  Cabello
GES8301,GestiondeProyectos,8,GES830104, Juan José  Abad
GES8301,GestiondeProyectos,8,GES830104, Paula  Robles
GES8301,GestiondeProyectos,8,GES830104, Andrea  León
GES8301,GestiondeProyectos,8,GES830104, Santiago  Rivas
GES8301,GestiondeProyectos,8,GES830104, José  González
GES8301,GestiondeProyectos,8,GES830104, Antonia  Nieto
GES8301,GestiondeProyectos,8,GES830104, Jennifer  Gutiérrez
GES8301,GestiondeProyectos,8,GES830104, Andrés  Muñoz
GES8301,GestiondeProyectos,8,GES830104, Sebastián  Prieto
GES8301,GestiondeProyectos,8,GES830104, Sofia  Herrero
GES8301,GestiondeProyectos,8,GES830104, Benjamín  León
GES8301,GestiondeProyectos,8,GES830104, José  Pascual
GES8301,GestiondeProyectos,8,GES830104, Lucas  Díaz
