Codigo Asignatura,Nombre Asignatura,Nivel,Codigo Curso,Estudiante
GES8301,GestiondeProyectos,8,GES830101, Mateo  Gallego
GES8301,GestiondeProyectos,8,GES830101, Lucas  Cortés
GES8301,GestiondeProyectos,8,GES830101, Santiago  Medina
GES8301,GestiondeProyectos,8,GES830101, Adriana  Mesa
GES8301,GestiondeProyectos,8,GES830101, Samuel  Cervantes
GES8301,GestiondeProyectos,8,GES830101, Pablo  Gómez
GES8301,GestiondeProyectos,8,GES830101, Francisco  Gallego
GES8301,GestiondeProyectos,8,GES830101, Antonella  Casado
GES8301,GestiondeProyectos,8,GES830101, Alejandro  Alonso
GES8301,GestiondeProyectos,8,GES830101, Antonia  Benítez
GES8301,GestiondeProyectos,8,GES830101, Francisco  Moya
GES8301,GestiondeProyectos,8,GES830101, Lucía  Moreno
GES8301,GestiondeProyectos,8,GES830101, Elena  Soler
GES8301,GestiondeProyectos,8,GES830101, José  Oliva
GES8301,GestiondeProyectos,8,GES830101, Ángel  Vicente
GES8301,GestiondeProyectos,8,GES830101, Gabriela  Moreno
GES8301,GestiondeProyectos,8,GES830101, Mariana  Ferrer
GES8301,GestiondeProyectos,8,GES830101, Ricardo  Herrero
GES8301,GestiondeProyectos,8,GES830101, Daniela  Blanco
GES8301,GestiondeProyectos,8,GES830101, Santiago  González
