Codigo Asignatura,Nombre Asignatura,Nivel,Codigo Curso,Estudiante
GES5301,GestionFinanciera,5,GES530103, Martín  Casado
GES5301,GestionFinanciera,5,GES530103, Esteban  Nieto
GES5301,GestionFinanciera,5,GES530103, Gabriel  Gil
GES5301,GestionFinanciera,5,GES530103, Sebastián  Alonso
GES5301,GestionFinanciera,5,GES530103, Elizabeth  Garrido
GES5301,GestionFinanciera,5,GES530103, Alejandro  Ortega
GES5301,GestionFinanciera,5,GES530103, Antonia  Gil
GES5301,GestionFinanciera,5,GES530103, Emilio  Suárez
GES5301,GestionFinanciera,5,GES530103, Matías  Cabrera
GES5301,GestionFinanciera,5,GES530103, Adriana  Fernández
GES5301,GestionFinanciera,5,GES530103, Miguel  Sánchez
GES5301,GestionFinanciera,5,GES530103, Adriana  Mesa
GES5301,GestionFinanciera,5,GES530103, José  Hidalgo
GES5301,GestionFinanciera,5,GES530103, Matías  Ríos
GES5301,GestionFinanciera,5,GES530103, Valeria  Molina
GES5301,GestionFinanciera,5,GES530103, Mariana  García
GES5301,GestionFinanciera,5,GES530103, Mariana  Cordero
GES5301,GestionFinanciera,5,GES530103, Carlos  Gómez
GES5301,GestionFinanciera,5,GES530103, Alejandro  Benítez
GES5301,GestionFinanciera,5,GES530103, María  Correa
GES5301,GestionFinanciera,5,GES530103, Camila  Bravo
GES5301,GestionFinanciera,5,GES530103, Valentina  Fernández
GES5301,GestionFinanciera,5,GES530103, Alejandra  Llorente
GES5301,GestionFinanciera,5,GES530103, Emily  Romero
GES5301,GestionFinanciera,5,GES530103, Catalina  López
