Codigo Asignatura,Nombre Asignatura,Nivel,Codigo Curso,Estudiante
GES5301,GestionFinanciera,5,GES530101, Isabella  Marín
GES5301,GestionFinanciera,5,GES530101, Juan José  Abad
GES5301,GestionFinanciera,5,GES530101, Carolina  Robles
GES5301,GestionFinanciera,5,GES530101, Samuel  Cervantes
GES5301,GestionFinanciera,5,GES530101, Esteban  Varela
GES5301,GestionFinanciera,5,GES530101, Paula  Suárez
GES5301,GestionFinanciera,5,GES530101, Andrés  Alonso
GES5301,GestionFinanciera,5,GES530101, Manuel  Guerrero
GES5301,GestionFinanciera,5,GES530101, Juan David  Ochoa
GES5301,GestionFinanciera,5,GES530101, Daniel  León
GES5301,GestionFinanciera,5,GES530101, Isabella  Navarro
GES5301,GestionFinanciera,5,GES530101, Leonardo  Torres
GES5301,GestionFinanciera,5,GES530101, Natalia  Molina
GES5301,GestionFinanciera,5,GES530101, Juan  Luque
GES5301,GestionFinanciera,5,GES530101, Andrés  González
GES5301,GestionFinanciera,5,GES530101, Tomás  Muñoz
GES5301,GestionFinanciera,5,GES530101, Pablo  Prieto
GES5301,GestionFinanciera,5,GES530101, Francisco  Moya
GES5301,GestionFinanciera,5,GES530101, Simón  García
GES5301,GestionFinanciera,5,GES530101, Leonardo  Guerra
GES5301,GestionFinanciera,5,GES530101, Sebastián  Carmona
GES5301,GestionFinanciera,5,GES530101, Andrea  Suárez
GES5301,GestionFinanciera,5,GES530101, Camila  Peralta
GES5301,GestionFinanciera,5,GES530101, Antonia  Nieto
GES5301,GestionFinanciera,5,GES530101, Juan  Cordero
