Codigo Asignatura,Nombre Asignatura,Nivel,Codigo Curso,Estudiante
SIM6301,SimulacionDiscreta,6,SIM630104, Fernanda  Gutiérrez
SIM6301,SimulacionDiscreta,6,SIM630104, Christian  Casado
SIM6301,SimulacionDiscreta,6,SIM630104, Simón  Linares
SIM6301,SimulacionDiscreta,6,SIM630104, Tomás  Vicente
SIM6301,SimulacionDiscreta,6,SIM630104, Nicolás  Martínez
SIM6301,SimulacionDiscreta,6,SIM630104, Carlos  Amaya
SIM6301,SimulacionDiscreta,6,SIM630104, Benjamín  Suárez
SIM6301,SimulacionDiscreta,6,SIM630104, Samuel  González
SIM6301,SimulacionDiscreta,6,SIM630104, Jimena  Suárez
SIM6301,SimulacionDiscreta,6,SIM630104, Pablo  Iglesias
SIM6301,SimulacionDiscreta,6,SIM630104, Clara  Herrera
SIM6301,SimulacionDiscreta,6,SIM630104, Emma  Amaya
SIM6301,SimulacionDiscreta,6,SIM630104, Tomás  Cruz
SIM6301,SimulacionDiscreta,6,SIM630104, Juan David  Rivas
SIM6301,SimulacionDiscreta,6,SIM630104, Luciana  Luque
SIM6301,SimulacionDiscreta,6,SIM630104, Esteban  Abad
SIM6301,SimulacionDiscreta,6,SIM630104, Catalina  Miranda
SIM6301,SimulacionDiscreta,6,SIM630104, Matías  Rodríguez
SIM6301,SimulacionDiscreta,6,SIM630104, Andrés  Rodríguez
SIM6301,SimulacionDiscreta,6,SIM630104, Tomás  Nieto
SIM6301,SimulacionDiscreta,6,SIM630104, Mariana  Herrera
SIM6301,SimulacionDiscreta,6,SIM630104, Agustín  Linares
SIM6301,SimulacionDiscreta,6,SIM630104, Mateo  Abad
SIM6301,SimulacionDiscreta,6,SIM630104, Emily  Herrera
SIM6301,SimulacionDiscreta,6,SIM630104, Gabriela  Guerra
