Codigo Asignatura,Nombre Asignatura,Nivel,Codigo Curso,Estudiante
SIM6301,SimulacionDiscreta,6,SIM630103, Tomás  Ferrer
SIM6301,SimulacionDiscreta,6,SIM630103, Catalina  Ríos
SIM6301,SimulacionDiscreta,6,SIM630103, Daniela  Vargas
SIM6301,SimulacionDiscreta,6,SIM630103, Clara  Castro
SIM6301,SimulacionDiscreta,6,SIM630103, Emma  Aguilar
SIM6301,SimulacionDiscreta,6,SIM630103, Victoria  Ortiz
SIM6301,SimulacionDiscreta,6,SIM630103, Simón  Moya
SIM6301,SimulacionDiscreta,6,SIM630103, Nicolás  Medina
SIM6301,SimulacionDiscreta,6,SIM630103, Santiago  González
SIM6301,SimulacionDiscreta,6,SIM630103, David  Cabello
SIM6301,SimulacionDiscreta,6,SIM630103, Andrés  Castro
SIM6301,SimulacionDiscreta,6,SIM630103, Agustín  Gallego
SIM6301,SimulacionDiscreta,6,SIM630103, Juan Pablo  Ortega
SIM6301,SimulacionDiscreta,6,SIM630103, Nicolás  Hidalgo
SIM6301,SimulacionDiscreta,6,SIM630103, Sebastián  Gil
SIM6301,SimulacionDiscreta,6,SIM630103, Luciana  Ortega
SIM6301,SimulacionDiscreta,6,SIM630103, Adriana  Varela
SIM6301,SimulacionDiscreta,6,SIM630103, Diego  Castro
SIM6301,SimulacionDiscreta,6,SIM630103, Juan David  Alonso
SIM6301,SimulacionDiscreta,6,SIM630103, Camila  Peralta
SIM6301,SimulacionDiscreta,6,SIM630103, Mateo  Cordero
SIM6301,SimulacionDiscreta,6,SIM630103, Agustín  Vicente
SIM6301,SimulacionDiscreta,6,SIM630103, Elena  Muñoz
SIM6301,SimulacionDiscreta,6,SIM630103, Daniela  Marín
SIM6301,SimulacionDiscreta,6,SIM630103, Alexander  Ortega
