Codigo Asignatura,Nombre Asignatura,Nivel,Codigo Curso,Estudiante
SIM6301,SimulacionDiscreta,6,SIM630101, Natalia  Domínguez
SIM6301,SimulacionDiscreta,6,SIM630101, Marcela  García
SIM6301,SimulacionDiscreta,6,SIM630101, Santiago  Correa
SIM6301,SimulacionDiscreta,6,SIM630101, Elena  Torres
SIM6301,SimulacionDiscreta,6,SIM630101, Mauricio  Gil
SIM6301,SimulacionDiscreta,6,SIM630101, Leonardo  Herrero
SIM6301,SimulacionDiscreta,6,SIM630101, Andrés  Carmona
SIM6301,SimulacionDiscreta,6,SIM630101, Juliana  Vargas
SIM6301,SimulacionDiscreta,6,SIM630101, Benjamín  López
SIM6301,SimulacionDiscreta,6,SIM630101, Juliana  Bravo
SIM6301,SimulacionDiscreta,6,SIM630101, Juan Pablo  Ríos
SIM6301,SimulacionDiscreta,6,SIM630101, Alejandra  Torres
SIM6301,SimulacionDiscreta,6,SIM630101, Isabella  Serrano
SIM6301,SimulacionDiscreta,6,SIM630101, Mauricio  Rubio
SIM6301,SimulacionDiscreta,6,SIM630101, Mariana  Ferrer
SIM6301,SimulacionDiscreta,6,SIM630101, Ángel  Vicente
SIM6301,SimulacionDiscreta,6,SIM630101, Sebastián  Carmona
SIM6301,SimulacionDiscreta,6,SIM630101, Daniela  Blanco
SIM6301,SimulacionDiscreta,6,SIM630101, Simón  Muñoz
SIM6301,SimulacionDiscreta,6,SIM630101, Manuel  Álvarez
SIM6301,SimulacionDiscreta,6,SIM630101, Diego  Esteban
SIM6301,SimulacionDiscreta,6,SIM630101, Mateo  Morales
SIM6301,SimulacionDiscreta,6,SIM630101, Esteban  Muñoz
SIM6301,SimulacionDiscreta,6,SIM630101, Andrea  Llorente
SIM6301,SimulacionDiscreta,6,SIM630101, Luciana  Herrero
