Codigo Asignatura,Nombre Asignatura,Nivel,Codigo Curso,Estudiante
SIM6301,SimulacionDiscreta,6,SIM630102, Ángel  Calvo
SIM6301,SimulacionDiscreta,6,SIM630102, Miguel  González
SIM6301,SimulacionDiscreta,6,SIM630102, José  Casado
SIM6301,SimulacionDiscreta,6,SIM630102, Antonia  Reyes
SIM6301,SimulacionDiscreta,6,SIM630102, Samantha  Vidal
SIM6301,SimulacionDiscreta,6,SIM630102, Sebastián  Calvo
SIM6301,SimulacionDiscreta,6,SIM630102, Miguel  Cabello
SIM6301,SimulacionDiscreta,6,SIM630102, Sebastián  González
SIM6301,SimulacionDiscreta,6,SIM630102, Daniel  Morales
SIM6301,SimulacionDiscreta,6,SIM630102, Pablo  González
SIM6301,SimulacionDiscreta,6,SIM630102, Sara  Ortiz
SIM6301,SimulacionDiscreta,6,SIM630102, Catalina  Castro
SIM6301,SimulacionDiscreta,6,SIM630102, Simón  Ortiz
SIM6301,SimulacionDiscreta,6,SIM630102, Jimena  Castro
SIM6301,SimulacionDiscreta,6,SIM630102, Isabella  Esteban
SIM6301,SimulacionDiscreta,6,SIM630102, Valentina  Marín
SIM6301,SimulacionDiscreta,6,SIM630102, Tomás  Hidalgo
SIM6301,SimulacionDiscreta,6,SIM630102, Mariana  Reyes
SIM6301,SimulacionDiscreta,6,SIM630102, Paula  Robles
SIM6301,SimulacionDiscreta,6,SIM630102, Valentina  Fernández
SIM6301,SimulacionDiscreta,6,SIM630102, Elena  Ríos
SIM6301,SimulacionDiscreta,6,SIM630102, Esteban  Molina
SIM6301,SimulacionDiscreta,6,SIM630102, Ana  Sánchez
SIM6301,SimulacionDiscreta,6,SIM630102, Ricardo  Ríos
SIM6301,SimulacionDiscreta,6,SIM630102, Agustín  Alonso
