Codigo Asignatura,Nombre Asignatura,Nivel,Codigo Curso,Estudiante
OPT4301,Optimizacion,4,OPT430101, Isabella  Pascual
OPT4301,Optimizacion,4,OPT430101, Samantha  Garrido
OPT4301,Optimizacion,4,OPT430101, Victoria  Ortiz
OPT4301,Optimizacion,4,OPT430101, Andrés  Linares
OPT4301,Optimizacion,4,OPT430101, Tomás  Hidalgo
OPT4301,Optimizacion,4,OPT430101, Tomás  Oliva
OPT4301,Optimizacion,4,OPT430101, Emilio  Delgado
OPT4301,Optimizacion,4,OPT430101, Gabriela  Cordero
OPT4301,Optimizacion,4,OPT430101, Juan David  Vidal
OPT4301,Optimizacion,4,OPT430101, Fernanda  Linares
OPT4301,Optimizacion,4,OPT430101, Clara  Soler
OPT4301,Optimizacion,4,OPT430101, Elena  Muñoz
OPT4301,Optimizacion,4,OPT430101, Juliana  Linares
OPT4301,Optimizacion,4,OPT430101, Alejandro  Medina
OPT4301,Optimizacion,4,OPT430101, Andrea  León
OPT4301,Optimizacion,4,OPT430101, Gabriela  Díaz
OPT4301,Optimizacion,4,OPT430101, Matías  Cabrera
OPT4301,Optimizacion,4,OPT430101, Emilio  Molina
OPT4301,Optimizacion,4,OPT430101, Daniela  Ramos
OPT4301,Optimizacion,4,OPT430101, Simón  Blanco
OPT4301,Optimizacion,4,OPT430101, Daniel  Nieto
OPT4301,Optimizacion,4,OPT430101, Benjamín  Aguilar
OPT4301,Optimizacion,4,OPT430101, Catalina  Ortega
OPT4301,Optimizacion,4,OPT430101, Eduardo  Soto
OPT4301,Optimizacion,4,OPT430101, Andrea  Prieto
