Codigo Asignatura,Nombre Asignatura,Nivel,Codigo Curso,Estudiante
OPT4301,Optimizacion,4,OPT430105, Cristóbal  Garrido
OPT4301,Optimizacion,4,OPT430105, Esteban  Nieto
OPT4301,Optimizacion,4,OPT430105, Jennifer  González
OPT4301,Optimizacion,4,OPT430105, Juan Pablo  Soto
OPT4301,Optimizacion,4,OPT430105, Andrés  Vázquez
OPT4301,Optimizacion,4,OPT430105, Alejandra  López
OPT4301,Optimizacion,4,OPT430105, Cristóbal  Peralta
OPT4301,Optimizacion,4,OPT430105, Samuel  Pastor
OPT4301,Optimizacion,4,OPT430105, Paula  Llorente
OPT4301,Optimizacion,4,OPT430105, Isabel  Molina
