Codigo Asignatura,Nombre Asignatura,Nivel,Codigo Curso,Estudiante
OPT4301,Optimizacion,4,OPT430104, Daniela  Sánchez
OPT4301,Optimizacion,4,OPT430104, Sebastián  Cruz
OPT4301,Optimizacion,4,OPT430104, Pablo  León
OPT4301,Optimizacion,4,OPT430104, Sara  Pastor
OPT4301,Optimizacion,4,OPT430104, Samuel  Cervantes
OPT4301,Optimizacion,4,OPT430104, Juan Pablo  Herrero
OPT4301,Optimizacion,4,OPT430104, Catalina  Ríos
OPT4301,Optimizacion,4,OPT430104, Andrea  Vidal
OPT4301,Optimizacion,4,OPT430104, Juan José  Castro
OPT4301,Optimizacion,4,OPT430104, Simón  Peralta
OPT4301,Optimizacion,4,OPT430104, Camila  Vicente
OPT4301,Optimizacion,4,OPT430104, Pablo  Pérez
OPT4301,Optimizacion,4,OPT430104, Elena  Cabello
OPT4301,Optimizacion,4,OPT430104, Catalina  Ramírez
OPT4301,Optimizacion,4,OPT430104, Paula  Nieto
OPT4301,Optimizacion,4,OPT430104, Isabel  Miranda
OPT4301,Optimizacion,4,OPT430104, José  Cordero
OPT4301,Optimizacion,4,OPT430104, Leonardo  Linares
OPT4301,Optimizacion,4,OPT430104, Lucas  Cordero
OPT4301,Optimizacion,4,OPT430104, José  Casado
OPT4301,Optimizacion,4,OPT430104, Matías  Castro
OPT4301,Optimizacion,4,OPT430104, Sofía  Gallego
OPT4301,Optimizacion,4,OPT430104, Nicolás  Martínez
OPT4301,Optimizacion,4,OPT430104, Clara  Herrera
OPT4301,Optimizacion,4,OPT430104, Andrea  Peralta
