Codigo Asignatura,Nombre Asignatura,Nivel,Codigo Curso,Estudiante
OPT4301,Optimizacion,4,OPT430102, Andrés  Calvo
OPT4301,Optimizacion,4,OPT430102, Agustín  Sánchez
OPT4301,Optimizacion,4,OPT430102, Lucas  Cortés
OPT4301,Optimizacion,4,OPT430102, Carlos  Gómez
OPT4301,Optimizacion,4,OPT430102, Carlos  Vargas
OPT4301,Optimizacion,4,OPT430102, Mauricio  Cabrera
OPT4301,Optimizacion,4,OPT430102, Antonia  Carmona
OPT4301,Optimizacion,4,OPT430102, Daniela  Santana
OPT4301,Optimizacion,4,OPT430102, Gabriela  Cabrera
OPT4301,Optimizacion,4,OPT430102, Esteban  Abad
OPT4301,Optimizacion,4,OPT430102, Gabriel  Cortés
OPT4301,Optimizacion,4,OPT430102, Francisco  Moya
OPT4301,Optimizacion,4,OPT430102, Nicolás  Amaya
OPT4301,Optimizacion,4,OPT430102, Tomás  González
OPT4301,Optimizacion,4,OPT430102, Camila  Ramos
OPT4301,Optimizacion,4,OPT430102, Natalia  Díaz
OPT4301,Optimizacion,4,OPT430102, Simón  Varela
OPT4301,Optimizacion,4,OPT430102, Luciana  Mesa
OPT4301,Optimizacion,4,OPT430102, Jimena  Serrano
OPT4301,Optimizacion,4,OPT430102, Jennifer  Arias
OPT4301,Optimizacion,4,OPT430102, Elena  Hidalgo
OPT4301,Optimizacion,4,OPT430102, Luciana  Ramos
OPT4301,Optimizacion,4,OPT430102, Santiago  Suárez
OPT4301,Optimizacion,4,OPT430102, Carolina  González
OPT4301,Optimizacion,4,OPT430102, Esteban  Soler
