Codigo Asignatura,Nombre Asignatura,Nivel,Codigo Curso,Estudiante
OPT4301,Optimizacion,4,OPT430103, Sofía  Ortega
OPT4301,Optimizacion,4,OPT430103, Daniel  Guerra
OPT4301,Optimizacion,4,OPT430103, Catalina  Martínez
OPT4301,Optimizacion,4,OPT430103, Juan  Cabello
OPT4301,Optimizacion,4,OPT430103, Felipe  Cabrera
OPT4301,Optimizacion,4,OPT430103, Ricardo  Cruz
OPT4301,Optimizacion,4,OPT430103, Santiago  Rivas
OPT4301,Optimizacion,4,OPT430103, Mateo  Gómez
OPT4301,Optimizacion,4,OPT430103, Natalia  Cordero
OPT4301,Optimizacion,4,OPT430103, Natalia  Castro
OPT4301,Optimizacion,4,OPT430103, María José  Esteban
OPT4301,Optimizacion,4,OPT430103, Alexander  Fernández
OPT4301,Optimizacion,4,OPT430103, Miguel  Fernández
OPT4301,Optimizacion,4,OPT430103, Daniela  Domínguez
OPT4301,Optimizacion,4,OPT430103, Mariana  Vázquez
OPT4301,Optimizacion,4,OPT430103, Martín  Gómez
OPT4301,Optimizacion,4,OPT430103, Agustín  Romero
OPT4301,Optimizacion,4,OPT430103, Andrea  Carretero
OPT4301,Optimizacion,4,OPT430103, Juan David  Molina
OPT4301,Optimizacion,4,OPT430103, Tomás  Ríos
OPT4301,Optimizacion,4,OPT430103, Adriana  Martínez
OPT4301,Optimizacion,4,OPT430103, Alexander  Ortega
OPT4301,Optimizacion,4,OPT430103, Samantha  Vicente
OPT4301,Optimizacion,4,OPT430103, Carlos  Carmona
OPT4301,Optimizacion,4,OPT430103, Esteban  Vicente
