Codigo Asignatura,Nombre Asignatura,Nivel,Codigo Curso,Estudiante
GES4401,GestiondeMetodosyTiempos,4,GES440104, Daniela  Sánchez
GES4401,GestiondeMetodosyTiempos,4,GES440104, Sebastián  Cruz
GES4401,GestiondeMetodosyTiempos,4,GES440104, Pablo  León
GES4401,GestiondeMetodosyTiempos,4,GES440104, Sara  Pastor
GES4401,GestiondeMetodosyTiempos,4,GES440104, Samuel  Cervantes
GES4401,GestiondeMetodosyTiempos,4,GES440104, Juan Pablo  Herrero
GES4401,GestiondeMetodosyTiempos,4,GES440104, Catalina  Ríos
GES4401,GestiondeMetodosyTiempos,4,GES440104, Andrea  Vidal
GES4401,GestiondeMetodosyTiempos,4,GES440104, Juan José  Castro
GES4401,GestiondeMetodosyTiempos,4,GES440104, Simón  Peralta
GES4401,GestiondeMetodosyTiempos,4,GES440104, Camila  Vicente
GES4401,GestiondeMetodosyTiempos,4,GES440104, Pablo  Pérez
GES4401,GestiondeMetodosyTiempos,4,GES440104, Elena  Cabello
GES4401,GestiondeMetodosyTiempos,4,GES440104, Catalina  Ramírez
GES4401,GestiondeMetodosyTiempos,4,GES440104, Paula  Nieto
GES4401,GestiondeMetodosyTiempos,4,GES440104, Isabel  Miranda
GES4401,GestiondeMetodosyTiempos,4,GES440104, José  Cordero
GES4401,GestiondeMetodosyTiempos,4,GES440104, Leonardo  Linares
GES4401,GestiondeMetodosyTiempos,4,GES440104, Lucas  Cordero
GES4401,GestiondeMetodosyTiempos,4,GES440104, José  Casado
GES4401,GestiondeMetodosyTiempos,4,GES440104, Matías  Castro
GES4401,GestiondeMetodosyTiempos,4,GES440104, Sofía  Gallego
GES4401,GestiondeMetodosyTiempos,4,GES440104, Nicolás  Martínez
GES4401,GestiondeMetodosyTiempos,4,GES440104, Clara  Herrera
GES4401,GestiondeMetodosyTiempos,4,GES440104, Andrea  Peralta
