Codigo Asignatura,Nombre Asignatura,Nivel,Codigo Curso,Estudiante
GES4401,GestiondeMetodosyTiempos,4,GES440105, Cristóbal  Garrido
GES4401,GestiondeMetodosyTiempos,4,GES440105, Esteban  Nieto
GES4401,GestiondeMetodosyTiempos,4,GES440105, Jennifer  González
GES4401,GestiondeMetodosyTiempos,4,GES440105, Juan Pablo  Soto
GES4401,GestiondeMetodosyTiempos,4,GES440105, Andrés  Vázquez
GES4401,GestiondeMetodosyTiempos,4,GES440105, Alejandra  López
GES4401,GestiondeMetodosyTiempos,4,GES440105, Cristóbal  Peralta
GES4401,GestiondeMetodosyTiempos,4,GES440105, Samuel  Pastor
GES4401,GestiondeMetodosyTiempos,4,GES440105, Paula  Llorente
GES4401,GestiondeMetodosyTiempos,4,GES440105, Isabel  Molina
