Codigo Asignatura,Nombre Asignatura,Nivel,Codigo Curso,Estudiante
GES4401,GestiondeMetodosyTiempos,4,GES440101, Isabella  Pascual
GES4401,GestiondeMetodosyTiempos,4,GES440101, Samantha  Garrido
GES4401,GestiondeMetodosyTiempos,4,GES440101, Victoria  Ortiz
GES4401,GestiondeMetodosyTiempos,4,GES440101, Andrés  Linares
GES4401,GestiondeMetodosyTiempos,4,GES440101, Tomás  Hidalgo
GES4401,GestiondeMetodosyTiempos,4,GES440101, Tomás  Oliva
GES4401,GestiondeMetodosyTiempos,4,GES440101, Emilio  Delgado
GES4401,GestiondeMetodosyTiempos,4,GES440101, Gabriela  Cordero
GES4401,GestiondeMetodosyTiempos,4,GES440101, Juan David  Vidal
GES4401,GestiondeMetodosyTiempos,4,GES440101, Fernanda  Linares
GES4401,GestiondeMetodosyTiempos,4,GES440101, Clara  Soler
GES4401,GestiondeMetodosyTiempos,4,GES440101, Elena  Muñoz
GES4401,GestiondeMetodosyTiempos,4,GES440101, Juliana  Linares
GES4401,GestiondeMetodosyTiempos,4,GES440101, Alejandro  Medina
GES4401,GestiondeMetodosyTiempos,4,GES440101, Andrea  León
GES4401,GestiondeMetodosyTiempos,4,GES440101, Gabriela  Díaz
GES4401,GestiondeMetodosyTiempos,4,GES440101, Matías  Cabrera
GES4401,GestiondeMetodosyTiempos,4,GES440101, Emilio  Molina
GES4401,GestiondeMetodosyTiempos,4,GES440101, Daniela  Ramos
GES4401,GestiondeMetodosyTiempos,4,GES440101, Simón  Blanco
GES4401,GestiondeMetodosyTiempos,4,GES440101, Daniel  Nieto
GES4401,GestiondeMetodosyTiempos,4,GES440101, Benjamín  Aguilar
GES4401,GestiondeMetodosyTiempos,4,GES440101, Catalina  Ortega
GES4401,GestiondeMetodosyTiempos,4,GES440101, Eduardo  Soto
GES4401,GestiondeMetodosyTiempos,4,GES440101, Andrea  Prieto
