Codigo Asignatura,Nombre Asignatura,Nivel,Codigo Curso,Estudiante
GES4401,GestiondeMetodosyTiempos,4,GES440103, Sofía  Ortega
GES4401,GestiondeMetodosyTiempos,4,GES440103, Daniel  Guerra
GES4401,GestiondeMetodosyTiempos,4,GES440103, Catalina  Martínez
GES4401,GestiondeMetodosyTiempos,4,GES440103, Juan  Cabello
GES4401,GestiondeMetodosyTiempos,4,GES440103, Felipe  Cabrera
GES4401,GestiondeMetodosyTiempos,4,GES440103, Ricardo  Cruz
GES4401,GestiondeMetodosyTiempos,4,GES440103, Santiago  Rivas
GES4401,GestiondeMetodosyTiempos,4,GES440103, Mateo  Gómez
GES4401,GestiondeMetodosyTiempos,4,GES440103, Natalia  Cordero
GES4401,GestiondeMetodosyTiempos,4,GES440103, Natalia  Castro
GES4401,GestiondeMetodosyTiempos,4,GES440103, María José  Esteban
GES4401,GestiondeMetodosyTiempos,4,GES440103, Alexander  Fernández
GES4401,GestiondeMetodosyTiempos,4,GES440103, Miguel  Fernández
GES4401,GestiondeMetodosyTiempos,4,GES440103, Daniela  Domínguez
GES4401,GestiondeMetodosyTiempos,4,GES440103, Mariana  Vázquez
GES4401,GestiondeMetodosyTiempos,4,GES440103, Martín  Gómez
GES4401,GestiondeMetodosyTiempos,4,GES440103, Agustín  Romero
GES4401,GestiondeMetodosyTiempos,4,GES440103, Andrea  Carretero
GES4401,GestiondeMetodosyTiempos,4,GES440103, Juan David  Molina
GES4401,GestiondeMetodosyTiempos,4,GES440103, Tomás  Ríos
GES4401,GestiondeMetodosyTiempos,4,GES440103, Adriana  Martínez
GES4401,GestiondeMetodosyTiempos,4,GES440103, Alexander  Ortega
GES4401,GestiondeMetodosyTiempos,4,GES440103, Samantha  Vicente
GES4401,GestiondeMetodosyTiempos,4,GES440103, Carlos  Carmona
GES4401,GestiondeMetodosyTiempos,4,GES440103, Esteban  Vicente
