Codigo Asignatura,Nombre Asignatura,Nivel,Codigo Curso,Estudiante
GES4401,GestiondeMetodosyTiempos,4,GES440102, Andrés  Calvo
GES4401,GestiondeMetodosyTiempos,4,GES440102, Agustín  Sánchez
GES4401,GestiondeMetodosyTiempos,4,GES440102, Lucas  Cortés
GES4401,GestiondeMetodosyTiempos,4,GES440102, Carlos  Gómez
GES4401,GestiondeMetodosyTiempos,4,GES440102, Carlos  Vargas
GES4401,GestiondeMetodosyTiempos,4,GES440102, Mauricio  Cabrera
GES4401,GestiondeMetodosyTiempos,4,GES440102, Antonia  Carmona
GES4401,GestiondeMetodosyTiempos,4,GES440102, Daniela  Santana
GES4401,GestiondeMetodosyTiempos,4,GES440102, Gabriela  Cabrera
GES4401,GestiondeMetodosyTiempos,4,GES440102, Esteban  Abad
GES4401,GestiondeMetodosyTiempos,4,GES440102, Gabriel  Cortés
GES4401,GestiondeMetodosyTiempos,4,GES440102, Francisco  Moya
GES4401,GestiondeMetodosyTiempos,4,GES440102, Nicolás  Amaya
GES4401,GestiondeMetodosyTiempos,4,GES440102, Tomás  González
GES4401,GestiondeMetodosyTiempos,4,GES440102, Camila  Ramos
GES4401,GestiondeMetodosyTiempos,4,GES440102, Natalia  Díaz
GES4401,GestiondeMetodosyTiempos,4,GES440102, Simón  Varela
GES4401,GestiondeMetodosyTiempos,4,GES440102, Luciana  Mesa
GES4401,GestiondeMetodosyTiempos,4,GES440102, Jimena  Serrano
GES4401,GestiondeMetodosyTiempos,4,GES440102, Jennifer  Arias
GES4401,GestiondeMetodosyTiempos,4,GES440102, Elena  Hidalgo
GES4401,GestiondeMetodosyTiempos,4,GES440102, Luciana  Ramos
GES4401,GestiondeMetodosyTiempos,4,GES440102, Santiago  Suárez
GES4401,GestiondeMetodosyTiempos,4,GES440102, Carolina  González
GES4401,GestiondeMetodosyTiempos,4,GES440102, Esteban  Soler
