Codigo Asignatura,Nombre Asignatura,Nivel,Codigo Curso,Estudiante
ALG2301,AlgebraLineal,2,ALG230102, Benjamín  Suárez
ALG2301,AlgebraLineal,2,ALG230102, Andrés  Ramos
ALG2301,AlgebraLineal,2,ALG230102, Lucía  Vega
ALG2301,AlgebraLineal,2,ALG230102, Daniela  Ramos
ALG2301,AlgebraLineal,2,ALG230102, Pablo  León
ALG2301,AlgebraLineal,2,ALG230102, Benjamín  Rubio
ALG2301,AlgebraLineal,2,ALG230102, Ángel  López
ALG2301,AlgebraLineal,2,ALG230102, Lucía  Rivas
ALG2301,AlgebraLineal,2,ALG230102, Natalia  Díaz
ALG2301,AlgebraLineal,2,ALG230102, Sebastián  Calvo
ALG2301,AlgebraLineal,2,ALG230102, Samantha  Vicente
ALG2301,AlgebraLineal,2,ALG230102, Catalina  Miranda
ALG2301,AlgebraLineal,2,ALG230102, Javier  Calvo
ALG2301,AlgebraLineal,2,ALG230102, Carolina  Carretero
ALG2301,AlgebraLineal,2,ALG230102, Christian  Casado
ALG2301,AlgebraLineal,2,ALG230102, Elena  Ríos
ALG2301,AlgebraLineal,2,ALG230102, Elena  Carmona
ALG2301,AlgebraLineal,2,ALG230102, Sebastián  Alonso
ALG2301,AlgebraLineal,2,ALG230102, Elizabeth  Linares
ALG2301,AlgebraLineal,2,ALG230102, Carlos  Peralta
ALG2301,AlgebraLineal,2,ALG230102, Carolina  Navarro
ALG2301,AlgebraLineal,2,ALG230102, Andrea  Peralta
ALG2301,AlgebraLineal,2,ALG230102, Lucas  Pérez
ALG2301,AlgebraLineal,2,ALG230102, Isabella  Luque
ALG2301,AlgebraLineal,2,ALG230102, Carlos  Gómez
ALG2301,AlgebraLineal,2,ALG230102, Andrea  Medina
ALG2301,AlgebraLineal,2,ALG230102, Ángel  Mesa
ALG2301,AlgebraLineal,2,ALG230102, Andrea  Casado
ALG2301,AlgebraLineal,2,ALG230102, Andrés  Vicente
ALG2301,AlgebraLineal,2,ALG230102, Natalia  Cabello
