Codigo Asignatura,Nombre Asignatura,Nivel,Codigo Curso,Estudiante
ALG2301,AlgebraLineal,2,ALG230101, Francisco  Gil
ALG2301,AlgebraLineal,2,ALG230101, Andrés  Miranda
ALG2301,AlgebraLineal,2,ALG230101, Tomás  Ríos
ALG2301,AlgebraLineal,2,ALG230101, Natalia  León
ALG2301,AlgebraLineal,2,ALG230101, Valentina  Molina
ALG2301,AlgebraLineal,2,ALG230101, Clara  Herrera
ALG2301,AlgebraLineal,2,ALG230101, Juan Pablo  Amaya
ALG2301,AlgebraLineal,2,ALG230101, Santiago  Suárez
ALG2301,AlgebraLineal,2,ALG230101, Pablo  Prieto
ALG2301,AlgebraLineal,2,ALG230101, Valeria  Cabello
ALG2301,AlgebraLineal,2,ALG230101, Ricardo  Suárez
ALG2301,AlgebraLineal,2,ALG230101, Miguel  González
ALG2301,AlgebraLineal,2,ALG230101, Mariana  Alonso
ALG2301,AlgebraLineal,2,ALG230101, Martín  Gómez
ALG2301,AlgebraLineal,2,ALG230101, Juan José  Fernández
ALG2301,AlgebraLineal,2,ALG230101, Andrea  Ortega
ALG2301,AlgebraLineal,2,ALG230101, Catalina  Calvo
ALG2301,AlgebraLineal,2,ALG230101, Paula  Vidal
ALG2301,AlgebraLineal,2,ALG230101, Tomás  Iglesias
ALG2301,AlgebraLineal,2,ALG230101, Gabriel  Pastor
ALG2301,AlgebraLineal,2,ALG230101, Luciana  Garrido
ALG2301,AlgebraLineal,2,ALG230101, Samantha  Garrido
ALG2301,AlgebraLineal,2,ALG230101, Eduardo  Morales
ALG2301,AlgebraLineal,2,ALG230101, Samuel  González
ALG2301,AlgebraLineal,2,ALG230101, Alexander  Cervantes
ALG2301,AlgebraLineal,2,ALG230101, Andrés  Correa
ALG2301,AlgebraLineal,2,ALG230101, Paula  Álvarez
ALG2301,AlgebraLineal,2,ALG230101, Elizabeth  Benítez
ALG2301,AlgebraLineal,2,ALG230101, Alejandro  Alonso
ALG2301,AlgebraLineal,2,ALG230101, Andrés  Martínez
