Codigo Asignatura,Nombre Asignatura,Nivel,Codigo Curso,Estudiante
ALG2301,AlgebraLineal,2,ALG230104, Emily  Herrera
ALG2301,AlgebraLineal,2,ALG230104, Emily  Casado
ALG2301,AlgebraLineal,2,ALG230104, Pablo  Miranda
ALG2301,AlgebraLineal,2,ALG230104, Sebastián  Gutiérrez
ALG2301,AlgebraLineal,2,ALG230104, Alejandra  Linares
ALG2301,AlgebraLineal,2,ALG230104, Marcela  Vicente
ALG2301,AlgebraLineal,2,ALG230104, Luciana  Ortega
ALG2301,AlgebraLineal,2,ALG230104, Isabella  González
ALG2301,AlgebraLineal,2,ALG230104, Luciana  Herrero
ALG2301,AlgebraLineal,2,ALG230104, Juan  Vega
ALG2301,AlgebraLineal,2,ALG230104, Emily  Gallego
ALG2301,AlgebraLineal,2,ALG230104, Diego  Mesa
ALG2301,AlgebraLineal,2,ALG230104, José  Cruz
ALG2301,AlgebraLineal,2,ALG230104, María  Morales
ALG2301,AlgebraLineal,2,ALG230104, Andrea  Pastor
ALG2301,AlgebraLineal,2,ALG230104, Alexander  Cabrera
ALG2301,AlgebraLineal,2,ALG230104, Mauricio  Rubio
ALG2301,AlgebraLineal,2,ALG230104, Lucas  Suárez
ALG2301,AlgebraLineal,2,ALG230104, David  Cabello
ALG2301,AlgebraLineal,2,ALG230104, Andrea  Carretero
ALG2301,AlgebraLineal,2,ALG230104, Eduardo  Pascual
ALG2301,AlgebraLineal,2,ALG230104, Antonella  Álvarez
ALG2301,AlgebraLineal,2,ALG230104, Tomás  Nieto
ALG2301,AlgebraLineal,2,ALG230104, Javier  Llorente
ALG2301,AlgebraLineal,2,ALG230104, Esteban  Casado
ALG2301,AlgebraLineal,2,ALG230104, Benjamín  León
ALG2301,AlgebraLineal,2,ALG230104, Ricardo  Vidal
ALG2301,AlgebraLineal,2,ALG230104, Juan Pablo  Muñoz
ALG2301,AlgebraLineal,2,ALG230104, Isabel  Moya
ALG2301,AlgebraLineal,2,ALG230104, Mariana  Ferrer
