Codigo Asignatura,Nombre Asignatura,Nivel,Codigo Curso,Estudiante
ALG2301,AlgebraLineal,2,ALG230103, Ricardo  Cabello
ALG2301,AlgebraLineal,2,ALG230103, Daniela  Vargas
ALG2301,AlgebraLineal,2,ALG230103, Natalia  Cordero
ALG2301,AlgebraLineal,2,ALG230103, Francisco  Santana
ALG2301,AlgebraLineal,2,ALG230103, Isabel  Molina
ALG2301,AlgebraLineal,2,ALG230103, Gabriel  Medina
ALG2301,AlgebraLineal,2,ALG230103, Simón  Muñoz
ALG2301,AlgebraLineal,2,ALG230103, Miguel  Guerra
ALG2301,AlgebraLineal,2,ALG230103, Andrea  Abad
ALG2301,AlgebraLineal,2,ALG230103, Santiago  Alonso
ALG2301,AlgebraLineal,2,ALG230103, Natalia  Peralta
ALG2301,AlgebraLineal,2,ALG230103, Adriana  Mesa
ALG2301,AlgebraLineal,2,ALG230103, Eduardo  Llorente
ALG2301,AlgebraLineal,2,ALG230103, Valentina  Rubio
ALG2301,AlgebraLineal,2,ALG230103, Emma  Romero
ALG2301,AlgebraLineal,2,ALG230103, Antonella  Ochoa
ALG2301,AlgebraLineal,2,ALG230103, Laura  Ramos
ALG2301,AlgebraLineal,2,ALG230103, Andrés  Linares
ALG2301,AlgebraLineal,2,ALG230103, Simón  Suárez
ALG2301,AlgebraLineal,2,ALG230103, Matías  Rodríguez
ALG2301,AlgebraLineal,2,ALG230103, Martín  Carretero
ALG2301,AlgebraLineal,2,ALG230103, Antonia  Sánchez
ALG2301,AlgebraLineal,2,ALG230103, Mauricio  Peralta
ALG2301,AlgebraLineal,2,ALG230103, Paula  Robles
ALG2301,AlgebraLineal,2,ALG230103, David  Robles
ALG2301,AlgebraLineal,2,ALG230103, Andrés  Calvo
ALG2301,AlgebraLineal,2,ALG230103, María  Correa
ALG2301,AlgebraLineal,2,ALG230103, Natalia  Vega
ALG2301,AlgebraLineal,2,ALG230103, Manuel  Molina
ALG2301,AlgebraLineal,2,ALG230103, Ricardo  Herrero
