Codigo Asignatura,Nombre Asignatura,Nivel,Codigo Curso,Estudiante
ALG2301,AlgebraLineal,2,ALG230105, María José  Calvo
ALG2301,AlgebraLineal,2,ALG230105, Adriana  Guerra
ALG2301,AlgebraLineal,2,ALG230105, Mateo  Rivas
ALG2301,AlgebraLineal,2,ALG230105, Daniela  Benítez
ALG2301,AlgebraLineal,2,ALG230105, Miguel  Linares
ALG2301,AlgebraLineal,2,ALG230105, Simón  Ramos
ALG2301,AlgebraLineal,2,ALG230105, Francisco  Cabrera
ALG2301,AlgebraLineal,2,ALG230105, Antonella  Cordero
ALG2301,AlgebraLineal,2,ALG230105, Luciana  Marín
ALG2301,AlgebraLineal,2,ALG230105, Felipe  González
