Codigo Asignatura,Nombre Asignatura,Nivel,Codigo Curso,Estudiante
LEG6301,Legislacion,6,LEG630102, Ángel  Calvo
LEG6301,Legislacion,6,LEG630102, Miguel  González
LEG6301,Legislacion,6,LEG630102, José  Casado
LEG6301,Legislacion,6,LEG630102, Antonia  Reyes
LEG6301,Legislacion,6,LEG630102, Samantha  Vidal
LEG6301,Legislacion,6,LEG630102, Sebastián  Calvo
LEG6301,Legislacion,6,LEG630102, Miguel  Cabello
LEG6301,Legislacion,6,LEG630102, Sebastián  González
LEG6301,Legislacion,6,LEG630102, Daniel  Morales
LEG6301,Legislacion,6,LEG630102, Pablo  González
LEG6301,Legislacion,6,LEG630102, Sara  Ortiz
LEG6301,Legislacion,6,LEG630102, Catalina  Castro
LEG6301,Legislacion,6,LEG630102, Simón  Ortiz
LEG6301,Legislacion,6,LEG630102, Jimena  Castro
LEG6301,Legislacion,6,LEG630102, Isabella  Esteban
LEG6301,Legislacion,6,LEG630102, Valentina  Marín
LEG6301,Legislacion,6,LEG630102, Tomás  Hidalgo
LEG6301,Legislacion,6,LEG630102, Mariana  Reyes
LEG6301,Legislacion,6,LEG630102, Paula  Robles
LEG6301,Legislacion,6,LEG630102, Valentina  Fernández
LEG6301,Legislacion,6,LEG630102, Elena  Ríos
LEG6301,Legislacion,6,LEG630102, Esteban  Molina
LEG6301,Legislacion,6,LEG630102, Ana  Sánchez
LEG6301,Legislacion,6,LEG630102, Ricardo  Ríos
LEG6301,Legislacion,6,LEG630102, Agustín  Alonso
