Codigo Asignatura,Nombre Asignatura,Nivel,Codigo Curso,Estudiante
LEG6301,Legislacion,6,LEG630103, Tomás  Ferrer
LEG6301,Legislacion,6,LEG630103, Catalina  Ríos
LEG6301,Legislacion,6,LEG630103, Daniela  Vargas
LEG6301,Legislacion,6,LEG630103, Clara  Castro
LEG6301,Legislacion,6,LEG630103, Emma  Aguilar
LEG6301,Legislacion,6,LEG630103, Victoria  Ortiz
LEG6301,Legislacion,6,LEG630103, Simón  Moya
LEG6301,Legislacion,6,LEG630103, Nicolás  Medina
LEG6301,Legislacion,6,LEG630103, Santiago  González
LEG6301,Legislacion,6,LEG630103, David  Cabello
LEG6301,Legislacion,6,LEG630103, Andrés  Castro
LEG6301,Legislacion,6,LEG630103, Agustín  Gallego
LEG6301,Legislacion,6,LEG630103, Juan Pablo  Ortega
LEG6301,Legislacion,6,LEG630103, Nicolás  Hidalgo
LEG6301,Legislacion,6,LEG630103, Sebastián  Gil
LEG6301,Legislacion,6,LEG630103, Luciana  Ortega
LEG6301,Legislacion,6,LEG630103, Adriana  Varela
LEG6301,Legislacion,6,LEG630103, Diego  Castro
LEG6301,Legislacion,6,LEG630103, Juan David  Alonso
LEG6301,Legislacion,6,LEG630103, Camila  Peralta
LEG6301,Legislacion,6,LEG630103, Mateo  Cordero
LEG6301,Legislacion,6,LEG630103, Agustín  Vicente
LEG6301,Legislacion,6,LEG630103, Elena  Muñoz
LEG6301,Legislacion,6,LEG630103, Daniela  Marín
LEG6301,Legislacion,6,LEG630103, Alexander  Ortega
