Codigo Asignatura,Nombre Asignatura,Nivel,Codigo Curso,Estudiante
LEG6301,Legislacion,6,LEG630104, Fernanda  Gutiérrez
LEG6301,Legislacion,6,LEG630104, Christian  Casado
LEG6301,Legislacion,6,LEG630104, Simón  Linares
LEG6301,Legislacion,6,LEG630104, Tomás  Vicente
LEG6301,Legislacion,6,LEG630104, Nicolás  Martínez
LEG6301,Legislacion,6,LEG630104, Carlos  Amaya
LEG6301,Legislacion,6,LEG630104, Benjamín  Suárez
LEG6301,Legislacion,6,LEG630104, Samuel  González
LEG6301,Legislacion,6,LEG630104, Jimena  Suárez
LEG6301,Legislacion,6,LEG630104, Pablo  Iglesias
LEG6301,Legislacion,6,LEG630104, Clara  Herrera
LEG6301,Legislacion,6,LEG630104, Emma  Amaya
LEG6301,Legislacion,6,LEG630104, Tomás  Cruz
LEG6301,Legislacion,6,LEG630104, Juan David  Rivas
LEG6301,Legislacion,6,LEG630104, Luciana  Luque
LEG6301,Legislacion,6,LEG630104, Esteban  Abad
LEG6301,Legislacion,6,LEG630104, Catalina  Miranda
LEG6301,Legislacion,6,LEG630104, Matías  Rodríguez
LEG6301,Legislacion,6,LEG630104, Andrés  Rodríguez
LEG6301,Legislacion,6,LEG630104, Tomás  Nieto
LEG6301,Legislacion,6,LEG630104, Mariana  Herrera
LEG6301,Legislacion,6,LEG630104, Agustín  Linares
LEG6301,Legislacion,6,LEG630104, Mateo  Abad
LEG6301,Legislacion,6,LEG630104, Emily  Herrera
LEG6301,Legislacion,6,LEG630104, Gabriela  Guerra
