Codigo Asignatura,Nombre Asignatura,Nivel,Codigo Curso,Estudiante
LEG6301,Legislacion,6,LEG630101, Natalia  Domínguez
LEG6301,Legislacion,6,LEG630101, Marcela  García
LEG6301,Legislacion,6,LEG630101, Santiago  Correa
LEG6301,Legislacion,6,LEG630101, Elena  Torres
LEG6301,Legislacion,6,LEG630101, Mauricio  Gil
LEG6301,Legislacion,6,LEG630101, Leonardo  Herrero
LEG6301,Legislacion,6,LEG630101, Andrés  Carmona
LEG6301,Legislacion,6,LEG630101, Juliana  Vargas
LEG6301,Legislacion,6,LEG630101, Benjamín  López
LEG6301,Legislacion,6,LEG630101, Juliana  Bravo
LEG6301,Legislacion,6,LEG630101, Juan Pablo  Ríos
LEG6301,Legislacion,6,LEG630101, Alejandra  Torres
LEG6301,Legislacion,6,LEG630101, Isabella  Serrano
LEG6301,Legislacion,6,LEG630101, Mauricio  Rubio
LEG6301,Legislacion,6,LEG630101, Mariana  Ferrer
LEG6301,Legislacion,6,LEG630101, Ángel  Vicente
LEG6301,Legislacion,6,LEG630101, Sebastián  Carmona
LEG6301,Legislacion,6,LEG630101, Daniela  Blanco
LEG6301,Legislacion,6,LEG630101, Simón  Muñoz
LEG6301,Legislacion,6,LEG630101, Manuel  Álvarez
LEG6301,Legislacion,6,LEG630101, Diego  Esteban
LEG6301,Legislacion,6,LEG630101, Mateo  Morales
LEG6301,Legislacion,6,LEG630101, Esteban  Muñoz
LEG6301,Legislacion,6,LEG630101, Andrea  Llorente
LEG6301,Legislacion,6,LEG630101, Luciana  Herrero
