Codigo Asignatura,Nombre Asignatura,Nivel,Codigo Curso,Estudiante
GES5301,GestionporProcesos,5,GES530104, Samantha  Garrido
GES5301,GestionporProcesos,5,GES530104, Marcela  Cortés
GES5301,GestionporProcesos,5,GES530104, Daniel  Pérez
GES5301,GestionporProcesos,5,GES530104, Jennifer  Alonso
GES5301,GestionporProcesos,5,GES530104, Martín  Pastor
GES5301,GestionporProcesos,5,GES530104, Jennifer  Amaya
GES5301,GestionporProcesos,5,GES530104, Alexander  Ortega
GES5301,GestionporProcesos,5,GES530104, Sara  Ortiz
GES5301,GestionporProcesos,5,GES530104, Santiago  Prieto
GES5301,GestionporProcesos,5,GES530104, Clara  Herrera
GES5301,GestionporProcesos,5,GES530104, Isabella  González
GES5301,GestionporProcesos,5,GES530104, Alexander  Vidal
GES5301,GestionporProcesos,5,GES530104, Felipe  Domínguez
GES5301,GestionporProcesos,5,GES530104, Alejandra  Torres
GES5301,GestionporProcesos,5,GES530104, Juan David  Gil
GES5301,GestionporProcesos,5,GES530104, Antonia  Herrera
GES5301,GestionporProcesos,5,GES530104, Natalia  Hidalgo
GES5301,GestionporProcesos,5,GES530104, Ricardo  Cabello
GES5301,GestionporProcesos,5,GES530104, Lucas  Serrano
GES5301,GestionporProcesos,5,GES530104, Victoria  Varela
GES5301,GestionporProcesos,5,GES530104, Catalina  Martínez
GES5301,GestionporProcesos,5,GES530104, Andrea  López
GES5301,GestionporProcesos,5,GES530104, Alejandra  Aguilar
GES5301,GestionporProcesos,5,GES530104, Alejandra  Peralta
GES5301,GestionporProcesos,5,GES530104, Jennifer  Arias
