Codigo Asignatura,Nombre Asignatura,Nivel,Codigo Curso,Estudiante
GES5301,GestionporProcesos,5,GES530102, Catalina  Rubio
GES5301,GestionporProcesos,5,GES530102, Emily  Rivas
GES5301,GestionporProcesos,5,GES530102, Paula  Vargas
GES5301,GestionporProcesos,5,GES530102, Pablo  Guerra
GES5301,GestionporProcesos,5,GES530102, Eduardo  Pascual
GES5301,GestionporProcesos,5,GES530102, Andrea  Carretero
GES5301,GestionporProcesos,5,GES530102, Lucía  Moreno
GES5301,GestionporProcesos,5,GES530102, Tomás  Hidalgo
GES5301,GestionporProcesos,5,GES530102, Samuel  Pastor
GES5301,GestionporProcesos,5,GES530102, Agustín  Gallego
GES5301,GestionporProcesos,5,GES530102, Gabriela  Moreno
GES5301,GestionporProcesos,5,GES530102, Alejandra  Vidal
GES5301,GestionporProcesos,5,GES530102, Alejandra  García
GES5301,GestionporProcesos,5,GES530102, Santiago  Bravo
GES5301,GestionporProcesos,5,GES530102, Andrés  Herrera
GES5301,GestionporProcesos,5,GES530102, Valentina  Bravo
GES5301,GestionporProcesos,5,GES530102, Diego  Ortega
GES5301,GestionporProcesos,5,GES530102, Marcela  Abad
GES5301,GestionporProcesos,5,GES530102, Agustín  Linares
GES5301,GestionporProcesos,5,GES530102, Andrea  Correa
GES5301,GestionporProcesos,5,GES530102, Daniela  Muñoz
GES5301,GestionporProcesos,5,GES530102, Sara  Molina
GES5301,GestionporProcesos,5,GES530102, Alejandro  Alonso
GES5301,GestionporProcesos,5,GES530102, José  Cruz
GES5301,GestionporProcesos,5,GES530102, Emily  Ortiz
