Codigo Asignatura,Nombre Asignatura,Nivel,Codigo Curso,Estudiante
FOR6301,FormulaciondeProyectosdeInvestigacion,6,FOR630101, Natalia  Domínguez
FOR6301,FormulaciondeProyectosdeInvestigacion,6,FOR630101, Marcela  García
FOR6301,FormulaciondeProyectosdeInvestigacion,6,FOR630101, Santiago  Correa
FOR6301,FormulaciondeProyectosdeInvestigacion,6,FOR630101, Elena  Torres
FOR6301,FormulaciondeProyectosdeInvestigacion,6,FOR630101, Mauricio  Gil
FOR6301,FormulaciondeProyectosdeInvestigacion,6,FOR630101, Leonardo  Herrero
FOR6301,FormulaciondeProyectosdeInvestigacion,6,FOR630101, Andrés  Carmona
FOR6301,FormulaciondeProyectosdeInvestigacion,6,FOR630101, Juliana  Vargas
FOR6301,FormulaciondeProyectosdeInvestigacion,6,FOR630101, Benjamín  López
FOR6301,FormulaciondeProyectosdeInvestigacion,6,FOR630101, Juliana  Bravo
FOR6301,FormulaciondeProyectosdeInvestigacion,6,FOR630101, Juan Pablo  Ríos
FOR6301,FormulaciondeProyectosdeInvestigacion,6,FOR630101, Alejandra  Torres
FOR6301,FormulaciondeProyectosdeInvestigacion,6,FOR630101, Isabella  Serrano
FOR6301,FormulaciondeProyectosdeInvestigacion,6,FOR630101, Mauricio  Rubio
FOR6301,FormulaciondeProyectosdeInvestigacion,6,FOR630101, Mariana  Ferrer
FOR6301,FormulaciondeProyectosdeInvestigacion,6,FOR630101, Ángel  Vicente
FOR6301,FormulaciondeProyectosdeInvestigacion,6,FOR630101, Sebastián  Carmona
FOR6301,FormulaciondeProyectosdeInvestigacion,6,FOR630101, Daniela  Blanco
FOR6301,FormulaciondeProyectosdeInvestigacion,6,FOR630101, Simón  Muñoz
FOR6301,FormulaciondeProyectosdeInvestigacion,6,FOR630101, Manuel  Álvarez
FOR6301,FormulaciondeProyectosdeInvestigacion,6,FOR630101, Diego  Esteban
FOR6301,FormulaciondeProyectosdeInvestigacion,6,FOR630101, Mateo  Morales
FOR6301,FormulaciondeProyectosdeInvestigacion,6,FOR630101, Esteban  Muñoz
FOR6301,FormulaciondeProyectosdeInvestigacion,6,FOR630101, Andrea  Llorente
FOR6301,FormulaciondeProyectosdeInvestigacion,6,FOR630101, Luciana  Herrero
