Codigo Asignatura,Nombre Asignatura,Nivel,Codigo Curso,Estudiante
FOR6301,FormulaciondeProyectosdeInvestigacion,6,FOR630104, Fernanda  Gutiérrez
FOR6301,FormulaciondeProyectosdeInvestigacion,6,FOR630104, Christian  Casado
FOR6301,FormulaciondeProyectosdeInvestigacion,6,FOR630104, Simón  Linares
FOR6301,FormulaciondeProyectosdeInvestigacion,6,FOR630104, Tomás  Vicente
FOR6301,FormulaciondeProyectosdeInvestigacion,6,FOR630104, Nicolás  Martínez
FOR6301,FormulaciondeProyectosdeInvestigacion,6,FOR630104, Carlos  Amaya
FOR6301,FormulaciondeProyectosdeInvestigacion,6,FOR630104, Benjamín  Suárez
FOR6301,FormulaciondeProyectosdeInvestigacion,6,FOR630104, Samuel  González
FOR6301,FormulaciondeProyectosdeInvestigacion,6,FOR630104, Jimena  Suárez
FOR6301,FormulaciondeProyectosdeInvestigacion,6,FOR630104, Pablo  Iglesias
FOR6301,FormulaciondeProyectosdeInvestigacion,6,FOR630104, Clara  Herrera
FOR6301,FormulaciondeProyectosdeInvestigacion,6,FOR630104, Emma  Amaya
FOR6301,FormulaciondeProyectosdeInvestigacion,6,FOR630104, Tomás  Cruz
FOR6301,FormulaciondeProyectosdeInvestigacion,6,FOR630104, Juan David  Rivas
FOR6301,FormulaciondeProyectosdeInvestigacion,6,FOR630104, Luciana  Luque
FOR6301,FormulaciondeProyectosdeInvestigacion,6,FOR630104, Esteban  Abad
FOR6301,FormulaciondeProyectosdeInvestigacion,6,FOR630104, Catalina  Miranda
FOR6301,FormulaciondeProyectosdeInvestigacion,6,FOR630104, Matías  Rodríguez
FOR6301,FormulaciondeProyectosdeInvestigacion,6,FOR630104, Andrés  Rodríguez
FOR6301,FormulaciondeProyectosdeInvestigacion,6,FOR630104, Tomás  Nieto
FOR6301,FormulaciondeProyectosdeInvestigacion,6,FOR630104, Mariana  Herrera
FOR6301,FormulaciondeProyectosdeInvestigacion,6,FOR630104, Agustín  Linares
FOR6301,FormulaciondeProyectosdeInvestigacion,6,FOR630104, Mateo  Abad
FOR6301,FormulaciondeProyectosdeInvestigacion,6,FOR630104, Emily  Herrera
FOR6301,FormulaciondeProyectosdeInvestigacion,6,FOR630104, Gabriela  Guerra
