Codigo Asignatura,Nombre Asignatura,Nivel,Codigo Curso,Estudiante
FOR6301,FormulaciondeProyectosdeInvestigacion,6,FOR630102, Ángel  Calvo
FOR6301,FormulaciondeProyectosdeInvestigacion,6,FOR630102, Miguel  González
FOR6301,FormulaciondeProyectosdeInvestigacion,6,FOR630102, José  Casado
FOR6301,FormulaciondeProyectosdeInvestigacion,6,FOR630102, Antonia  Reyes
FOR6301,FormulaciondeProyectosdeInvestigacion,6,FOR630102, Samantha  Vidal
FOR6301,FormulaciondeProyectosdeInvestigacion,6,FOR630102, Sebastián  Calvo
FOR6301,FormulaciondeProyectosdeInvestigacion,6,FOR630102, Miguel  Cabello
FOR6301,FormulaciondeProyectosdeInvestigacion,6,FOR630102, Sebastián  González
FOR6301,FormulaciondeProyectosdeInvestigacion,6,FOR630102, Daniel  Morales
FOR6301,FormulaciondeProyectosdeInvestigacion,6,FOR630102, Pablo  González
FOR6301,FormulaciondeProyectosdeInvestigacion,6,FOR630102, Sara  Ortiz
FOR6301,FormulaciondeProyectosdeInvestigacion,6,FOR630102, Catalina  Castro
FOR6301,FormulaciondeProyectosdeInvestigacion,6,FOR630102, Simón  Ortiz
FOR6301,FormulaciondeProyectosdeInvestigacion,6,FOR630102, Jimena  Castro
FOR6301,FormulaciondeProyectosdeInvestigacion,6,FOR630102, Isabella  Esteban
FOR6301,FormulaciondeProyectosdeInvestigacion,6,FOR630102, Valentina  Marín
FOR6301,FormulaciondeProyectosdeInvestigacion,6,FOR630102, Tomás  Hidalgo
FOR6301,FormulaciondeProyectosdeInvestigacion,6,FOR630102, Mariana  Reyes
FOR6301,FormulaciondeProyectosdeInvestigacion,6,FOR630102, Paula  Robles
FOR6301,FormulaciondeProyectosdeInvestigacion,6,FOR630102, Valentina  Fernández
FOR6301,FormulaciondeProyectosdeInvestigacion,6,FOR630102, Elena  Ríos
FOR6301,FormulaciondeProyectosdeInvestigacion,6,FOR630102, Esteban  Molina
FOR6301,FormulaciondeProyectosdeInvestigacion,6,FOR630102, Ana  Sánchez
FOR6301,FormulaciondeProyectosdeInvestigacion,6,FOR630102, Ricardo  Ríos
FOR6301,FormulaciondeProyectosdeInvestigacion,6,FOR630102, Agustín  Alonso
