Codigo Asignatura,Nombre Asignatura,Nivel,Codigo Curso,Estudiante
FOR6301,FormulaciondeProyectosdeInvestigacion,6,FOR630103, Tomás  Ferrer
FOR6301,FormulaciondeProyectosdeInvestigacion,6,FOR630103, Catalina  Ríos
FOR6301,FormulaciondeProyectosdeInvestigacion,6,FOR630103, Daniela  Vargas
FOR6301,FormulaciondeProyectosdeInvestigacion,6,FOR630103, Clara  Castro
FOR6301,FormulaciondeProyectosdeInvestigacion,6,FOR630103, Emma  Aguilar
FOR6301,FormulaciondeProyectosdeInvestigacion,6,FOR630103, Victoria  Ortiz
FOR6301,FormulaciondeProyectosdeInvestigacion,6,FOR630103, Simón  Moya
FOR6301,FormulaciondeProyectosdeInvestigacion,6,FOR630103, Nicolás  Medina
FOR6301,FormulaciondeProyectosdeInvestigacion,6,FOR630103, Santiago  González
FOR6301,FormulaciondeProyectosdeInvestigacion,6,FOR630103, David  Cabello
FOR6301,FormulaciondeProyectosdeInvestigacion,6,FOR630103, Andrés  Castro
FOR6301,FormulaciondeProyectosdeInvestigacion,6,FOR630103, Agustín  Gallego
FOR6301,FormulaciondeProyectosdeInvestigacion,6,FOR630103, Juan Pablo  Ortega
FOR6301,FormulaciondeProyectosdeInvestigacion,6,FOR630103, Nicolás  Hidalgo
FOR6301,FormulaciondeProyectosdeInvestigacion,6,FOR630103, Sebastián  Gil
FOR6301,FormulaciondeProyectosdeInvestigacion,6,FOR630103, Luciana  Ortega
FOR6301,FormulaciondeProyectosdeInvestigacion,6,FOR630103, Adriana  Varela
FOR6301,FormulaciondeProyectosdeInvestigacion,6,FOR630103, Diego  Castro
FOR6301,FormulaciondeProyectosdeInvestigacion,6,FOR630103, Juan David  Alonso
FOR6301,FormulaciondeProyectosdeInvestigacion,6,FOR630103, Camila  Peralta
FOR6301,FormulaciondeProyectosdeInvestigacion,6,FOR630103, Mateo  Cordero
FOR6301,FormulaciondeProyectosdeInvestigacion,6,FOR630103, Agustín  Vicente
FOR6301,FormulaciondeProyectosdeInvestigacion,6,FOR630103, Elena  Muñoz
FOR6301,FormulaciondeProyectosdeInvestigacion,6,FOR630103, Daniela  Marín
FOR6301,FormulaciondeProyectosdeInvestigacion,6,FOR630103, Alexander  Ortega
