Codigo Asignatura,Nombre Asignatura,Nivel,Codigo Curso,Estudiante
ING4301,IngenieriaEconomica,4,ING430104, Daniela  Sánchez
ING4301,IngenieriaEconomica,4,ING430104, Sebastián  Cruz
ING4301,IngenieriaEconomica,4,ING430104, Pablo  León
ING4301,IngenieriaEconomica,4,ING430104, Sara  Pastor
ING4301,IngenieriaEconomica,4,ING430104, Samuel  Cervantes
ING4301,IngenieriaEconomica,4,ING430104, Juan Pablo  Herrero
ING4301,IngenieriaEconomica,4,ING430104, Catalina  Ríos
ING4301,IngenieriaEconomica,4,ING430104, Andrea  Vidal
ING4301,IngenieriaEconomica,4,ING430104, Juan José  Castro
ING4301,IngenieriaEconomica,4,ING430104, Simón  Peralta
ING4301,IngenieriaEconomica,4,ING430104, Camila  Vicente
ING4301,IngenieriaEconomica,4,ING430104, Pablo  Pérez
ING4301,IngenieriaEconomica,4,ING430104, Elena  Cabello
ING4301,IngenieriaEconomica,4,ING430104, Catalina  Ramírez
ING4301,IngenieriaEconomica,4,ING430104, Paula  Nieto
ING4301,IngenieriaEconomica,4,ING430104, Isabel  Miranda
ING4301,IngenieriaEconomica,4,ING430104, José  Cordero
ING4301,IngenieriaEconomica,4,ING430104, Leonardo  Linares
ING4301,IngenieriaEconomica,4,ING430104, Lucas  Cordero
ING4301,IngenieriaEconomica,4,ING430104, José  Casado
ING4301,IngenieriaEconomica,4,ING430104, Matías  Castro
ING4301,IngenieriaEconomica,4,ING430104, Sofía  Gallego
ING4301,IngenieriaEconomica,4,ING430104, Nicolás  Martínez
ING4301,IngenieriaEconomica,4,ING430104, Clara  Herrera
ING4301,IngenieriaEconomica,4,ING430104, Andrea  Peralta
