Codigo Asignatura,Nombre Asignatura,Nivel,Codigo Curso,Estudiante
ING4301,IngenieriaEconomica,4,ING430102, Andrés  Calvo
ING4301,IngenieriaEconomica,4,ING430102, Agustín  Sánchez
ING4301,IngenieriaEconomica,4,ING430102, Lucas  Cortés
ING4301,IngenieriaEconomica,4,ING430102, Carlos  Gómez
ING4301,IngenieriaEconomica,4,ING430102, Carlos  Vargas
ING4301,IngenieriaEconomica,4,ING430102, Mauricio  Cabrera
ING4301,IngenieriaEconomica,4,ING430102, Antonia  Carmona
ING4301,IngenieriaEconomica,4,ING430102, Daniela  Santana
ING4301,IngenieriaEconomica,4,ING430102, Gabriela  Cabrera
ING4301,IngenieriaEconomica,4,ING430102, Esteban  Abad
ING4301,IngenieriaEconomica,4,ING430102, Gabriel  Cortés
ING4301,IngenieriaEconomica,4,ING430102, Francisco  Moya
ING4301,IngenieriaEconomica,4,ING430102, Nicolás  Amaya
ING4301,IngenieriaEconomica,4,ING430102, Tomás  González
ING4301,IngenieriaEconomica,4,ING430102, Camila  Ramos
ING4301,IngenieriaEconomica,4,ING430102, Natalia  Díaz
ING4301,IngenieriaEconomica,4,ING430102, Simón  Varela
ING4301,IngenieriaEconomica,4,ING430102, Luciana  Mesa
ING4301,IngenieriaEconomica,4,ING430102, Jimena  Serrano
ING4301,IngenieriaEconomica,4,ING430102, Jennifer  Arias
ING4301,IngenieriaEconomica,4,ING430102, Elena  Hidalgo
ING4301,IngenieriaEconomica,4,ING430102, Luciana  Ramos
ING4301,IngenieriaEconomica,4,ING430102, Santiago  Suárez
ING4301,IngenieriaEconomica,4,ING430102, Carolina  González
ING4301,IngenieriaEconomica,4,ING430102, Esteban  Soler
