Codigo Asignatura,Nombre Asignatura,Nivel,Codigo Curso,Estudiante
ING4301,IngenieriaEconomica,4,ING430105, Cristóbal  Garrido
ING4301,IngenieriaEconomica,4,ING430105, Esteban  Nieto
ING4301,IngenieriaEconomica,4,ING430105, Jennifer  González
ING4301,IngenieriaEconomica,4,ING430105, Juan Pablo  Soto
ING4301,IngenieriaEconomica,4,ING430105, Andrés  Vázquez
ING4301,IngenieriaEconomica,4,ING430105, Alejandra  López
ING4301,IngenieriaEconomica,4,ING430105, Cristóbal  Peralta
ING4301,IngenieriaEconomica,4,ING430105, Samuel  Pastor
ING4301,IngenieriaEconomica,4,ING430105, Paula  Llorente
ING4301,IngenieriaEconomica,4,ING430105, Isabel  Molina
