Codigo Asignatura,Nombre Asignatura,Nivel,Codigo Curso,Estudiante
ING4301,IngenieriaEconomica,4,ING430101, Isabella  Pascual
ING4301,IngenieriaEconomica,4,ING430101, Samantha  Garrido
ING4301,IngenieriaEconomica,4,ING430101, Victoria  Ortiz
ING4301,IngenieriaEconomica,4,ING430101, Andrés  Linares
ING4301,IngenieriaEconomica,4,ING430101, Tomás  Hidalgo
ING4301,IngenieriaEconomica,4,ING430101, Tomás  Oliva
ING4301,IngenieriaEconomica,4,ING430101, Emilio  Delgado
ING4301,IngenieriaEconomica,4,ING430101, Gabriela  Cordero
ING4301,IngenieriaEconomica,4,ING430101, Juan David  Vidal
ING4301,IngenieriaEconomica,4,ING430101, Fernanda  Linares
ING4301,IngenieriaEconomica,4,ING430101, Clara  Soler
ING4301,IngenieriaEconomica,4,ING430101, Elena  Muñoz
ING4301,IngenieriaEconomica,4,ING430101, Juliana  Linares
ING4301,IngenieriaEconomica,4,ING430101, Alejandro  Medina
ING4301,IngenieriaEconomica,4,ING430101, Andrea  León
ING4301,IngenieriaEconomica,4,ING430101, Gabriela  Díaz
ING4301,IngenieriaEconomica,4,ING430101, Matías  Cabrera
ING4301,IngenieriaEconomica,4,ING430101, Emilio  Molina
ING4301,IngenieriaEconomica,4,ING430101, Daniela  Ramos
ING4301,IngenieriaEconomica,4,ING430101, Simón  Blanco
ING4301,IngenieriaEconomica,4,ING430101, Daniel  Nieto
ING4301,IngenieriaEconomica,4,ING430101, Benjamín  Aguilar
ING4301,IngenieriaEconomica,4,ING430101, Catalina  Ortega
ING4301,IngenieriaEconomica,4,ING430101, Eduardo  Soto
ING4301,IngenieriaEconomica,4,ING430101, Andrea  Prieto
