Codigo Asignatura,Nombre Asignatura,Nivel,Codigo Curso,Estudiante
ING4301,IngenieriaEconomica,4,ING430103, Sofía  Ortega
ING4301,IngenieriaEconomica,4,ING430103, Daniel  Guerra
ING4301,IngenieriaEconomica,4,ING430103, Catalina  Martínez
ING4301,IngenieriaEconomica,4,ING430103, Juan  Cabello
ING4301,IngenieriaEconomica,4,ING430103, Felipe  Cabrera
ING4301,IngenieriaEconomica,4,ING430103, Ricardo  Cruz
ING4301,IngenieriaEconomica,4,ING430103, Santiago  Rivas
ING4301,IngenieriaEconomica,4,ING430103, Mateo  Gómez
ING4301,IngenieriaEconomica,4,ING430103, Natalia  Cordero
ING4301,IngenieriaEconomica,4,ING430103, Natalia  Castro
ING4301,IngenieriaEconomica,4,ING430103, María José  Esteban
ING4301,IngenieriaEconomica,4,ING430103, Alexander  Fernández
ING4301,IngenieriaEconomica,4,ING430103, Miguel  Fernández
ING4301,IngenieriaEconomica,4,ING430103, Daniela  Domínguez
ING4301,IngenieriaEconomica,4,ING430103, Mariana  Vázquez
ING4301,IngenieriaEconomica,4,ING430103, Martín  Gómez
ING4301,IngenieriaEconomica,4,ING430103, Agustín  Romero
ING4301,IngenieriaEconomica,4,ING430103, Andrea  Carretero
ING4301,IngenieriaEconomica,4,ING430103, Juan David  Molina
ING4301,IngenieriaEconomica,4,ING430103, Tomás  Ríos
ING4301,IngenieriaEconomica,4,ING430103, Adriana  Martínez
ING4301,IngenieriaEconomica,4,ING430103, Alexander  Ortega
ING4301,IngenieriaEconomica,4,ING430103, Samantha  Vicente
ING4301,IngenieriaEconomica,4,ING430103, Carlos  Carmona
ING4301,IngenieriaEconomica,4,ING430103, Esteban  Vicente
