Codigo Asignatura,Nombre Asignatura,Nivel,Codigo Curso,Estudiante
CAL1301,CalculoDiferencial,1,CAL130101, Catalina  Garrido
CAL1301,CalculoDiferencial,1,CAL130101, Jennifer  Torres
CAL1301,CalculoDiferencial,1,CAL130101, Antonia  Sánchez
CAL1301,CalculoDiferencial,1,CAL130101, Pablo  Ochoa
CAL1301,CalculoDiferencial,1,CAL130101, Samantha  Vicente
CAL1301,CalculoDiferencial,1,CAL130101, Pablo  Luque
CAL1301,CalculoDiferencial,1,CAL130101, Cristóbal  Garrido
CAL1301,CalculoDiferencial,1,CAL130101, Valentina  Bravo
CAL1301,CalculoDiferencial,1,CAL130101, Mariana  Abad
CAL1301,CalculoDiferencial,1,CAL130101, Daniela  Álvarez
CAL1301,CalculoDiferencial,1,CAL130101, Simón  Cervantes
CAL1301,CalculoDiferencial,1,CAL130101, Diego  Miranda
CAL1301,CalculoDiferencial,1,CAL130101, Andrés  Herrero
CAL1301,CalculoDiferencial,1,CAL130101, Tomás  Muñoz
CAL1301,CalculoDiferencial,1,CAL130101, Gabriela  Cabrera
CAL1301,CalculoDiferencial,1,CAL130101, Agustín  Sánchez
CAL1301,CalculoDiferencial,1,CAL130101, Tomás  Suárez
CAL1301,CalculoDiferencial,1,CAL130101, Mateo  Llorente
CAL1301,CalculoDiferencial,1,CAL130101, Paula  Llorente
CAL1301,CalculoDiferencial,1,CAL130101, Sofia  Herrero
CAL1301,CalculoDiferencial,1,CAL130101, José  Martínez
CAL1301,CalculoDiferencial,1,CAL130101, Jennifer  Amaya
CAL1301,CalculoDiferencial,1,CAL130101, Diego  Ortega
CAL1301,CalculoDiferencial,1,CAL130101, Javier  Ramos
CAL1301,CalculoDiferencial,1,CAL130101, David  Cortés
CAL1301,CalculoDiferencial,1,CAL130101, Antonella  Molina
CAL1301,CalculoDiferencial,1,CAL130101, José  Nieto
CAL1301,CalculoDiferencial,1,CAL130101, Manuel  Moreno
CAL1301,CalculoDiferencial,1,CAL130101, Isabel  Domínguez
CAL1301,CalculoDiferencial,1,CAL130101, Nicolás  Peralta
