Codigo Asignatura,Nombre Asignatura,Nivel,Codigo Curso,Estudiante
CAL1301,CalculoDiferencial,1,CAL130105, Simón  Domínguez
CAL1301,CalculoDiferencial,1,CAL130105, Paula  Suárez
CAL1301,CalculoDiferencial,1,CAL130105, Mateo  Gallego
CAL1301,CalculoDiferencial,1,CAL130105, Daniela  Vargas
CAL1301,CalculoDiferencial,1,CAL130105, Lucas  Cortés
CAL1301,CalculoDiferencial,1,CAL130105, Francisco  Bravo
CAL1301,CalculoDiferencial,1,CAL130105, Mariana  Benítez
CAL1301,CalculoDiferencial,1,CAL130105, Ana  Miranda
CAL1301,CalculoDiferencial,1,CAL130105, Luciana  Ramos
CAL1301,CalculoDiferencial,1,CAL130105, Sofia  Ramos
CAL1301,CalculoDiferencial,1,CAL130105, Esteban  Ortega
CAL1301,CalculoDiferencial,1,CAL130105, Esteban  Martínez
CAL1301,CalculoDiferencial,1,CAL130105, Paula  García
CAL1301,CalculoDiferencial,1,CAL130105, Clara  Ortega
CAL1301,CalculoDiferencial,1,CAL130105, Juan Pablo  Ramos
CAL1301,CalculoDiferencial,1,CAL130105, Nicolás  Amaya
CAL1301,CalculoDiferencial,1,CAL130105, Gabriela  Vicente
CAL1301,CalculoDiferencial,1,CAL130105, Francisco  Ruiz
CAL1301,CalculoDiferencial,1,CAL130105, Gabriel  Pastor
CAL1301,CalculoDiferencial,1,CAL130105, Matías  Vicente
