Codigo Asignatura,Nombre Asignatura,Nivel,Codigo Curso,Estudiante
CAL1301,CalculoDiferencial,1,CAL130104, Tomás  Correa
CAL1301,CalculoDiferencial,1,CAL130104, Pablo  León
CAL1301,CalculoDiferencial,1,CAL130104, Valentina  Fernández
CAL1301,CalculoDiferencial,1,CAL130104, Nicolás  Ríos
CAL1301,CalculoDiferencial,1,CAL130104, Daniela  Ramos
CAL1301,CalculoDiferencial,1,CAL130104, Alexander  Moreno
CAL1301,CalculoDiferencial,1,CAL130104, Valentina  Ramos
CAL1301,CalculoDiferencial,1,CAL130104, Lucas  Lucas
CAL1301,CalculoDiferencial,1,CAL130104, Lucas  Arias
CAL1301,CalculoDiferencial,1,CAL130104, Lucas  Cordero
CAL1301,CalculoDiferencial,1,CAL130104, Clara  Castro
CAL1301,CalculoDiferencial,1,CAL130104, Luciana  Luque
CAL1301,CalculoDiferencial,1,CAL130104, Samuel  Navarro
CAL1301,CalculoDiferencial,1,CAL130104, Matías  Calvo
CAL1301,CalculoDiferencial,1,CAL130104, Catalina  León
CAL1301,CalculoDiferencial,1,CAL130104, Andrés  Oliva
CAL1301,CalculoDiferencial,1,CAL130104, Lucas  Díaz
CAL1301,CalculoDiferencial,1,CAL130104, Andrés  Rodríguez
CAL1301,CalculoDiferencial,1,CAL130104, Samuel  Ochoa
CAL1301,CalculoDiferencial,1,CAL130104, Camila  Peralta
CAL1301,CalculoDiferencial,1,CAL130104, Paula  Vidal
CAL1301,CalculoDiferencial,1,CAL130104, Tomás  Ramírez
CAL1301,CalculoDiferencial,1,CAL130104, Cristóbal  Peralta
CAL1301,CalculoDiferencial,1,CAL130104, Esteban  Luque
CAL1301,CalculoDiferencial,1,CAL130104, Eduardo  Calvo
CAL1301,CalculoDiferencial,1,CAL130104, Benjamín  Aguilar
CAL1301,CalculoDiferencial,1,CAL130104, Marcela  Vicente
CAL1301,CalculoDiferencial,1,CAL130104, Esteban  Varela
CAL1301,CalculoDiferencial,1,CAL130104, Jennifer  Arias
CAL1301,CalculoDiferencial,1,CAL130104, Catalina  Calvo
