Codigo Asignatura,Nombre Asignatura,Nivel,Codigo Curso,Estudiante
CAL1301,CalculoDiferencial,1,CAL130102, David  Vidal
CAL1301,CalculoDiferencial,1,CAL130102, Catalina  Ramos
CAL1301,CalculoDiferencial,1,CAL130102, Luciana  Pastor
CAL1301,CalculoDiferencial,1,CAL130102, Juan David  Torres
CAL1301,CalculoDiferencial,1,CAL130102, Laura  Gil
CAL1301,CalculoDiferencial,1,CAL130102, Mariana  Marín
CAL1301,CalculoDiferencial,1,CAL130102, Isabella  Miranda
CAL1301,CalculoDiferencial,1,CAL130102, Tomás  Oliva
CAL1301,CalculoDiferencial,1,CAL130102, Mauricio  Mesa
CAL1301,CalculoDiferencial,1,CAL130102, Clara  Soler
CAL1301,CalculoDiferencial,1,CAL130102, Andrés  Suárez
CAL1301,CalculoDiferencial,1,CAL130102, Emily  Romero
CAL1301,CalculoDiferencial,1,CAL130102, Antonia  Iglesias
CAL1301,CalculoDiferencial,1,CAL130102, Gabriela  Cordero
CAL1301,CalculoDiferencial,1,CAL130102, Laura  Carmona
CAL1301,CalculoDiferencial,1,CAL130102, Mauricio  Hidalgo
CAL1301,CalculoDiferencial,1,CAL130102, Valentina  Prieto
CAL1301,CalculoDiferencial,1,CAL130102, Sebastián  Amaya
CAL1301,CalculoDiferencial,1,CAL130102, Catalina  Marín
CAL1301,CalculoDiferencial,1,CAL130102, Javier  Mesa
CAL1301,CalculoDiferencial,1,CAL130102, Daniela  Blanco
CAL1301,CalculoDiferencial,1,CAL130102, Pablo  Moya
CAL1301,CalculoDiferencial,1,CAL130102, Valentina  Arias
CAL1301,CalculoDiferencial,1,CAL130102, Adriana  López
CAL1301,CalculoDiferencial,1,CAL130102, Luciana  Mesa
CAL1301,CalculoDiferencial,1,CAL130102, Andrés  Álvarez
CAL1301,CalculoDiferencial,1,CAL130102, Matías  Llorente
CAL1301,CalculoDiferencial,1,CAL130102, Nicolás  Moreno
CAL1301,CalculoDiferencial,1,CAL130102, Natalia  Guerrero
CAL1301,CalculoDiferencial,1,CAL130102, Marcela  Ramos
