Codigo Asignatura,Nombre Asignatura,Nivel,Codigo Curso,Estudiante
CAL1301,CalculoDiferencial,1,CAL130103, Juan  Ramos
CAL1301,CalculoDiferencial,1,CAL130103, Simón  Medina
CAL1301,CalculoDiferencial,1,CAL130103, Daniel  Ferrer
CAL1301,CalculoDiferencial,1,CAL130103, Gabriela  Díaz
CAL1301,CalculoDiferencial,1,CAL130103, Sofía  Nieto
CAL1301,CalculoDiferencial,1,CAL130103, Ricardo  Alonso
CAL1301,CalculoDiferencial,1,CAL130103, Matías  Ríos
CAL1301,CalculoDiferencial,1,CAL130103, Mauricio  Gil
CAL1301,CalculoDiferencial,1,CAL130103, Manuel  Molina
CAL1301,CalculoDiferencial,1,CAL130103, Carlos  Herrero
CAL1301,CalculoDiferencial,1,CAL130103, Esteban  Suárez
CAL1301,CalculoDiferencial,1,CAL130103, Juan Pablo  Calvo
CAL1301,CalculoDiferencial,1,CAL130103, Alejandro  Alonso
CAL1301,CalculoDiferencial,1,CAL130103, Camila  Álvarez
CAL1301,CalculoDiferencial,1,CAL130103, Esteban  Morales
CAL1301,CalculoDiferencial,1,CAL130103, Jennifer  Miranda
CAL1301,CalculoDiferencial,1,CAL130103, Manuel  Morales
CAL1301,CalculoDiferencial,1,CAL130103, Miguel  Cabello
CAL1301,CalculoDiferencial,1,CAL130103, Emily  Rivas
CAL1301,CalculoDiferencial,1,CAL130103, Esteban  Molina
CAL1301,CalculoDiferencial,1,CAL130103, Isabella  Ortega
CAL1301,CalculoDiferencial,1,CAL130103, Emily  Molina
CAL1301,CalculoDiferencial,1,CAL130103, Carolina  Cordero
CAL1301,CalculoDiferencial,1,CAL130103, Juan  Ramírez
CAL1301,CalculoDiferencial,1,CAL130103, Juan  Arias
CAL1301,CalculoDiferencial,1,CAL130103, Natalia  Hidalgo
CAL1301,CalculoDiferencial,1,CAL130103, Antonella  Ochoa
CAL1301,CalculoDiferencial,1,CAL130103, Santiago  Cortés
CAL1301,CalculoDiferencial,1,CAL130103, Leonardo  Linares
CAL1301,CalculoDiferencial,1,CAL130103, Francisco  Gil
