Codigo Asignatura,Nombre Asignatura,Nivel,Codigo Curso,Estudiante
FOR5101,FormacionCiudadanayConstitucional,5,FOR510103, Martín  Casado
FOR5101,FormacionCiudadanayConstitucional,5,FOR510103, Esteban  Nieto
FOR5101,FormacionCiudadanayConstitucional,5,FOR510103, Gabriel  Gil
FOR5101,FormacionCiudadanayConstitucional,5,FOR510103, Sebastián  Alonso
FOR5101,FormacionCiudadanayConstitucional,5,FOR510103, Elizabeth  Garrido
FOR5101,FormacionCiudadanayConstitucional,5,FOR510103, Alejandro  Ortega
FOR5101,FormacionCiudadanayConstitucional,5,FOR510103, Antonia  Gil
FOR5101,FormacionCiudadanayConstitucional,5,FOR510103, Emilio  Suárez
FOR5101,FormacionCiudadanayConstitucional,5,FOR510103, Matías  Cabrera
FOR5101,FormacionCiudadanayConstitucional,5,FOR510103, Adriana  Fernández
FOR5101,FormacionCiudadanayConstitucional,5,FOR510103, Miguel  Sánchez
FOR5101,FormacionCiudadanayConstitucional,5,FOR510103, Adriana  Mesa
FOR5101,FormacionCiudadanayConstitucional,5,FOR510103, José  Hidalgo
FOR5101,FormacionCiudadanayConstitucional,5,FOR510103, Matías  Ríos
FOR5101,FormacionCiudadanayConstitucional,5,FOR510103, Valeria  Molina
FOR5101,FormacionCiudadanayConstitucional,5,FOR510103, Mariana  García
FOR5101,FormacionCiudadanayConstitucional,5,FOR510103, Mariana  Cordero
FOR5101,FormacionCiudadanayConstitucional,5,FOR510103, Carlos  Gómez
FOR5101,FormacionCiudadanayConstitucional,5,FOR510103, Alejandro  Benítez
FOR5101,FormacionCiudadanayConstitucional,5,FOR510103, María  Correa
FOR5101,FormacionCiudadanayConstitucional,5,FOR510103, Camila  Bravo
FOR5101,FormacionCiudadanayConstitucional,5,FOR510103, Valentina  Fernández
FOR5101,FormacionCiudadanayConstitucional,5,FOR510103, Alejandra  Llorente
FOR5101,FormacionCiudadanayConstitucional,5,FOR510103, Emily  Romero
FOR5101,FormacionCiudadanayConstitucional,5,FOR510103, Catalina  López
