Codigo Asignatura,Nombre Asignatura,Nivel,Codigo Curso,Estudiante
FOR5101,FormacionCiudadanayConstitucional,5,FOR510104, Samantha  Garrido
FOR5101,FormacionCiudadanayConstitucional,5,FOR510104, Marcela  Cortés
FOR5101,FormacionCiudadanayConstitucional,5,FOR510104, Daniel  Pérez
FOR5101,FormacionCiudadanayConstitucional,5,FOR510104, Jennifer  Alonso
FOR5101,FormacionCiudadanayConstitucional,5,FOR510104, Martín  Pastor
FOR5101,FormacionCiudadanayConstitucional,5,FOR510104, Jennifer  Amaya
FOR5101,FormacionCiudadanayConstitucional,5,FOR510104, Alexander  Ortega
FOR5101,FormacionCiudadanayConstitucional,5,FOR510104, Sara  Ortiz
FOR5101,FormacionCiudadanayConstitucional,5,FOR510104, Santiago  Prieto
FOR5101,FormacionCiudadanayConstitucional,5,FOR510104, Clara  Herrera
FOR5101,FormacionCiudadanayConstitucional,5,FOR510104, Isabella  González
FOR5101,FormacionCiudadanayConstitucional,5,FOR510104, Alexander  Vidal
FOR5101,FormacionCiudadanayConstitucional,5,FOR510104, Felipe  Domínguez
FOR5101,FormacionCiudadanayConstitucional,5,FOR510104, Alejandra  Torres
FOR5101,FormacionCiudadanayConstitucional,5,FOR510104, Juan David  Gil
FOR5101,FormacionCiudadanayConstitucional,5,FOR510104, Antonia  Herrera
FOR5101,FormacionCiudadanayConstitucional,5,FOR510104, Natalia  Hidalgo
FOR5101,FormacionCiudadanayConstitucional,5,FOR510104, Ricardo  Cabello
FOR5101,FormacionCiudadanayConstitucional,5,FOR510104, Lucas  Serrano
FOR5101,FormacionCiudadanayConstitucional,5,FOR510104, Victoria  Varela
FOR5101,FormacionCiudadanayConstitucional,5,FOR510104, Catalina  Martínez
FOR5101,FormacionCiudadanayConstitucional,5,FOR510104, Andrea  López
FOR5101,FormacionCiudadanayConstitucional,5,FOR510104, Alejandra  Aguilar
FOR5101,FormacionCiudadanayConstitucional,5,FOR510104, Alejandra  Peralta
FOR5101,FormacionCiudadanayConstitucional,5,FOR510104, Jennifer  Arias
