Codigo Asignatura,Nombre Asignatura,Nivel,Codigo Curso,Estudiante
FOR5101,FormacionCiudadanayConstitucional,5,FOR510101, Isabella  Marín
FOR5101,FormacionCiudadanayConstitucional,5,FOR510101, Juan José  Abad
FOR5101,FormacionCiudadanayConstitucional,5,FOR510101, Carolina  Robles
FOR5101,FormacionCiudadanayConstitucional,5,FOR510101, Samuel  Cervantes
FOR5101,FormacionCiudadanayConstitucional,5,FOR510101, Esteban  Varela
FOR5101,FormacionCiudadanayConstitucional,5,FOR510101, Paula  Suárez
FOR5101,FormacionCiudadanayConstitucional,5,FOR510101, Andrés  Alonso
FOR5101,FormacionCiudadanayConstitucional,5,FOR510101, Manuel  Guerrero
FOR5101,FormacionCiudadanayConstitucional,5,FOR510101, Juan David  Ochoa
FOR5101,FormacionCiudadanayConstitucional,5,FOR510101, Daniel  León
FOR5101,FormacionCiudadanayConstitucional,5,FOR510101, Isabella  Navarro
FOR5101,FormacionCiudadanayConstitucional,5,FOR510101, Leonardo  Torres
FOR5101,FormacionCiudadanayConstitucional,5,FOR510101, Natalia  Molina
FOR5101,FormacionCiudadanayConstitucional,5,FOR510101, Juan  Luque
FOR5101,FormacionCiudadanayConstitucional,5,FOR510101, Andrés  González
FOR5101,FormacionCiudadanayConstitucional,5,FOR510101, Tomás  Muñoz
FOR5101,FormacionCiudadanayConstitucional,5,FOR510101, Pablo  Prieto
FOR5101,FormacionCiudadanayConstitucional,5,FOR510101, Francisco  Moya
FOR5101,FormacionCiudadanayConstitucional,5,FOR510101, Simón  García
FOR5101,FormacionCiudadanayConstitucional,5,FOR510101, Leonardo  Guerra
FOR5101,FormacionCiudadanayConstitucional,5,FOR510101, Sebastián  Carmona
FOR5101,FormacionCiudadanayConstitucional,5,FOR510101, Andrea  Suárez
FOR5101,FormacionCiudadanayConstitucional,5,FOR510101, Camila  Peralta
FOR5101,FormacionCiudadanayConstitucional,5,FOR510101, Antonia  Nieto
FOR5101,FormacionCiudadanayConstitucional,5,FOR510101, Juan  Cordero
