Codigo Asignatura,Nombre Asignatura,Nivel,Codigo Curso,Estudiante
FOR5101,FormacionCiudadanayConstitucional,5,FOR510102, Catalina  Rubio
FOR5101,FormacionCiudadanayConstitucional,5,FOR510102, Emily  Rivas
FOR5101,FormacionCiudadanayConstitucional,5,FOR510102, Paula  Vargas
FOR5101,FormacionCiudadanayConstitucional,5,FOR510102, Pablo  Guerra
FOR5101,FormacionCiudadanayConstitucional,5,FOR510102, Eduardo  Pascual
FOR5101,FormacionCiudadanayConstitucional,5,FOR510102, Andrea  Carretero
FOR5101,FormacionCiudadanayConstitucional,5,FOR510102, Lucía  Moreno
FOR5101,FormacionCiudadanayConstitucional,5,FOR510102, Tomás  Hidalgo
FOR5101,FormacionCiudadanayConstitucional,5,FOR510102, Samuel  Pastor
FOR5101,FormacionCiudadanayConstitucional,5,FOR510102, Agustín  Gallego
FOR5101,FormacionCiudadanayConstitucional,5,FOR510102, Gabriela  Moreno
FOR5101,FormacionCiudadanayConstitucional,5,FOR510102, Alejandra  Vidal
FOR5101,FormacionCiudadanayConstitucional,5,FOR510102, Alejandra  García
FOR5101,FormacionCiudadanayConstitucional,5,FOR510102, Santiago  Bravo
FOR5101,FormacionCiudadanayConstitucional,5,FOR510102, Andrés  Herrera
FOR5101,FormacionCiudadanayConstitucional,5,FOR510102, Valentina  Bravo
FOR5101,FormacionCiudadanayConstitucional,5,FOR510102, Diego  Ortega
FOR5101,FormacionCiudadanayConstitucional,5,FOR510102, Marcela  Abad
FOR5101,FormacionCiudadanayConstitucional,5,FOR510102, Agustín  Linares
FOR5101,FormacionCiudadanayConstitucional,5,FOR510102, Andrea  Correa
FOR5101,FormacionCiudadanayConstitucional,5,FOR510102, Daniela  Muñoz
FOR5101,FormacionCiudadanayConstitucional,5,FOR510102, Sara  Molina
FOR5101,FormacionCiudadanayConstitucional,5,FOR510102, Alejandro  Alonso
FOR5101,FormacionCiudadanayConstitucional,5,FOR510102, José  Cruz
FOR5101,FormacionCiudadanayConstitucional,5,FOR510102, Emily  Ortiz
