Codigo Asignatura,Nombre Asignatura,Nivel,Codigo Curso,Estudiante
ING3101,InglesIII,3,ING310104, Sara  Ortega
ING3101,InglesIII,3,ING310104, Leonardo  Torres
ING3101,InglesIII,3,ING310104, Adriana  Varela
ING3101,InglesIII,3,ING310104, Fernanda  Gutiérrez
ING3101,InglesIII,3,ING310104, Gabriel  Esteban
ING3101,InglesIII,3,ING310104, Esteban  Martínez
ING3101,InglesIII,3,ING310104, Santiago  Carretero
ING3101,InglesIII,3,ING310104, Elizabeth  Linares
ING3101,InglesIII,3,ING310104, Antonia  Oliva
ING3101,InglesIII,3,ING310104, David  Cabello
ING3101,InglesIII,3,ING310104, Santiago  Suárez
ING3101,InglesIII,3,ING310104, Luciana  Luque
ING3101,InglesIII,3,ING310104, Valentina  Díaz
ING3101,InglesIII,3,ING310104, Catalina  Cruz
ING3101,InglesIII,3,ING310104, Valentina  Martínez
ING3101,InglesIII,3,ING310104, Lucas  Molina
ING3101,InglesIII,3,ING310104, Jimena  Castro
ING3101,InglesIII,3,ING310104, Simón  Ramos
ING3101,InglesIII,3,ING310104, Mateo  Mesa
ING3101,InglesIII,3,ING310104, Ángel  Casado
ING3101,InglesIII,3,ING310104, Juan  Suárez
ING3101,InglesIII,3,ING310104, Jimena  Serrano
ING3101,InglesIII,3,ING310104, Pablo  Aguilar
ING3101,InglesIII,3,ING310104, Alejandra  Medina
ING3101,InglesIII,3,ING310104, Juan  Cordero
ING3101,InglesIII,3,ING310104, Valentina  Navarro
ING3101,InglesIII,3,ING310104, Emma  Amaya
ING3101,InglesIII,3,ING310104, Christian  Oliva
ING3101,InglesIII,3,ING310104, Isabella  Vargas
ING3101,InglesIII,3,ING310104, Catalina  Peralta
