Codigo Asignatura,Nombre Asignatura,Nivel,Codigo Curso,Estudiante
ING3101,InglesIII,3,ING310102, Isabella  Rodríguez
ING3101,InglesIII,3,ING310102, Benjamín  León
ING3101,InglesIII,3,ING310102, José  Hidalgo
ING3101,InglesIII,3,ING310102, Andrés  González
ING3101,InglesIII,3,ING310102, Luciana  González
ING3101,InglesIII,3,ING310102, Carolina  Gallego
ING3101,InglesIII,3,ING310102, Catalina  López
ING3101,InglesIII,3,ING310102, Daniel  Ferrer
ING3101,InglesIII,3,ING310102, Juan  Ramos
ING3101,InglesIII,3,ING310102, Juliana  Soto
ING3101,InglesIII,3,ING310102, Eduardo  Calvo
ING3101,InglesIII,3,ING310102, Juan  Vázquez
ING3101,InglesIII,3,ING310102, Valentina  Carmona
ING3101,InglesIII,3,ING310102, María  Ochoa
ING3101,InglesIII,3,ING310102, Ana  Alonso
ING3101,InglesIII,3,ING310102, Emily  Molina
ING3101,InglesIII,3,ING310102, Juan  Castro
ING3101,InglesIII,3,ING310102, Felipe  Domínguez
ING3101,InglesIII,3,ING310102, Carlos  Gómez
ING3101,InglesIII,3,ING310102, Valentina  Marín
ING3101,InglesIII,3,ING310102, Andrea  Vidal
ING3101,InglesIII,3,ING310102, Esteban  Abad
ING3101,InglesIII,3,ING310102, Samantha  Llorente
ING3101,InglesIII,3,ING310102, Tomás  Soler
ING3101,InglesIII,3,ING310102, Benjamín  Ruiz
ING3101,InglesIII,3,ING310102, Matías  Luque
ING3101,InglesIII,3,ING310102, Mateo  Gómez
ING3101,InglesIII,3,ING310102, Natalia  Pascual
ING3101,InglesIII,3,ING310102, Alejandra  García
ING3101,InglesIII,3,ING310102, Alejandra  Cruz
