Codigo Asignatura,Nombre Asignatura,Nivel,Codigo Curso,Estudiante
ING3101,InglesIII,3,ING310101, Elena  Fernández
ING3101,InglesIII,3,ING310101, Isabella  Delgado
ING3101,InglesIII,3,ING310101, Carlos  Peralta
ING3101,InglesIII,3,ING310101, Jennifer  Arias
ING3101,InglesIII,3,ING310101, Leonardo  Guerra
ING3101,InglesIII,3,ING310101, Juliana  Linares
ING3101,InglesIII,3,ING310101, Daniel  Pérez
ING3101,InglesIII,3,ING310101, Ángel  Miranda
ING3101,InglesIII,3,ING310101, Gabriel  Amaya
ING3101,InglesIII,3,ING310101, Gabriela  Cordero
ING3101,InglesIII,3,ING310101, Daniela  Robles
ING3101,InglesIII,3,ING310101, David  Robles
ING3101,InglesIII,3,ING310101, Emma  Carretero
ING3101,InglesIII,3,ING310101, Alejandro  Rodríguez
ING3101,InglesIII,3,ING310101, Samantha  Cortés
ING3101,InglesIII,3,ING310101, Simón  Gómez
ING3101,InglesIII,3,ING310101, Natalia  Alonso
ING3101,InglesIII,3,ING310101, Andrés  Vega
ING3101,InglesIII,3,ING310101, Catalina  Ortega
ING3101,InglesIII,3,ING310101, Elena  Blanco
ING3101,InglesIII,3,ING310101, Tomás  García
ING3101,InglesIII,3,ING310101, Andrés  Serrano
ING3101,InglesIII,3,ING310101, Simón  Aguilar
ING3101,InglesIII,3,ING310101, Jennifer  Correa
ING3101,InglesIII,3,ING310101, Fernanda  Molina
ING3101,InglesIII,3,ING310101, Santiago  Vázquez
ING3101,InglesIII,3,ING310101, Juan David  Molina
ING3101,InglesIII,3,ING310101, Tomás  Navarro
ING3101,InglesIII,3,ING310101, Lucas  Pérez
ING3101,InglesIII,3,ING310101, Juan  Luque
