Codigo Asignatura,Nombre Asignatura,Nivel,Codigo Curso,Estudiante
ING3101,InglesIII,3,ING310103, Manuel  Álvarez
ING3101,InglesIII,3,ING310103, Leonardo  Vargas
ING3101,InglesIII,3,ING310103, Javier  Álvarez
ING3101,InglesIII,3,ING310103, Esteban  Morales
ING3101,InglesIII,3,ING310103, Simón  García
ING3101,InglesIII,3,ING310103, Isabel  Moya
ING3101,InglesIII,3,ING310103, Eduardo  Soto
ING3101,InglesIII,3,ING310103, Valentina  Morales
ING3101,InglesIII,3,ING310103, Isabella  Garrido
ING3101,InglesIII,3,ING310103, Luciana  Arias
ING3101,InglesIII,3,ING310103, Ana  Peralta
ING3101,InglesIII,3,ING310103, Juan David  Ramos
ING3101,InglesIII,3,ING310103, Juliana  Vargas
ING3101,InglesIII,3,ING310103, Lucía  Vega
ING3101,InglesIII,3,ING310103, María José  Robles
ING3101,InglesIII,3,ING310103, Santiago  Alonso
ING3101,InglesIII,3,ING310103, Fernanda  Delgado
ING3101,InglesIII,3,ING310103, Sebastián  Medina
ING3101,InglesIII,3,ING310103, Andrea  Medina
ING3101,InglesIII,3,ING310103, Luciana  Marín
ING3101,InglesIII,3,ING310103, Miguel  Gómez
ING3101,InglesIII,3,ING310103, Daniela  Fernández
ING3101,InglesIII,3,ING310103, Laura  Cervantes
ING3101,InglesIII,3,ING310103, Christian  Prieto
ING3101,InglesIII,3,ING310103, Lucas  Cordero
ING3101,InglesIII,3,ING310103, Esteban  Molina
ING3101,InglesIII,3,ING310103, Catalina  Cabrera
ING3101,InglesIII,3,ING310103, Emma  Aguilar
ING3101,InglesIII,3,ING310103, Samuel  Pastor
ING3101,InglesIII,3,ING310103, Andrés  Ríos
