Codigo Asignatura,Nombre Asignatura,Nivel,Codigo Curso,Estudiante
TEO3301,TeoriaGeneraldeSistemas,3,TEO330104, Sara  Ortega
TEO3301,TeoriaGeneraldeSistemas,3,TEO330104, Leonardo  Torres
TEO3301,TeoriaGeneraldeSistemas,3,TEO330104, Adriana  Varela
TEO3301,TeoriaGeneraldeSistemas,3,TEO330104, Fernanda  Gutiérrez
TEO3301,TeoriaGeneraldeSistemas,3,TEO330104, Gabriel  Esteban
TEO3301,TeoriaGeneraldeSistemas,3,TEO330104, Esteban  Martínez
TEO3301,TeoriaGeneraldeSistemas,3,TEO330104, Santiago  Carretero
TEO3301,TeoriaGeneraldeSistemas,3,TEO330104, Elizabeth  Linares
TEO3301,TeoriaGeneraldeSistemas,3,TEO330104, Antonia  Oliva
TEO3301,TeoriaGeneraldeSistemas,3,TEO330104, David  Cabello
TEO3301,TeoriaGeneraldeSistemas,3,TEO330104, Santiago  Suárez
TEO3301,TeoriaGeneraldeSistemas,3,TEO330104, Luciana  Luque
TEO3301,TeoriaGeneraldeSistemas,3,TEO330104, Valentina  Díaz
TEO3301,TeoriaGeneraldeSistemas,3,TEO330104, Catalina  Cruz
TEO3301,TeoriaGeneraldeSistemas,3,TEO330104, Valentina  Martínez
TEO3301,TeoriaGeneraldeSistemas,3,TEO330104, Lucas  Molina
TEO3301,TeoriaGeneraldeSistemas,3,TEO330104, Jimena  Castro
TEO3301,TeoriaGeneraldeSistemas,3,TEO330104, Simón  Ramos
TEO3301,TeoriaGeneraldeSistemas,3,TEO330104, Mateo  Mesa
TEO3301,TeoriaGeneraldeSistemas,3,TEO330104, Ángel  Casado
TEO3301,TeoriaGeneraldeSistemas,3,TEO330104, Juan  Suárez
TEO3301,TeoriaGeneraldeSistemas,3,TEO330104, Jimena  Serrano
TEO3301,TeoriaGeneraldeSistemas,3,TEO330104, Pablo  Aguilar
TEO3301,TeoriaGeneraldeSistemas,3,TEO330104, Alejandra  Medina
TEO3301,TeoriaGeneraldeSistemas,3,TEO330104, Juan  Cordero
TEO3301,TeoriaGeneraldeSistemas,3,TEO330104, Valentina  Navarro
TEO3301,TeoriaGeneraldeSistemas,3,TEO330104, Emma  Amaya
TEO3301,TeoriaGeneraldeSistemas,3,TEO330104, Christian  Oliva
TEO3301,TeoriaGeneraldeSistemas,3,TEO330104, Isabella  Vargas
TEO3301,TeoriaGeneraldeSistemas,3,TEO330104, Catalina  Peralta
