Codigo Asignatura,Nombre Asignatura,Nivel,Codigo Curso,Estudiante
TEO3301,TeoriaGeneraldeSistemas,3,TEO330103, Manuel  Álvarez
TEO3301,TeoriaGeneraldeSistemas,3,TEO330103, Leonardo  Vargas
TEO3301,TeoriaGeneraldeSistemas,3,TEO330103, Javier  Álvarez
TEO3301,TeoriaGeneraldeSistemas,3,TEO330103, Esteban  Morales
TEO3301,TeoriaGeneraldeSistemas,3,TEO330103, Simón  García
TEO3301,TeoriaGeneraldeSistemas,3,TEO330103, Isabel  Moya
TEO3301,TeoriaGeneraldeSistemas,3,TEO330103, Eduardo  Soto
TEO3301,TeoriaGeneraldeSistemas,3,TEO330103, Valentina  Morales
TEO3301,TeoriaGeneraldeSistemas,3,TEO330103, Isabella  Garrido
TEO3301,TeoriaGeneraldeSistemas,3,TEO330103, Luciana  Arias
TEO3301,TeoriaGeneraldeSistemas,3,TEO330103, Ana  Peralta
TEO3301,TeoriaGeneraldeSistemas,3,TEO330103, Juan David  Ramos
TEO3301,TeoriaGeneraldeSistemas,3,TEO330103, Juliana  Vargas
TEO3301,TeoriaGeneraldeSistemas,3,TEO330103, Lucía  Vega
TEO3301,TeoriaGeneraldeSistemas,3,TEO330103, María José  Robles
TEO3301,TeoriaGeneraldeSistemas,3,TEO330103, Santiago  Alonso
TEO3301,TeoriaGeneraldeSistemas,3,TEO330103, Fernanda  Delgado
TEO3301,TeoriaGeneraldeSistemas,3,TEO330103, Sebastián  Medina
TEO3301,TeoriaGeneraldeSistemas,3,TEO330103, Andrea  Medina
TEO3301,TeoriaGeneraldeSistemas,3,TEO330103, Luciana  Marín
TEO3301,TeoriaGeneraldeSistemas,3,TEO330103, Miguel  Gómez
TEO3301,TeoriaGeneraldeSistemas,3,TEO330103, Daniela  Fernández
TEO3301,TeoriaGeneraldeSistemas,3,TEO330103, Laura  Cervantes
TEO3301,TeoriaGeneraldeSistemas,3,TEO330103, Christian  Prieto
TEO3301,TeoriaGeneraldeSistemas,3,TEO330103, Lucas  Cordero
TEO3301,TeoriaGeneraldeSistemas,3,TEO330103, Esteban  Molina
TEO3301,TeoriaGeneraldeSistemas,3,TEO330103, Catalina  Cabrera
TEO3301,TeoriaGeneraldeSistemas,3,TEO330103, Emma  Aguilar
TEO3301,TeoriaGeneraldeSistemas,3,TEO330103, Samuel  Pastor
TEO3301,TeoriaGeneraldeSistemas,3,TEO330103, Andrés  Ríos
