Codigo Asignatura,Nombre Asignatura,Nivel,Codigo Curso,Estudiante
TEO3301,TeoriaGeneraldeSistemas,3,TEO330101, Elena  Fernández
TEO3301,TeoriaGeneraldeSistemas,3,TEO330101, Isabella  Delgado
TEO3301,TeoriaGeneraldeSistemas,3,TEO330101, Carlos  Peralta
TEO3301,TeoriaGeneraldeSistemas,3,TEO330101, Jennifer  Arias
TEO3301,TeoriaGeneraldeSistemas,3,TEO330101, Leonardo  Guerra
TEO3301,TeoriaGeneraldeSistemas,3,TEO330101, Juliana  Linares
TEO3301,TeoriaGeneraldeSistemas,3,TEO330101, Daniel  Pérez
TEO3301,TeoriaGeneraldeSistemas,3,TEO330101, Ángel  Miranda
TEO3301,TeoriaGeneraldeSistemas,3,TEO330101, Gabriel  Amaya
TEO3301,TeoriaGeneraldeSistemas,3,TEO330101, Gabriela  Cordero
TEO3301,TeoriaGeneraldeSistemas,3,TEO330101, Daniela  Robles
TEO3301,TeoriaGeneraldeSistemas,3,TEO330101, David  Robles
TEO3301,TeoriaGeneraldeSistemas,3,TEO330101, Emma  Carretero
TEO3301,TeoriaGeneraldeSistemas,3,TEO330101, Alejandro  Rodríguez
TEO3301,TeoriaGeneraldeSistemas,3,TEO330101, Samantha  Cortés
TEO3301,TeoriaGeneraldeSistemas,3,TEO330101, Simón  Gómez
TEO3301,TeoriaGeneraldeSistemas,3,TEO330101, Natalia  Alonso
TEO3301,TeoriaGeneraldeSistemas,3,TEO330101, Andrés  Vega
TEO3301,TeoriaGeneraldeSistemas,3,TEO330101, Catalina  Ortega
TEO3301,TeoriaGeneraldeSistemas,3,TEO330101, Elena  Blanco
TEO3301,TeoriaGeneraldeSistemas,3,TEO330101, Tomás  García
TEO3301,TeoriaGeneraldeSistemas,3,TEO330101, Andrés  Serrano
TEO3301,TeoriaGeneraldeSistemas,3,TEO330101, Simón  Aguilar
TEO3301,TeoriaGeneraldeSistemas,3,TEO330101, Jennifer  Correa
TEO3301,TeoriaGeneraldeSistemas,3,TEO330101, Fernanda  Molina
TEO3301,TeoriaGeneraldeSistemas,3,TEO330101, Santiago  Vázquez
TEO3301,TeoriaGeneraldeSistemas,3,TEO330101, Juan David  Molina
TEO3301,TeoriaGeneraldeSistemas,3,TEO330101, Tomás  Navarro
TEO3301,TeoriaGeneraldeSistemas,3,TEO330101, Lucas  Pérez
TEO3301,TeoriaGeneraldeSistemas,3,TEO330101, Juan  Luque
