Codigo Asignatura,Nombre Asignatura,Nivel,Codigo Curso,Estudiante
TEO3301,TeoriaGeneraldeSistemas,3,TEO330102, Isabella  Rodríguez
TEO3301,TeoriaGeneraldeSistemas,3,TEO330102, Benjamín  León
TEO3301,TeoriaGeneraldeSistemas,3,TEO330102, José  Hidalgo
TEO3301,TeoriaGeneraldeSistemas,3,TEO330102, Andrés  González
TEO3301,TeoriaGeneraldeSistemas,3,TEO330102, Luciana  González
TEO3301,TeoriaGeneraldeSistemas,3,TEO330102, Carolina  Gallego
TEO3301,TeoriaGeneraldeSistemas,3,TEO330102, Catalina  López
TEO3301,TeoriaGeneraldeSistemas,3,TEO330102, Daniel  Ferrer
TEO3301,TeoriaGeneraldeSistemas,3,TEO330102, Juan  Ramos
TEO3301,TeoriaGeneraldeSistemas,3,TEO330102, Juliana  Soto
TEO3301,TeoriaGeneraldeSistemas,3,TEO330102, Eduardo  Calvo
TEO3301,TeoriaGeneraldeSistemas,3,TEO330102, Juan  Vázquez
TEO3301,TeoriaGeneraldeSistemas,3,TEO330102, Valentina  Carmona
TEO3301,TeoriaGeneraldeSistemas,3,TEO330102, María  Ochoa
TEO3301,TeoriaGeneraldeSistemas,3,TEO330102, Ana  Alonso
TEO3301,TeoriaGeneraldeSistemas,3,TEO330102, Emily  Molina
TEO3301,TeoriaGeneraldeSistemas,3,TEO330102, Juan  Castro
TEO3301,TeoriaGeneraldeSistemas,3,TEO330102, Felipe  Domínguez
TEO3301,TeoriaGeneraldeSistemas,3,TEO330102, Carlos  Gómez
TEO3301,TeoriaGeneraldeSistemas,3,TEO330102, Valentina  Marín
TEO3301,TeoriaGeneraldeSistemas,3,TEO330102, Andrea  Vidal
TEO3301,TeoriaGeneraldeSistemas,3,TEO330102, Esteban  Abad
TEO3301,TeoriaGeneraldeSistemas,3,TEO330102, Samantha  Llorente
TEO3301,TeoriaGeneraldeSistemas,3,TEO330102, Tomás  Soler
TEO3301,TeoriaGeneraldeSistemas,3,TEO330102, Benjamín  Ruiz
TEO3301,TeoriaGeneraldeSistemas,3,TEO330102, Matías  Luque
TEO3301,TeoriaGeneraldeSistemas,3,TEO330102, Mateo  Gómez
TEO3301,TeoriaGeneraldeSistemas,3,TEO330102, Natalia  Pascual
TEO3301,TeoriaGeneraldeSistemas,3,TEO330102, Alejandra  García
TEO3301,TeoriaGeneraldeSistemas,3,TEO330102, Alejandra  Cruz
