Codigo Asignatura,Nombre Asignatura,Nivel,Codigo Curso,Estudiante
GES9301,GestiondelaCadenadeAbastecimiento,9,GES930102, Juan David  Rivas
GES9301,GestiondelaCadenadeAbastecimiento,9,GES930102, Santiago  Vázquez
GES9301,GestiondelaCadenadeAbastecimiento,9,GES930102, Nicolás  Martínez
GES9301,GestiondelaCadenadeAbastecimiento,9,GES930102, Fernanda  Gutiérrez
GES9301,GestiondelaCadenadeAbastecimiento,9,GES930102, Martín  Gómez
GES9301,GestiondelaCadenadeAbastecimiento,9,GES930102, Pablo  Rodríguez
GES9301,GestiondelaCadenadeAbastecimiento,9,GES930102, Andrés  Vicente
GES9301,GestiondelaCadenadeAbastecimiento,9,GES930102, Juan Pablo  Ramos
GES9301,GestiondelaCadenadeAbastecimiento,9,GES930102, Andrés  Vega
GES9301,GestiondelaCadenadeAbastecimiento,9,GES930102, Manuel  Álvarez
GES9301,GestiondelaCadenadeAbastecimiento,9,GES930102, Mariana  Ferrer
GES9301,GestiondelaCadenadeAbastecimiento,9,GES930102, Andrés  Cortés
GES9301,GestiondelaCadenadeAbastecimiento,9,GES930102, Francisco  Marín
GES9301,GestiondelaCadenadeAbastecimiento,9,GES930102, Andrés  Gutiérrez
GES9301,GestiondelaCadenadeAbastecimiento,9,GES930102, Antonella  Cordero
GES9301,GestiondelaCadenadeAbastecimiento,9,GES930102, Mateo  Gómez
GES9301,GestiondelaCadenadeAbastecimiento,9,GES930102, María  Morales
GES9301,GestiondelaCadenadeAbastecimiento,9,GES930102, Alejandra  Llorente
GES9301,GestiondelaCadenadeAbastecimiento,9,GES930102, Juan José  Fernández
GES9301,GestiondelaCadenadeAbastecimiento,9,GES930102, Diego  González
