Codigo Asignatura,Nombre Asignatura,Nivel,Codigo Curso,Estudiante
GES9301,GestiondelaCadenadeAbastecimiento,9,GES930101, Simón  Castro
GES9301,GestiondelaCadenadeAbastecimiento,9,GES930101, Catalina  Alonso
GES9301,GestiondelaCadenadeAbastecimiento,9,GES930101, Santiago  Suárez
GES9301,GestiondelaCadenadeAbastecimiento,9,GES930101, Juliana  Bravo
GES9301,GestiondelaCadenadeAbastecimiento,9,GES930101, Carolina  Blanco
GES9301,GestiondelaCadenadeAbastecimiento,9,GES930101, Juan David  Peralta
GES9301,GestiondelaCadenadeAbastecimiento,9,GES930101, Elena  Torres
GES9301,GestiondelaCadenadeAbastecimiento,9,GES930101, Marcela  Vicente
GES9301,GestiondelaCadenadeAbastecimiento,9,GES930101, Elizabeth  González
GES9301,GestiondelaCadenadeAbastecimiento,9,GES930101, Mauricio  Mesa
GES9301,GestiondelaCadenadeAbastecimiento,9,GES930101, Agustín  Pérez
GES9301,GestiondelaCadenadeAbastecimiento,9,GES930101, Elizabeth  Cervantes
GES9301,GestiondelaCadenadeAbastecimiento,9,GES930101, David  Robles
GES9301,GestiondelaCadenadeAbastecimiento,9,GES930101, Sebastián  Carretero
GES9301,GestiondelaCadenadeAbastecimiento,9,GES930101, Fernanda  Linares
GES9301,GestiondelaCadenadeAbastecimiento,9,GES930101, Laura  León
GES9301,GestiondelaCadenadeAbastecimiento,9,GES930101, Marcela  Pascual
GES9301,GestiondelaCadenadeAbastecimiento,9,GES930101, Mateo  Mesa
GES9301,GestiondelaCadenadeAbastecimiento,9,GES930101, Valentina  Prieto
GES9301,GestiondelaCadenadeAbastecimiento,9,GES930101, Alejandra  Torres
