Codigo Asignatura,Nombre Asignatura,Nivel,Codigo Curso,Estudiante
GES9301,GestiondelaCadenadeAbastecimiento,9,GES930104, Emma  Aguilar
GES9301,GestiondelaCadenadeAbastecimiento,9,GES930104, Samantha  Vicente
GES9301,GestiondelaCadenadeAbastecimiento,9,GES930104, Valentina  Alonso
GES9301,GestiondelaCadenadeAbastecimiento,9,GES930104, Simón  Linares
GES9301,GestiondelaCadenadeAbastecimiento,9,GES930104, Samantha  Cortés
GES9301,GestiondelaCadenadeAbastecimiento,9,GES930104, Jimena  Rodríguez
GES9301,GestiondelaCadenadeAbastecimiento,9,GES930104, Ángel  Rodríguez
GES9301,GestiondelaCadenadeAbastecimiento,9,GES930104, Emma  García
GES9301,GestiondelaCadenadeAbastecimiento,9,GES930104, Nicolás  García
GES9301,GestiondelaCadenadeAbastecimiento,9,GES930104, Gabriela  Castro
