Codigo Asignatura,Nombre Asignatura,Nivel,Codigo Curso,Estudiante
GES9301,GestiondelaCadenadeAbastecimiento,9,GES930103, Samantha  Garrido
GES9301,GestiondelaCadenadeAbastecimiento,9,GES930103, Catalina  Marín
GES9301,GestiondelaCadenadeAbastecimiento,9,GES930103, Carlos  Peralta
GES9301,GestiondelaCadenadeAbastecimiento,9,GES930103, María José  Robles
GES9301,GestiondelaCadenadeAbastecimiento,9,GES930103, Ricardo  Cabello
GES9301,GestiondelaCadenadeAbastecimiento,9,GES930103, Gabriel  Amaya
GES9301,GestiondelaCadenadeAbastecimiento,9,GES930103, Ricardo  Cruz
GES9301,GestiondelaCadenadeAbastecimiento,9,GES930103, Christian  Vidal
GES9301,GestiondelaCadenadeAbastecimiento,9,GES930103, Sebastián  Carmona
GES9301,GestiondelaCadenadeAbastecimiento,9,GES930103, Diego  Ortega
GES9301,GestiondelaCadenadeAbastecimiento,9,GES930103, Matías  Cabrera
GES9301,GestiondelaCadenadeAbastecimiento,9,GES930103, Simón  Aguilar
GES9301,GestiondelaCadenadeAbastecimiento,9,GES930103, Valentina  Ochoa
GES9301,GestiondelaCadenadeAbastecimiento,9,GES930103, Marcela  Ríos
GES9301,GestiondelaCadenadeAbastecimiento,9,GES930103, Gabriela  Guerra
GES9301,GestiondelaCadenadeAbastecimiento,9,GES930103, Paula  Suárez
GES9301,GestiondelaCadenadeAbastecimiento,9,GES930103, Andrés  Álvarez
GES9301,GestiondelaCadenadeAbastecimiento,9,GES930103, Paula  Álvarez
GES9301,GestiondelaCadenadeAbastecimiento,9,GES930103, Pablo  Calvo
GES9301,GestiondelaCadenadeAbastecimiento,9,GES930103, Carlos  Vargas
