Codigo Asignatura,Nombre Asignatura,Nivel,Codigo Curso,Estudiante
ING5101,InglesV,5,ING510101, Isabella  Marín
ING5101,InglesV,5,ING510101, Juan José  Abad
ING5101,InglesV,5,ING510101, Carolina  Robles
ING5101,InglesV,5,ING510101, Samuel  Cervantes
ING5101,InglesV,5,ING510101, Esteban  Varela
ING5101,InglesV,5,ING510101, Paula  Suárez
ING5101,InglesV,5,ING510101, Andrés  Alonso
ING5101,InglesV,5,ING510101, Manuel  Guerrero
ING5101,InglesV,5,ING510101, Juan David  Ochoa
ING5101,InglesV,5,ING510101, Daniel  León
ING5101,InglesV,5,ING510101, Isabella  Navarro
ING5101,InglesV,5,ING510101, Leonardo  Torres
ING5101,InglesV,5,ING510101, Natalia  Molina
ING5101,InglesV,5,ING510101, Juan  Luque
ING5101,InglesV,5,ING510101, Andrés  González
ING5101,InglesV,5,ING510101, Tomás  Muñoz
ING5101,InglesV,5,ING510101, Pablo  Prieto
ING5101,InglesV,5,ING510101, Francisco  Moya
ING5101,InglesV,5,ING510101, Simón  García
ING5101,InglesV,5,ING510101, Leonardo  Guerra
ING5101,InglesV,5,ING510101, Sebastián  Carmona
ING5101,InglesV,5,ING510101, Andrea  Suárez
ING5101,InglesV,5,ING510101, Camila  Peralta
ING5101,InglesV,5,ING510101, Antonia  Nieto
ING5101,InglesV,5,ING510101, Juan  Cordero
