Codigo Asignatura,Nombre Asignatura,Nivel,Codigo Curso,Estudiante
ING5101,InglesV,5,ING510104, Samantha  Garrido
ING5101,InglesV,5,ING510104, Marcela  Cortés
ING5101,InglesV,5,ING510104, Daniel  Pérez
ING5101,InglesV,5,ING510104, Jennifer  Alonso
ING5101,InglesV,5,ING510104, Martín  Pastor
ING5101,InglesV,5,ING510104, Jennifer  Amaya
ING5101,InglesV,5,ING510104, Alexander  Ortega
ING5101,InglesV,5,ING510104, Sara  Ortiz
ING5101,InglesV,5,ING510104, Santiago  Prieto
ING5101,InglesV,5,ING510104, Clara  Herrera
ING5101,InglesV,5,ING510104, Isabella  González
ING5101,InglesV,5,ING510104, Alexander  Vidal
ING5101,InglesV,5,ING510104, Felipe  Domínguez
ING5101,InglesV,5,ING510104, Alejandra  Torres
ING5101,InglesV,5,ING510104, Juan David  Gil
ING5101,InglesV,5,ING510104, Antonia  Herrera
ING5101,InglesV,5,ING510104, Natalia  Hidalgo
ING5101,InglesV,5,ING510104, Ricardo  Cabello
ING5101,InglesV,5,ING510104, Lucas  Serrano
ING5101,InglesV,5,ING510104, Victoria  Varela
ING5101,InglesV,5,ING510104, Catalina  Martínez
ING5101,InglesV,5,ING510104, Andrea  López
ING5101,InglesV,5,ING510104, Alejandra  Aguilar
ING5101,InglesV,5,ING510104, Alejandra  Peralta
ING5101,InglesV,5,ING510104, Jennifer  Arias
