Codigo Asignatura,Nombre Asignatura,Nivel,Codigo Curso,Estudiante
ING5101,InglesV,5,ING510102, Catalina  Rubio
ING5101,InglesV,5,ING510102, Emily  Rivas
ING5101,InglesV,5,ING510102, Paula  Vargas
ING5101,InglesV,5,ING510102, Pablo  Guerra
ING5101,InglesV,5,ING510102, Eduardo  Pascual
ING5101,InglesV,5,ING510102, Andrea  Carretero
ING5101,InglesV,5,ING510102, Lucía  Moreno
ING5101,InglesV,5,ING510102, Tomás  Hidalgo
ING5101,InglesV,5,ING510102, Samuel  Pastor
ING5101,InglesV,5,ING510102, Agustín  Gallego
ING5101,InglesV,5,ING510102, Gabriela  Moreno
ING5101,InglesV,5,ING510102, Alejandra  Vidal
ING5101,InglesV,5,ING510102, Alejandra  García
ING5101,InglesV,5,ING510102, Santiago  Bravo
ING5101,InglesV,5,ING510102, Andrés  Herrera
ING5101,InglesV,5,ING510102, Valentina  Bravo
ING5101,InglesV,5,ING510102, Diego  Ortega
ING5101,InglesV,5,ING510102, Marcela  Abad
ING5101,InglesV,5,ING510102, Agustín  Linares
ING5101,InglesV,5,ING510102, Andrea  Correa
ING5101,InglesV,5,ING510102, Daniela  Muñoz
ING5101,InglesV,5,ING510102, Sara  Molina
ING5101,InglesV,5,ING510102, Alejandro  Alonso
ING5101,InglesV,5,ING510102, José  Cruz
ING5101,InglesV,5,ING510102, Emily  Ortiz
