Codigo Asignatura,Nombre Asignatura,Nivel,Codigo Curso,Estudiante
ING5101,InglesV,5,ING510103, Martín  Casado
ING5101,InglesV,5,ING510103, Esteban  Nieto
ING5101,InglesV,5,ING510103, Gabriel  Gil
ING5101,InglesV,5,ING510103, Sebastián  Alonso
ING5101,InglesV,5,ING510103, Elizabeth  Garrido
ING5101,InglesV,5,ING510103, Alejandro  Ortega
ING5101,InglesV,5,ING510103, Antonia  Gil
ING5101,InglesV,5,ING510103, Emilio  Suárez
ING5101,InglesV,5,ING510103, Matías  Cabrera
ING5101,InglesV,5,ING510103, Adriana  Fernández
ING5101,InglesV,5,ING510103, Miguel  Sánchez
ING5101,InglesV,5,ING510103, Adriana  Mesa
ING5101,InglesV,5,ING510103, José  Hidalgo
ING5101,InglesV,5,ING510103, Matías  Ríos
ING5101,InglesV,5,ING510103, Valeria  Molina
ING5101,InglesV,5,ING510103, Mariana  García
ING5101,InglesV,5,ING510103, Mariana  Cordero
ING5101,InglesV,5,ING510103, Carlos  Gómez
ING5101,InglesV,5,ING510103, Alejandro  Benítez
ING5101,InglesV,5,ING510103, María  Correa
ING5101,InglesV,5,ING510103, Camila  Bravo
ING5101,InglesV,5,ING510103, Valentina  Fernández
ING5101,InglesV,5,ING510103, Alejandra  Llorente
ING5101,InglesV,5,ING510103, Emily  Romero
ING5101,InglesV,5,ING510103, Catalina  López
