Codigo Asignatura,Nombre Asignatura,Nivel,Codigo Curso,Estudiante
HAB2301,HabilidadesGerenciales,2,HAB230104, Emily  Herrera
HAB2301,HabilidadesGerenciales,2,HAB230104, Emily  Casado
HAB2301,HabilidadesGerenciales,2,HAB230104, Pablo  Miranda
HAB2301,HabilidadesGerenciales,2,HAB230104, Sebastián  Gutiérrez
HAB2301,HabilidadesGerenciales,2,HAB230104, Alejandra  Linares
HAB2301,HabilidadesGerenciales,2,HAB230104, Marcela  Vicente
HAB2301,HabilidadesGerenciales,2,HAB230104, Luciana  Ortega
HAB2301,HabilidadesGerenciales,2,HAB230104, Isabella  González
HAB2301,HabilidadesGerenciales,2,HAB230104, Luciana  Herrero
HAB2301,HabilidadesGerenciales,2,HAB230104, Juan  Vega
HAB2301,HabilidadesGerenciales,2,HAB230104, Emily  Gallego
HAB2301,HabilidadesGerenciales,2,HAB230104, Diego  Mesa
HAB2301,HabilidadesGerenciales,2,HAB230104, José  Cruz
HAB2301,HabilidadesGerenciales,2,HAB230104, María  Morales
HAB2301,HabilidadesGerenciales,2,HAB230104, Andrea  Pastor
HAB2301,HabilidadesGerenciales,2,HAB230104, Alexander  Cabrera
HAB2301,HabilidadesGerenciales,2,HAB230104, Mauricio  Rubio
HAB2301,HabilidadesGerenciales,2,HAB230104, Lucas  Suárez
HAB2301,HabilidadesGerenciales,2,HAB230104, David  Cabello
HAB2301,HabilidadesGerenciales,2,HAB230104, Andrea  Carretero
HAB2301,HabilidadesGerenciales,2,HAB230104, Eduardo  Pascual
HAB2301,HabilidadesGerenciales,2,HAB230104, Antonella  Álvarez
HAB2301,HabilidadesGerenciales,2,HAB230104, Tomás  Nieto
HAB2301,HabilidadesGerenciales,2,HAB230104, Javier  Llorente
HAB2301,HabilidadesGerenciales,2,HAB230104, Esteban  Casado
HAB2301,HabilidadesGerenciales,2,HAB230104, Benjamín  León
HAB2301,HabilidadesGerenciales,2,HAB230104, Ricardo  Vidal
HAB2301,HabilidadesGerenciales,2,HAB230104, Juan Pablo  Muñoz
HAB2301,HabilidadesGerenciales,2,HAB230104, Isabel  Moya
HAB2301,HabilidadesGerenciales,2,HAB230104, Mariana  Ferrer
