Codigo Asignatura,Nombre Asignatura,Nivel,Codigo Curso,Estudiante
HAB2301,HabilidadesGerenciales,2,HAB230105, María José  Calvo
HAB2301,HabilidadesGerenciales,2,HAB230105, Adriana  Guerra
HAB2301,HabilidadesGerenciales,2,HAB230105, Mateo  Rivas
HAB2301,HabilidadesGerenciales,2,HAB230105, Daniela  Benítez
HAB2301,HabilidadesGerenciales,2,HAB230105, Miguel  Linares
HAB2301,HabilidadesGerenciales,2,HAB230105, Simón  Ramos
HAB2301,HabilidadesGerenciales,2,HAB230105, Francisco  Cabrera
HAB2301,HabilidadesGerenciales,2,HAB230105, Antonella  Cordero
HAB2301,HabilidadesGerenciales,2,HAB230105, Luciana  Marín
HAB2301,HabilidadesGerenciales,2,HAB230105, Felipe  González
