Codigo Asignatura,Nombre Asignatura,Nivel,Codigo Curso,Estudiante
HAB2301,HabilidadesGerenciales,2,HAB230102, Benjamín  Suárez
HAB2301,HabilidadesGerenciales,2,HAB230102, Andrés  Ramos
HAB2301,HabilidadesGerenciales,2,HAB230102, Lucía  Vega
HAB2301,HabilidadesGerenciales,2,HAB230102, Daniela  Ramos
HAB2301,HabilidadesGerenciales,2,HAB230102, Pablo  León
HAB2301,HabilidadesGerenciales,2,HAB230102, Benjamín  Rubio
HAB2301,HabilidadesGerenciales,2,HAB230102, Ángel  López
HAB2301,HabilidadesGerenciales,2,HAB230102, Lucía  Rivas
HAB2301,HabilidadesGerenciales,2,HAB230102, Natalia  Díaz
HAB2301,HabilidadesGerenciales,2,HAB230102, Sebastián  Calvo
HAB2301,HabilidadesGerenciales,2,HAB230102, Samantha  Vicente
HAB2301,HabilidadesGerenciales,2,HAB230102, Catalina  Miranda
HAB2301,HabilidadesGerenciales,2,HAB230102, Javier  Calvo
HAB2301,HabilidadesGerenciales,2,HAB230102, Carolina  Carretero
HAB2301,HabilidadesGerenciales,2,HAB230102, Christian  Casado
HAB2301,HabilidadesGerenciales,2,HAB230102, Elena  Ríos
HAB2301,HabilidadesGerenciales,2,HAB230102, Elena  Carmona
HAB2301,HabilidadesGerenciales,2,HAB230102, Sebastián  Alonso
HAB2301,HabilidadesGerenciales,2,HAB230102, Elizabeth  Linares
HAB2301,HabilidadesGerenciales,2,HAB230102, Carlos  Peralta
HAB2301,HabilidadesGerenciales,2,HAB230102, Carolina  Navarro
HAB2301,HabilidadesGerenciales,2,HAB230102, Andrea  Peralta
HAB2301,HabilidadesGerenciales,2,HAB230102, Lucas  Pérez
HAB2301,HabilidadesGerenciales,2,HAB230102, Isabella  Luque
HAB2301,HabilidadesGerenciales,2,HAB230102, Carlos  Gómez
HAB2301,HabilidadesGerenciales,2,HAB230102, Andrea  Medina
HAB2301,HabilidadesGerenciales,2,HAB230102, Ángel  Mesa
HAB2301,HabilidadesGerenciales,2,HAB230102, Andrea  Casado
HAB2301,HabilidadesGerenciales,2,HAB230102, Andrés  Vicente
HAB2301,HabilidadesGerenciales,2,HAB230102, Natalia  Cabello
