Codigo Asignatura,Nombre Asignatura,Nivel,Codigo Curso,Estudiante
HAB2301,HabilidadesGerenciales,2,HAB230101, Francisco  Gil
HAB2301,HabilidadesGerenciales,2,HAB230101, Andrés  Miranda
HAB2301,HabilidadesGerenciales,2,HAB230101, Tomás  Ríos
HAB2301,HabilidadesGerenciales,2,HAB230101, Natalia  León
HAB2301,HabilidadesGerenciales,2,HAB230101, Valentina  Molina
HAB2301,HabilidadesGerenciales,2,HAB230101, Clara  Herrera
HAB2301,HabilidadesGerenciales,2,HAB230101, Juan Pablo  Amaya
HAB2301,HabilidadesGerenciales,2,HAB230101, Santiago  Suárez
HAB2301,HabilidadesGerenciales,2,HAB230101, Pablo  Prieto
HAB2301,HabilidadesGerenciales,2,HAB230101, Valeria  Cabello
HAB2301,HabilidadesGerenciales,2,HAB230101, Ricardo  Suárez
HAB2301,HabilidadesGerenciales,2,HAB230101, Miguel  González
HAB2301,HabilidadesGerenciales,2,HAB230101, Mariana  Alonso
HAB2301,HabilidadesGerenciales,2,HAB230101, Martín  Gómez
HAB2301,HabilidadesGerenciales,2,HAB230101, Juan José  Fernández
HAB2301,HabilidadesGerenciales,2,HAB230101, Andrea  Ortega
HAB2301,HabilidadesGerenciales,2,HAB230101, Catalina  Calvo
HAB2301,HabilidadesGerenciales,2,HAB230101, Paula  Vidal
HAB2301,HabilidadesGerenciales,2,HAB230101, Tomás  Iglesias
HAB2301,HabilidadesGerenciales,2,HAB230101, Gabriel  Pastor
HAB2301,HabilidadesGerenciales,2,HAB230101, Luciana  Garrido
HAB2301,HabilidadesGerenciales,2,HAB230101, Samantha  Garrido
HAB2301,HabilidadesGerenciales,2,HAB230101, Eduardo  Morales
HAB2301,HabilidadesGerenciales,2,HAB230101, Samuel  González
HAB2301,HabilidadesGerenciales,2,HAB230101, Alexander  Cervantes
HAB2301,HabilidadesGerenciales,2,HAB230101, Andrés  Correa
HAB2301,HabilidadesGerenciales,2,HAB230101, Paula  Álvarez
HAB2301,HabilidadesGerenciales,2,HAB230101, Elizabeth  Benítez
HAB2301,HabilidadesGerenciales,2,HAB230101, Alejandro  Alonso
HAB2301,HabilidadesGerenciales,2,HAB230101, Andrés  Martínez
