Codigo Asignatura,Nombre Asignatura,Nivel,Codigo Curso,Estudiante
HAB2301,HabilidadesGerenciales,2,HAB230103, Ricardo  Cabello
HAB2301,HabilidadesGerenciales,2,HAB230103, Daniela  Vargas
HAB2301,HabilidadesGerenciales,2,HAB230103, Natalia  Cordero
HAB2301,HabilidadesGerenciales,2,HAB230103, Francisco  Santana
HAB2301,HabilidadesGerenciales,2,HAB230103, Isabel  Molina
HAB2301,HabilidadesGerenciales,2,HAB230103, Gabriel  Medina
HAB2301,HabilidadesGerenciales,2,HAB230103, Simón  Muñoz
HAB2301,HabilidadesGerenciales,2,HAB230103, Miguel  Guerra
HAB2301,HabilidadesGerenciales,2,HAB230103, Andrea  Abad
HAB2301,HabilidadesGerenciales,2,HAB230103, Santiago  Alonso
HAB2301,HabilidadesGerenciales,2,HAB230103, Natalia  Peralta
HAB2301,HabilidadesGerenciales,2,HAB230103, Adriana  Mesa
HAB2301,HabilidadesGerenciales,2,HAB230103, Eduardo  Llorente
HAB2301,HabilidadesGerenciales,2,HAB230103, Valentina  Rubio
HAB2301,HabilidadesGerenciales,2,HAB230103, Emma  Romero
HAB2301,HabilidadesGerenciales,2,HAB230103, Antonella  Ochoa
HAB2301,HabilidadesGerenciales,2,HAB230103, Laura  Ramos
HAB2301,HabilidadesGerenciales,2,HAB230103, Andrés  Linares
HAB2301,HabilidadesGerenciales,2,HAB230103, Simón  Suárez
HAB2301,HabilidadesGerenciales,2,HAB230103, Matías  Rodríguez
HAB2301,HabilidadesGerenciales,2,HAB230103, Martín  Carretero
HAB2301,HabilidadesGerenciales,2,HAB230103, Antonia  Sánchez
HAB2301,HabilidadesGerenciales,2,HAB230103, Mauricio  Peralta
HAB2301,HabilidadesGerenciales,2,HAB230103, Paula  Robles
HAB2301,HabilidadesGerenciales,2,HAB230103, David  Robles
HAB2301,HabilidadesGerenciales,2,HAB230103, Andrés  Calvo
HAB2301,HabilidadesGerenciales,2,HAB230103, María  Correa
HAB2301,HabilidadesGerenciales,2,HAB230103, Natalia  Vega
HAB2301,HabilidadesGerenciales,2,HAB230103, Manuel  Molina
HAB2301,HabilidadesGerenciales,2,HAB230103, Ricardo  Herrero
