Codigo Asignatura,Nombre Asignatura,Nivel,Codigo Curso,Estudiante
ALG3301,AlgoritmiayProgramacion,3,ALG330101, Elena  Fernández
ALG3301,AlgoritmiayProgramacion,3,ALG330101, Isabella  Delgado
ALG3301,AlgoritmiayProgramacion,3,ALG330101, Carlos  Peralta
ALG3301,AlgoritmiayProgramacion,3,ALG330101, Jennifer  Arias
ALG3301,AlgoritmiayProgramacion,3,ALG330101, Leonardo  Guerra
ALG3301,AlgoritmiayProgramacion,3,ALG330101, Juliana  Linares
ALG3301,AlgoritmiayProgramacion,3,ALG330101, Daniel  Pérez
ALG3301,AlgoritmiayProgramacion,3,ALG330101, Ángel  Miranda
ALG3301,AlgoritmiayProgramacion,3,ALG330101, Gabriel  Amaya
ALG3301,AlgoritmiayProgramacion,3,ALG330101, Gabriela  Cordero
ALG3301,AlgoritmiayProgramacion,3,ALG330101, Daniela  Robles
ALG3301,AlgoritmiayProgramacion,3,ALG330101, David  Robles
ALG3301,AlgoritmiayProgramacion,3,ALG330101, Emma  Carretero
ALG3301,AlgoritmiayProgramacion,3,ALG330101, Alejandro  Rodríguez
ALG3301,AlgoritmiayProgramacion,3,ALG330101, Samantha  Cortés
ALG3301,AlgoritmiayProgramacion,3,ALG330101, Simón  Gómez
ALG3301,AlgoritmiayProgramacion,3,ALG330101, Natalia  Alonso
ALG3301,AlgoritmiayProgramacion,3,ALG330101, Andrés  Vega
ALG3301,AlgoritmiayProgramacion,3,ALG330101, Catalina  Ortega
ALG3301,AlgoritmiayProgramacion,3,ALG330101, Elena  Blanco
ALG3301,AlgoritmiayProgramacion,3,ALG330101, Tomás  García
ALG3301,AlgoritmiayProgramacion,3,ALG330101, Andrés  Serrano
ALG3301,AlgoritmiayProgramacion,3,ALG330101, Simón  Aguilar
ALG3301,AlgoritmiayProgramacion,3,ALG330101, Jennifer  Correa
ALG3301,AlgoritmiayProgramacion,3,ALG330101, Fernanda  Molina
ALG3301,AlgoritmiayProgramacion,3,ALG330101, Santiago  Vázquez
ALG3301,AlgoritmiayProgramacion,3,ALG330101, Juan David  Molina
ALG3301,AlgoritmiayProgramacion,3,ALG330101, Tomás  Navarro
ALG3301,AlgoritmiayProgramacion,3,ALG330101, Lucas  Pérez
ALG3301,AlgoritmiayProgramacion,3,ALG330101, Juan  Luque
