Codigo Asignatura,Nombre Asignatura,Nivel,Codigo Curso,Estudiante
ALG3301,AlgoritmiayProgramacion,3,ALG330103, Manuel  Álvarez
ALG3301,AlgoritmiayProgramacion,3,ALG330103, Leonardo  Vargas
ALG3301,AlgoritmiayProgramacion,3,ALG330103, Javier  Álvarez
ALG3301,AlgoritmiayProgramacion,3,ALG330103, Esteban  Morales
ALG3301,AlgoritmiayProgramacion,3,ALG330103, Simón  García
ALG3301,AlgoritmiayProgramacion,3,ALG330103, Isabel  Moya
ALG3301,AlgoritmiayProgramacion,3,ALG330103, Eduardo  Soto
ALG3301,AlgoritmiayProgramacion,3,ALG330103, Valentina  Morales
ALG3301,AlgoritmiayProgramacion,3,ALG330103, Isabella  Garrido
ALG3301,AlgoritmiayProgramacion,3,ALG330103, Luciana  Arias
ALG3301,AlgoritmiayProgramacion,3,ALG330103, Ana  Peralta
ALG3301,AlgoritmiayProgramacion,3,ALG330103, Juan David  Ramos
ALG3301,AlgoritmiayProgramacion,3,ALG330103, Juliana  Vargas
ALG3301,AlgoritmiayProgramacion,3,ALG330103, Lucía  Vega
ALG3301,AlgoritmiayProgramacion,3,ALG330103, María José  Robles
ALG3301,AlgoritmiayProgramacion,3,ALG330103, Santiago  Alonso
ALG3301,AlgoritmiayProgramacion,3,ALG330103, Fernanda  Delgado
ALG3301,AlgoritmiayProgramacion,3,ALG330103, Sebastián  Medina
ALG3301,AlgoritmiayProgramacion,3,ALG330103, Andrea  Medina
ALG3301,AlgoritmiayProgramacion,3,ALG330103, Luciana  Marín
ALG3301,AlgoritmiayProgramacion,3,ALG330103, Miguel  Gómez
ALG3301,AlgoritmiayProgramacion,3,ALG330103, Daniela  Fernández
ALG3301,AlgoritmiayProgramacion,3,ALG330103, Laura  Cervantes
ALG3301,AlgoritmiayProgramacion,3,ALG330103, Christian  Prieto
ALG3301,AlgoritmiayProgramacion,3,ALG330103, Lucas  Cordero
ALG3301,AlgoritmiayProgramacion,3,ALG330103, Esteban  Molina
ALG3301,AlgoritmiayProgramacion,3,ALG330103, Catalina  Cabrera
ALG3301,AlgoritmiayProgramacion,3,ALG330103, Emma  Aguilar
ALG3301,AlgoritmiayProgramacion,3,ALG330103, Samuel  Pastor
ALG3301,AlgoritmiayProgramacion,3,ALG330103, Andrés  Ríos
