Codigo Asignatura,Nombre Asignatura,Nivel,Codigo Curso,Estudiante
ALG3301,AlgoritmiayProgramacion,3,ALG330102, Isabella  Rodríguez
ALG3301,AlgoritmiayProgramacion,3,ALG330102, Benjamín  León
ALG3301,AlgoritmiayProgramacion,3,ALG330102, José  Hidalgo
ALG3301,AlgoritmiayProgramacion,3,ALG330102, Andrés  González
ALG3301,AlgoritmiayProgramacion,3,ALG330102, Luciana  González
ALG3301,AlgoritmiayProgramacion,3,ALG330102, Carolina  Gallego
ALG3301,AlgoritmiayProgramacion,3,ALG330102, Catalina  López
ALG3301,AlgoritmiayProgramacion,3,ALG330102, Daniel  Ferrer
ALG3301,AlgoritmiayProgramacion,3,ALG330102, Juan  Ramos
ALG3301,AlgoritmiayProgramacion,3,ALG330102, Juliana  Soto
ALG3301,AlgoritmiayProgramacion,3,ALG330102, Eduardo  Calvo
ALG3301,AlgoritmiayProgramacion,3,ALG330102, Juan  Vázquez
ALG3301,AlgoritmiayProgramacion,3,ALG330102, Valentina  Carmona
ALG3301,AlgoritmiayProgramacion,3,ALG330102, María  Ochoa
ALG3301,AlgoritmiayProgramacion,3,ALG330102, Ana  Alonso
ALG3301,AlgoritmiayProgramacion,3,ALG330102, Emily  Molina
ALG3301,AlgoritmiayProgramacion,3,ALG330102, Juan  Castro
ALG3301,AlgoritmiayProgramacion,3,ALG330102, Felipe  Domínguez
ALG3301,AlgoritmiayProgramacion,3,ALG330102, Carlos  Gómez
ALG3301,AlgoritmiayProgramacion,3,ALG330102, Valentina  Marín
ALG3301,AlgoritmiayProgramacion,3,ALG330102, Andrea  Vidal
ALG3301,AlgoritmiayProgramacion,3,ALG330102, Esteban  Abad
ALG3301,AlgoritmiayProgramacion,3,ALG330102, Samantha  Llorente
ALG3301,AlgoritmiayProgramacion,3,ALG330102, Tomás  Soler
ALG3301,AlgoritmiayProgramacion,3,ALG330102, Benjamín  Ruiz
ALG3301,AlgoritmiayProgramacion,3,ALG330102, Matías  Luque
ALG3301,AlgoritmiayProgramacion,3,ALG330102, Mateo  Gómez
ALG3301,AlgoritmiayProgramacion,3,ALG330102, Natalia  Pascual
ALG3301,AlgoritmiayProgramacion,3,ALG330102, Alejandra  García
ALG3301,AlgoritmiayProgramacion,3,ALG330102, Alejandra  Cruz
