Codigo Asignatura,Nombre Asignatura,Nivel,Codigo Curso,Estudiante
ALG3301,AlgoritmiayProgramacion,3,ALG330104, Sara  Ortega
ALG3301,AlgoritmiayProgramacion,3,ALG330104, Leonardo  Torres
ALG3301,AlgoritmiayProgramacion,3,ALG330104, Adriana  Varela
ALG3301,AlgoritmiayProgramacion,3,ALG330104, Fernanda  Gutiérrez
ALG3301,AlgoritmiayProgramacion,3,ALG330104, Gabriel  Esteban
ALG3301,AlgoritmiayProgramacion,3,ALG330104, Esteban  Martínez
ALG3301,AlgoritmiayProgramacion,3,ALG330104, Santiago  Carretero
ALG3301,AlgoritmiayProgramacion,3,ALG330104, Elizabeth  Linares
ALG3301,AlgoritmiayProgramacion,3,ALG330104, Antonia  Oliva
ALG3301,AlgoritmiayProgramacion,3,ALG330104, David  Cabello
ALG3301,AlgoritmiayProgramacion,3,ALG330104, Santiago  Suárez
ALG3301,AlgoritmiayProgramacion,3,ALG330104, Luciana  Luque
ALG3301,AlgoritmiayProgramacion,3,ALG330104, Valentina  Díaz
ALG3301,AlgoritmiayProgramacion,3,ALG330104, Catalina  Cruz
ALG3301,AlgoritmiayProgramacion,3,ALG330104, Valentina  Martínez
ALG3301,AlgoritmiayProgramacion,3,ALG330104, Lucas  Molina
ALG3301,AlgoritmiayProgramacion,3,ALG330104, Jimena  Castro
ALG3301,AlgoritmiayProgramacion,3,ALG330104, Simón  Ramos
ALG3301,AlgoritmiayProgramacion,3,ALG330104, Mateo  Mesa
ALG3301,AlgoritmiayProgramacion,3,ALG330104, Ángel  Casado
ALG3301,AlgoritmiayProgramacion,3,ALG330104, Juan  Suárez
ALG3301,AlgoritmiayProgramacion,3,ALG330104, Jimena  Serrano
ALG3301,AlgoritmiayProgramacion,3,ALG330104, Pablo  Aguilar
ALG3301,AlgoritmiayProgramacion,3,ALG330104, Alejandra  Medina
ALG3301,AlgoritmiayProgramacion,3,ALG330104, Juan  Cordero
ALG3301,AlgoritmiayProgramacion,3,ALG330104, Valentina  Navarro
ALG3301,AlgoritmiayProgramacion,3,ALG330104, Emma  Amaya
ALG3301,AlgoritmiayProgramacion,3,ALG330104, Christian  Oliva
ALG3301,AlgoritmiayProgramacion,3,ALG330104, Isabella  Vargas
ALG3301,AlgoritmiayProgramacion,3,ALG330104, Catalina  Peralta
