Codigo Asignatura,Nombre Asignatura,Nivel,Codigo Curso,Estudiante
ELE9301,ElectivaComplementariaIII,9,ELE930104, Emma  Aguilar
ELE9301,ElectivaComplementariaIII,9,ELE930104, Samantha  Vicente
ELE9301,ElectivaComplementariaIII,9,ELE930104, Valentina  Alonso
ELE9301,ElectivaComplementariaIII,9,ELE930104, Simón  Linares
ELE9301,ElectivaComplementariaIII,9,ELE930104, Samantha  Cortés
ELE9301,ElectivaComplementariaIII,9,ELE930104, Jimena  Rodríguez
ELE9301,ElectivaComplementariaIII,9,ELE930104, Ángel  Rodríguez
ELE9301,ElectivaComplementariaIII,9,ELE930104, Emma  García
ELE9301,ElectivaComplementariaIII,9,ELE930104, Nicolás  García
ELE9301,ElectivaComplementariaIII,9,ELE930104, Gabriela  Castro
