Codigo Asignatura,Nombre Asignatura,Nivel,Codigo Curso,Estudiante
ELE9301,ElectivaComplementariaIII,9,ELE930103, Samantha  Garrido
ELE9301,ElectivaComplementariaIII,9,ELE930103, Catalina  Marín
ELE9301,ElectivaComplementariaIII,9,ELE930103, Carlos  Peralta
ELE9301,ElectivaComplementariaIII,9,ELE930103, María José  Robles
ELE9301,ElectivaComplementariaIII,9,ELE930103, Ricardo  Cabello
ELE9301,ElectivaComplementariaIII,9,ELE930103, Gabriel  Amaya
ELE9301,ElectivaComplementariaIII,9,ELE930103, Ricardo  Cruz
ELE9301,ElectivaComplementariaIII,9,ELE930103, Christian  Vidal
ELE9301,ElectivaComplementariaIII,9,ELE930103, Sebastián  Carmona
ELE9301,ElectivaComplementariaIII,9,ELE930103, Diego  Ortega
ELE9301,ElectivaComplementariaIII,9,ELE930103, Matías  Cabrera
ELE9301,ElectivaComplementariaIII,9,ELE930103, Simón  Aguilar
ELE9301,ElectivaComplementariaIII,9,ELE930103, Valentina  Ochoa
ELE9301,ElectivaComplementariaIII,9,ELE930103, Marcela  Ríos
ELE9301,ElectivaComplementariaIII,9,ELE930103, Gabriela  Guerra
ELE9301,ElectivaComplementariaIII,9,ELE930103, Paula  Suárez
ELE9301,ElectivaComplementariaIII,9,ELE930103, Andrés  Álvarez
ELE9301,ElectivaComplementariaIII,9,ELE930103, Paula  Álvarez
ELE9301,ElectivaComplementariaIII,9,ELE930103, Pablo  Calvo
ELE9301,ElectivaComplementariaIII,9,ELE930103, Carlos  Vargas
