Codigo Asignatura,Nombre Asignatura,Nivel,Codigo Curso,Estudiante
ENF8301,EnfasisProfesionalII,8,ENF830102, David  Robles
ENF8301,EnfasisProfesionalII,8,ENF830102, Samantha  Vicente
ENF8301,EnfasisProfesionalII,8,ENF830102, Christian  González
ENF8301,EnfasisProfesionalII,8,ENF830102, Mariana  Vargas
ENF8301,EnfasisProfesionalII,8,ENF830102, Sara  Ortiz
ENF8301,EnfasisProfesionalII,8,ENF830102, Alejandra  Vicente
ENF8301,EnfasisProfesionalII,8,ENF830102, Sebastián  Amaya
ENF8301,EnfasisProfesionalII,8,ENF830102, Carolina  Cordero
ENF8301,EnfasisProfesionalII,8,ENF830102, Daniela  Ramos
ENF8301,EnfasisProfesionalII,8,ENF830102, Paula  Vidal
ENF8301,EnfasisProfesionalII,8,ENF830102, Samantha  Vidal
ENF8301,EnfasisProfesionalII,8,ENF830102, Camila  Vicente
ENF8301,EnfasisProfesionalII,8,ENF830102, Tomás  Muñoz
ENF8301,EnfasisProfesionalII,8,ENF830102, Samantha  Ramos
ENF8301,EnfasisProfesionalII,8,ENF830102, Sofia  Miranda
ENF8301,EnfasisProfesionalII,8,ENF830102, Tomás  Ríos
ENF8301,EnfasisProfesionalII,8,ENF830102, Sebastián  Gil
ENF8301,EnfasisProfesionalII,8,ENF830102, Ricardo  Alonso
ENF8301,EnfasisProfesionalII,8,ENF830102, Juan David  Gil
ENF8301,EnfasisProfesionalII,8,ENF830102, Benjamín  López
