Codigo Asignatura,Nombre Asignatura,Nivel,Codigo Curso,Estudiante
ENF8301,EnfasisProfesionalII,8,ENF830101, Mateo  Gallego
ENF8301,EnfasisProfesionalII,8,ENF830101, Lucas  Cortés
ENF8301,EnfasisProfesionalII,8,ENF830101, Santiago  Medina
ENF8301,EnfasisProfesionalII,8,ENF830101, Adriana  Mesa
ENF8301,EnfasisProfesionalII,8,ENF830101, Samuel  Cervantes
ENF8301,EnfasisProfesionalII,8,ENF830101, Pablo  Gómez
ENF8301,EnfasisProfesionalII,8,ENF830101, Francisco  Gallego
ENF8301,EnfasisProfesionalII,8,ENF830101, Antonella  Casado
ENF8301,EnfasisProfesionalII,8,ENF830101, Alejandro  Alonso
ENF8301,EnfasisProfesionalII,8,ENF830101, Antonia  Benítez
ENF8301,EnfasisProfesionalII,8,ENF830101, Francisco  Moya
ENF8301,EnfasisProfesionalII,8,ENF830101, Lucía  Moreno
ENF8301,EnfasisProfesionalII,8,ENF830101, Elena  Soler
ENF8301,EnfasisProfesionalII,8,ENF830101, José  Oliva
ENF8301,EnfasisProfesionalII,8,ENF830101, Ángel  Vicente
ENF8301,EnfasisProfesionalII,8,ENF830101, Gabriela  Moreno
ENF8301,EnfasisProfesionalII,8,ENF830101, Mariana  Ferrer
ENF8301,EnfasisProfesionalII,8,ENF830101, Ricardo  Herrero
ENF8301,EnfasisProfesionalII,8,ENF830101, Daniela  Blanco
ENF8301,EnfasisProfesionalII,8,ENF830101, Santiago  González
