Codigo Asignatura,Nombre Asignatura,Nivel,Codigo Curso,Estudiante
ENF8301,EnfasisProfesionalII,8,ENF830104, Juan Pablo  Herrera
ENF8301,EnfasisProfesionalII,8,ENF830104, Andrés  Martínez
ENF8301,EnfasisProfesionalII,8,ENF830104, Gabriel  Medina
ENF8301,EnfasisProfesionalII,8,ENF830104, Martín  Robles
ENF8301,EnfasisProfesionalII,8,ENF830104, Santiago  Vázquez
ENF8301,EnfasisProfesionalII,8,ENF830104, Gabriel  Luque
ENF8301,EnfasisProfesionalII,8,ENF830104, Valeria  Cabello
ENF8301,EnfasisProfesionalII,8,ENF830104, Juan José  Abad
ENF8301,EnfasisProfesionalII,8,ENF830104, Paula  Robles
ENF8301,EnfasisProfesionalII,8,ENF830104, Andrea  León
ENF8301,EnfasisProfesionalII,8,ENF830104, Santiago  Rivas
ENF8301,EnfasisProfesionalII,8,ENF830104, José  González
ENF8301,EnfasisProfesionalII,8,ENF830104, Antonia  Nieto
ENF8301,EnfasisProfesionalII,8,ENF830104, Jennifer  Gutiérrez
ENF8301,EnfasisProfesionalII,8,ENF830104, Andrés  Muñoz
ENF8301,EnfasisProfesionalII,8,ENF830104, Sebastián  Prieto
ENF8301,EnfasisProfesionalII,8,ENF830104, Sofia  Herrero
ENF8301,EnfasisProfesionalII,8,ENF830104, Benjamín  León
ENF8301,EnfasisProfesionalII,8,ENF830104, José  Pascual
ENF8301,EnfasisProfesionalII,8,ENF830104, Lucas  Díaz
