Codigo Asignatura,Nombre Asignatura,Nivel,Codigo Curso,Estudiante
ENF8301,EnfasisProfesionalII,8,ENF830103, Lucas  Cordero
ENF8301,EnfasisProfesionalII,8,ENF830103, Emily  Ortiz
ENF8301,EnfasisProfesionalII,8,ENF830103, Emily  Guerra
ENF8301,EnfasisProfesionalII,8,ENF830103, Elizabeth  Benítez
ENF8301,EnfasisProfesionalII,8,ENF830103, Antonia  Díaz
ENF8301,EnfasisProfesionalII,8,ENF830103, Sara  Ortega
ENF8301,EnfasisProfesionalII,8,ENF830103, Simón  Molina
ENF8301,EnfasisProfesionalII,8,ENF830103, Agustín  Romero
ENF8301,EnfasisProfesionalII,8,ENF830103, Elizabeth  Ruiz
ENF8301,EnfasisProfesionalII,8,ENF830103, Emilio  Cervantes
ENF8301,EnfasisProfesionalII,8,ENF830103, Christian  Herrera
ENF8301,EnfasisProfesionalII,8,ENF830103, Natalia  Molina
ENF8301,EnfasisProfesionalII,8,ENF830103, Catalina  Pérez
ENF8301,EnfasisProfesionalII,8,ENF830103, Andrea  Cervantes
ENF8301,EnfasisProfesionalII,8,ENF830103, Matías  Vicente
ENF8301,EnfasisProfesionalII,8,ENF830103, Santiago  Cabrera
ENF8301,EnfasisProfesionalII,8,ENF830103, Valeria  Abad
ENF8301,EnfasisProfesionalII,8,ENF830103, Jennifer  Muñoz
ENF8301,EnfasisProfesionalII,8,ENF830103, Miguel  Torres
ENF8301,EnfasisProfesionalII,8,ENF830103, María  Nieto
