Codigo Asignatura,Nombre Asignatura,Nivel,Codigo Curso,Estudiante
FOR7301,FormulacionyEvaluaciondeProyectosdeInversion,7,FOR730101, Isabel  Molina
FOR7301,FormulacionyEvaluaciondeProyectosdeInversion,7,FOR730101, Natalia  Llorente
FOR7301,FormulacionyEvaluaciondeProyectosdeInversion,7,FOR730101, Pablo  Cabrera
FOR7301,FormulacionyEvaluaciondeProyectosdeInversion,7,FOR730101, Santiago  Rivas
FOR7301,FormulacionyEvaluaciondeProyectosdeInversion,7,FOR730101, Sebastián  Calvo
FOR7301,FormulacionyEvaluaciondeProyectosdeInversion,7,FOR730101, Francisco  Marín
FOR7301,FormulacionyEvaluaciondeProyectosdeInversion,7,FOR730101, Mateo  Muñoz
FOR7301,FormulacionyEvaluaciondeProyectosdeInversion,7,FOR730101, Manuel  Álvarez
FOR7301,FormulacionyEvaluaciondeProyectosdeInversion,7,FOR730101, Valeria  Carretero
FOR7301,FormulacionyEvaluaciondeProyectosdeInversion,7,FOR730101, Tomás  Hidalgo
FOR7301,FormulacionyEvaluaciondeProyectosdeInversion,7,FOR730101, Catalina  Ortega
FOR7301,FormulacionyEvaluaciondeProyectosdeInversion,7,FOR730101, Alejandro  Medina
FOR7301,FormulacionyEvaluaciondeProyectosdeInversion,7,FOR730101, Andrés  Rubio
FOR7301,FormulacionyEvaluaciondeProyectosdeInversion,7,FOR730101, Andrés  Oliva
FOR7301,FormulacionyEvaluaciondeProyectosdeInversion,7,FOR730101, Esteban  Molina
FOR7301,FormulacionyEvaluaciondeProyectosdeInversion,7,FOR730101, Alexander  Fernández
FOR7301,FormulacionyEvaluaciondeProyectosdeInversion,7,FOR730101, Isabella  Torres
FOR7301,FormulacionyEvaluaciondeProyectosdeInversion,7,FOR730101, Simón  Castro
FOR7301,FormulacionyEvaluaciondeProyectosdeInversion,7,FOR730101, Sofia  Ortega
FOR7301,FormulacionyEvaluaciondeProyectosdeInversion,7,FOR730101, Juan José  Oliva
