Codigo Asignatura,Nombre Asignatura,Nivel,Codigo Curso,Estudiante
FOR7301,FormulacionyEvaluaciondeProyectosdeInversion,7,FOR730103, Andrea  Cervantes
FOR7301,FormulacionyEvaluaciondeProyectosdeInversion,7,FOR730103, Gabriela  Rubio
FOR7301,FormulacionyEvaluaciondeProyectosdeInversion,7,FOR730103, Javier  Vicente
FOR7301,FormulacionyEvaluaciondeProyectosdeInversion,7,FOR730103, Marcela  García
FOR7301,FormulacionyEvaluaciondeProyectosdeInversion,7,FOR730103, Felipe  Serrano
FOR7301,FormulacionyEvaluaciondeProyectosdeInversion,7,FOR730103, Santiago  Bravo
FOR7301,FormulacionyEvaluaciondeProyectosdeInversion,7,FOR730103, Jimena  Serrano
FOR7301,FormulacionyEvaluaciondeProyectosdeInversion,7,FOR730103, María  Miranda
FOR7301,FormulacionyEvaluaciondeProyectosdeInversion,7,FOR730103, Natalia  Pascual
FOR7301,FormulacionyEvaluaciondeProyectosdeInversion,7,FOR730103, Tomás  Navarro
FOR7301,FormulacionyEvaluaciondeProyectosdeInversion,7,FOR730103, Eduardo  Llorente
FOR7301,FormulacionyEvaluaciondeProyectosdeInversion,7,FOR730103, José  Martínez
FOR7301,FormulacionyEvaluaciondeProyectosdeInversion,7,FOR730103, Mauricio  Peralta
FOR7301,FormulacionyEvaluaciondeProyectosdeInversion,7,FOR730103, Isabel  Miranda
FOR7301,FormulacionyEvaluaciondeProyectosdeInversion,7,FOR730103, Daniela  Benítez
FOR7301,FormulacionyEvaluaciondeProyectosdeInversion,7,FOR730103, Adriana  Herrero
FOR7301,FormulacionyEvaluaciondeProyectosdeInversion,7,FOR730103, Catalina  Soto
FOR7301,FormulacionyEvaluaciondeProyectosdeInversion,7,FOR730103, Andrés  Esteban
FOR7301,FormulacionyEvaluaciondeProyectosdeInversion,7,FOR730103, Valentina  Rodríguez
FOR7301,FormulacionyEvaluaciondeProyectosdeInversion,7,FOR730103, Daniel  Romero
