Codigo Asignatura,Nombre Asignatura,Nivel,Codigo Curso,Estudiante
FOR7301,FormulacionyEvaluaciondeProyectosdeInversion,7,FOR730104, Camila  Garrido
FOR7301,FormulacionyEvaluaciondeProyectosdeInversion,7,FOR730104, Valentina  Fernández
FOR7301,FormulacionyEvaluaciondeProyectosdeInversion,7,FOR730104, Lucas  Aguilar
FOR7301,FormulacionyEvaluaciondeProyectosdeInversion,7,FOR730104, Luciana  Garrido
FOR7301,FormulacionyEvaluaciondeProyectosdeInversion,7,FOR730104, Alejandra  Peralta
FOR7301,FormulacionyEvaluaciondeProyectosdeInversion,7,FOR730104, Felipe  Ruiz
FOR7301,FormulacionyEvaluaciondeProyectosdeInversion,7,FOR730104, Manuel  Ochoa
FOR7301,FormulacionyEvaluaciondeProyectosdeInversion,7,FOR730104, Mariana  Benítez
FOR7301,FormulacionyEvaluaciondeProyectosdeInversion,7,FOR730104, Miguel  Vargas
FOR7301,FormulacionyEvaluaciondeProyectosdeInversion,7,FOR730104, Lucas  Iglesias
FOR7301,FormulacionyEvaluaciondeProyectosdeInversion,7,FOR730104, Mariana  Vicente
FOR7301,FormulacionyEvaluaciondeProyectosdeInversion,7,FOR730104, Miguel  Linares
FOR7301,FormulacionyEvaluaciondeProyectosdeInversion,7,FOR730104, José  Cruz
FOR7301,FormulacionyEvaluaciondeProyectosdeInversion,7,FOR730104, Daniela  Santana
FOR7301,FormulacionyEvaluaciondeProyectosdeInversion,7,FOR730104, Isabella  Marín
FOR7301,FormulacionyEvaluaciondeProyectosdeInversion,7,FOR730104, Antonia  Nieto
FOR7301,FormulacionyEvaluaciondeProyectosdeInversion,7,FOR730104, Javier  Guerra
FOR7301,FormulacionyEvaluaciondeProyectosdeInversion,7,FOR730104, Diego  Miranda
FOR7301,FormulacionyEvaluaciondeProyectosdeInversion,7,FOR730104, Alexander  Vargas
FOR7301,FormulacionyEvaluaciondeProyectosdeInversion,7,FOR730104, Eduardo  Medina
