Codigo Asignatura,Nombre Asignatura,Nivel,Codigo Curso,Estudiante
FOR7301,FormulacionyEvaluaciondeProyectosdeInversion,7,FOR730102, Simón  Varela
FOR7301,FormulacionyEvaluaciondeProyectosdeInversion,7,FOR730102, Isabella  Pascual
FOR7301,FormulacionyEvaluaciondeProyectosdeInversion,7,FOR730102, Miguel  Gómez
FOR7301,FormulacionyEvaluaciondeProyectosdeInversion,7,FOR730102, Sebastián  Torres
FOR7301,FormulacionyEvaluaciondeProyectosdeInversion,7,FOR730102, Alejandro  Benítez
FOR7301,FormulacionyEvaluaciondeProyectosdeInversion,7,FOR730102, Cristóbal  Garrido
FOR7301,FormulacionyEvaluaciondeProyectosdeInversion,7,FOR730102, David  Esteban
FOR7301,FormulacionyEvaluaciondeProyectosdeInversion,7,FOR730102, Natalia  Medina
FOR7301,FormulacionyEvaluaciondeProyectosdeInversion,7,FOR730102, Esteban  Martínez
FOR7301,FormulacionyEvaluaciondeProyectosdeInversion,7,FOR730102, Mateo  Gómez
FOR7301,FormulacionyEvaluaciondeProyectosdeInversion,7,FOR730102, Catalina  Alonso
FOR7301,FormulacionyEvaluaciondeProyectosdeInversion,7,FOR730102, Simón  Molina
FOR7301,FormulacionyEvaluaciondeProyectosdeInversion,7,FOR730102, Santiago  Prieto
FOR7301,FormulacionyEvaluaciondeProyectosdeInversion,7,FOR730102, Alejandra  Ramos
FOR7301,FormulacionyEvaluaciondeProyectosdeInversion,7,FOR730102, Diego  Ríos
FOR7301,FormulacionyEvaluaciondeProyectosdeInversion,7,FOR730102, Catalina  Garrido
FOR7301,FormulacionyEvaluaciondeProyectosdeInversion,7,FOR730102, Ricardo  Herrera
FOR7301,FormulacionyEvaluaciondeProyectosdeInversion,7,FOR730102, Juan Pablo  Calvo
FOR7301,FormulacionyEvaluaciondeProyectosdeInversion,7,FOR730102, Carolina  Navarro
FOR7301,FormulacionyEvaluaciondeProyectosdeInversion,7,FOR730102, Esteban  Vicente
