Codigo Asignatura,Nombre Asignatura,Nivel,Codigo Curso,Estudiante
FOR7301,FormulacionyEvaluaciondeProyectosdeInversion,7,FOR730105, Andrés  Muñoz
FOR7301,FormulacionyEvaluaciondeProyectosdeInversion,7,FOR730105, Juan David  Molina
FOR7301,FormulacionyEvaluaciondeProyectosdeInversion,7,FOR730105, Martín  Carretero
FOR7301,FormulacionyEvaluaciondeProyectosdeInversion,7,FOR730105, María José  Domínguez
FOR7301,FormulacionyEvaluaciondeProyectosdeInversion,7,FOR730105, Adriana  López
FOR7301,FormulacionyEvaluaciondeProyectosdeInversion,7,FOR730105, Alejandro  Castro
FOR7301,FormulacionyEvaluaciondeProyectosdeInversion,7,FOR730105, Sofía  Ortega
FOR7301,FormulacionyEvaluaciondeProyectosdeInversion,7,FOR730105, Elena  Luque
FOR7301,FormulacionyEvaluaciondeProyectosdeInversion,7,FOR730105, Miguel  Torres
FOR7301,FormulacionyEvaluaciondeProyectosdeInversion,7,FOR730105, Natalia  Vázquez
