Codigo Asignatura,Nombre Asignatura,Nivel,Codigo Curso,Estudiante
EMP7201,Emprendimiento,7,EMP720101, Isabel  Molina
EMP7201,Emprendimiento,7,EMP720101, Natalia  Llorente
EMP7201,Emprendimiento,7,EMP720101, Pablo  Cabrera
EMP7201,Emprendimiento,7,EMP720101, Santiago  Rivas
EMP7201,Emprendimiento,7,EMP720101, Sebastián  Calvo
EMP7201,Emprendimiento,7,EMP720101, Francisco  Marín
EMP7201,Emprendimiento,7,EMP720101, Mateo  Muñoz
EMP7201,Emprendimiento,7,EMP720101, Manuel  Álvarez
EMP7201,Emprendimiento,7,EMP720101, Valeria  Carretero
EMP7201,Emprendimiento,7,EMP720101, Tomás  Hidalgo
EMP7201,Emprendimiento,7,EMP720101, Catalina  Ortega
EMP7201,Emprendimiento,7,EMP720101, Alejandro  Medina
EMP7201,Emprendimiento,7,EMP720101, Andrés  Rubio
EMP7201,Emprendimiento,7,EMP720101, Andrés  Oliva
EMP7201,Emprendimiento,7,EMP720101, Esteban  Molina
EMP7201,Emprendimiento,7,EMP720101, Alexander  Fernández
EMP7201,Emprendimiento,7,EMP720101, Isabella  Torres
EMP7201,Emprendimiento,7,EMP720101, Simón  Castro
EMP7201,Emprendimiento,7,EMP720101, Sofia  Ortega
EMP7201,Emprendimiento,7,EMP720101, Juan José  Oliva
