Codigo Asignatura,Nombre Asignatura,Nivel,Codigo Curso,Estudiante
EMP7201,Emprendimiento,7,EMP720105, Andrés  Muñoz
EMP7201,Emprendimiento,7,EMP720105, Juan David  Molina
EMP7201,Emprendimiento,7,EMP720105, Martín  Carretero
EMP7201,Emprendimiento,7,EMP720105, María José  Domínguez
EMP7201,Emprendimiento,7,EMP720105, Adriana  López
EMP7201,Emprendimiento,7,EMP720105, Alejandro  Castro
EMP7201,Emprendimiento,7,EMP720105, Sofía  Ortega
EMP7201,Emprendimiento,7,EMP720105, Elena  Luque
EMP7201,Emprendimiento,7,EMP720105, Miguel  Torres
EMP7201,Emprendimiento,7,EMP720105, Natalia  Vázquez
