Codigo Asignatura,Nombre Asignatura,Nivel,Codigo Curso,Estudiante
EMP7201,Emprendimiento,7,EMP720104, Camila  Garrido
EMP7201,Emprendimiento,7,EMP720104, Valentina  Fernández
EMP7201,Emprendimiento,7,EMP720104, Lucas  Aguilar
EMP7201,Emprendimiento,7,EMP720104, Luciana  Garrido
EMP7201,Emprendimiento,7,EMP720104, Alejandra  Peralta
EMP7201,Emprendimiento,7,EMP720104, Felipe  Ruiz
EMP7201,Emprendimiento,7,EMP720104, Manuel  Ochoa
EMP7201,Emprendimiento,7,EMP720104, Mariana  Benítez
EMP7201,Emprendimiento,7,EMP720104, Miguel  Vargas
EMP7201,Emprendimiento,7,EMP720104, Lucas  Iglesias
EMP7201,Emprendimiento,7,EMP720104, Mariana  Vicente
EMP7201,Emprendimiento,7,EMP720104, Miguel  Linares
EMP7201,Emprendimiento,7,EMP720104, José  Cruz
EMP7201,Emprendimiento,7,EMP720104, Daniela  Santana
EMP7201,Emprendimiento,7,EMP720104, Isabella  Marín
EMP7201,Emprendimiento,7,EMP720104, Antonia  Nieto
EMP7201,Emprendimiento,7,EMP720104, Javier  Guerra
EMP7201,Emprendimiento,7,EMP720104, Diego  Miranda
EMP7201,Emprendimiento,7,EMP720104, Alexander  Vargas
EMP7201,Emprendimiento,7,EMP720104, Eduardo  Medina
