Codigo Asignatura,Nombre Asignatura,Nivel,Codigo Curso,Estudiante
EMP7201,Emprendimiento,7,EMP720102, Simón  Varela
EMP7201,Emprendimiento,7,EMP720102, Isabella  Pascual
EMP7201,Emprendimiento,7,EMP720102, Miguel  Gómez
EMP7201,Emprendimiento,7,EMP720102, Sebastián  Torres
EMP7201,Emprendimiento,7,EMP720102, Alejandro  Benítez
EMP7201,Emprendimiento,7,EMP720102, Cristóbal  Garrido
EMP7201,Emprendimiento,7,EMP720102, David  Esteban
EMP7201,Emprendimiento,7,EMP720102, Natalia  Medina
EMP7201,Emprendimiento,7,EMP720102, Esteban  Martínez
EMP7201,Emprendimiento,7,EMP720102, Mateo  Gómez
EMP7201,Emprendimiento,7,EMP720102, Catalina  Alonso
EMP7201,Emprendimiento,7,EMP720102, Simón  Molina
EMP7201,Emprendimiento,7,EMP720102, Santiago  Prieto
EMP7201,Emprendimiento,7,EMP720102, Alejandra  Ramos
EMP7201,Emprendimiento,7,EMP720102, Diego  Ríos
EMP7201,Emprendimiento,7,EMP720102, Catalina  Garrido
EMP7201,Emprendimiento,7,EMP720102, Ricardo  Herrera
EMP7201,Emprendimiento,7,EMP720102, Juan Pablo  Calvo
EMP7201,Emprendimiento,7,EMP720102, Carolina  Navarro
EMP7201,Emprendimiento,7,EMP720102, Esteban  Vicente
