Codigo Asignatura,Nombre Asignatura,Nivel,Codigo Curso,Estudiante
EMP7201,Emprendimiento,7,EMP720103, Andrea  Cervantes
EMP7201,Emprendimiento,7,EMP720103, Gabriela  Rubio
EMP7201,Emprendimiento,7,EMP720103, Javier  Vicente
EMP7201,Emprendimiento,7,EMP720103, Marcela  García
EMP7201,Emprendimiento,7,EMP720103, Felipe  Serrano
EMP7201,Emprendimiento,7,EMP720103, Santiago  Bravo
EMP7201,Emprendimiento,7,EMP720103, Jimena  Serrano
EMP7201,Emprendimiento,7,EMP720103, María  Miranda
EMP7201,Emprendimiento,7,EMP720103, Natalia  Pascual
EMP7201,Emprendimiento,7,EMP720103, Tomás  Navarro
EMP7201,Emprendimiento,7,EMP720103, Eduardo  Llorente
EMP7201,Emprendimiento,7,EMP720103, José  Martínez
EMP7201,Emprendimiento,7,EMP720103, Mauricio  Peralta
EMP7201,Emprendimiento,7,EMP720103, Isabel  Miranda
EMP7201,Emprendimiento,7,EMP720103, Daniela  Benítez
EMP7201,Emprendimiento,7,EMP720103, Adriana  Herrero
EMP7201,Emprendimiento,7,EMP720103, Catalina  Soto
EMP7201,Emprendimiento,7,EMP720103, Andrés  Esteban
EMP7201,Emprendimiento,7,EMP720103, Valentina  Rodríguez
EMP7201,Emprendimiento,7,EMP720103, Daniel  Romero
