Codigo Asignatura,Nombre Asignatura,Nivel,Codigo Curso,Estudiante
ALG1301,AlgebrayTrigonometria,1,ALG130102, David  Vidal
ALG1301,AlgebrayTrigonometria,1,ALG130102, Catalina  Ramos
ALG1301,AlgebrayTrigonometria,1,ALG130102, Luciana  Pastor
ALG1301,AlgebrayTrigonometria,1,ALG130102, Juan David  Torres
ALG1301,AlgebrayTrigonometria,1,ALG130102, Laura  Gil
ALG1301,AlgebrayTrigonometria,1,ALG130102, Mariana  Marín
ALG1301,AlgebrayTrigonometria,1,ALG130102, Isabella  Miranda
ALG1301,AlgebrayTrigonometria,1,ALG130102, Tomás  Oliva
ALG1301,AlgebrayTrigonometria,1,ALG130102, Mauricio  Mesa
ALG1301,AlgebrayTrigonometria,1,ALG130102, Clara  Soler
ALG1301,AlgebrayTrigonometria,1,ALG130102, Andrés  Suárez
ALG1301,AlgebrayTrigonometria,1,ALG130102, Emily  Romero
ALG1301,AlgebrayTrigonometria,1,ALG130102, Antonia  Iglesias
ALG1301,AlgebrayTrigonometria,1,ALG130102, Gabriela  Cordero
ALG1301,AlgebrayTrigonometria,1,ALG130102, Laura  Carmona
ALG1301,AlgebrayTrigonometria,1,ALG130102, Mauricio  Hidalgo
ALG1301,AlgebrayTrigonometria,1,ALG130102, Valentina  Prieto
ALG1301,AlgebrayTrigonometria,1,ALG130102, Sebastián  Amaya
ALG1301,AlgebrayTrigonometria,1,ALG130102, Catalina  Marín
ALG1301,AlgebrayTrigonometria,1,ALG130102, Javier  Mesa
ALG1301,AlgebrayTrigonometria,1,ALG130102, Daniela  Blanco
ALG1301,AlgebrayTrigonometria,1,ALG130102, Pablo  Moya
ALG1301,AlgebrayTrigonometria,1,ALG130102, Valentina  Arias
ALG1301,AlgebrayTrigonometria,1,ALG130102, Adriana  López
ALG1301,AlgebrayTrigonometria,1,ALG130102, Luciana  Mesa
ALG1301,AlgebrayTrigonometria,1,ALG130102, Andrés  Álvarez
ALG1301,AlgebrayTrigonometria,1,ALG130102, Matías  Llorente
ALG1301,AlgebrayTrigonometria,1,ALG130102, Nicolás  Moreno
ALG1301,AlgebrayTrigonometria,1,ALG130102, Natalia  Guerrero
ALG1301,AlgebrayTrigonometria,1,ALG130102, Marcela  Ramos
