Codigo Asignatura,Nombre Asignatura,Nivel,Codigo Curso,Estudiante
ALG1301,AlgebrayTrigonometria,1,ALG130104, Tomás  Correa
ALG1301,AlgebrayTrigonometria,1,ALG130104, Pablo  León
ALG1301,AlgebrayTrigonometria,1,ALG130104, Valentina  Fernández
ALG1301,AlgebrayTrigonometria,1,ALG130104, Nicolás  Ríos
ALG1301,AlgebrayTrigonometria,1,ALG130104, Daniela  Ramos
ALG1301,AlgebrayTrigonometria,1,ALG130104, Alexander  Moreno
ALG1301,AlgebrayTrigonometria,1,ALG130104, Valentina  Ramos
ALG1301,AlgebrayTrigonometria,1,ALG130104, Lucas  Lucas
ALG1301,AlgebrayTrigonometria,1,ALG130104, Lucas  Arias
ALG1301,AlgebrayTrigonometria,1,ALG130104, Lucas  Cordero
ALG1301,AlgebrayTrigonometria,1,ALG130104, Clara  Castro
ALG1301,AlgebrayTrigonometria,1,ALG130104, Luciana  Luque
ALG1301,AlgebrayTrigonometria,1,ALG130104, Samuel  Navarro
ALG1301,AlgebrayTrigonometria,1,ALG130104, Matías  Calvo
ALG1301,AlgebrayTrigonometria,1,ALG130104, Catalina  León
ALG1301,AlgebrayTrigonometria,1,ALG130104, Andrés  Oliva
ALG1301,AlgebrayTrigonometria,1,ALG130104, Lucas  Díaz
ALG1301,AlgebrayTrigonometria,1,ALG130104, Andrés  Rodríguez
ALG1301,AlgebrayTrigonometria,1,ALG130104, Samuel  Ochoa
ALG1301,AlgebrayTrigonometria,1,ALG130104, Camila  Peralta
ALG1301,AlgebrayTrigonometria,1,ALG130104, Paula  Vidal
ALG1301,AlgebrayTrigonometria,1,ALG130104, Tomás  Ramírez
ALG1301,AlgebrayTrigonometria,1,ALG130104, Cristóbal  Peralta
ALG1301,AlgebrayTrigonometria,1,ALG130104, Esteban  Luque
ALG1301,AlgebrayTrigonometria,1,ALG130104, Eduardo  Calvo
ALG1301,AlgebrayTrigonometria,1,ALG130104, Benjamín  Aguilar
ALG1301,AlgebrayTrigonometria,1,ALG130104, Marcela  Vicente
ALG1301,AlgebrayTrigonometria,1,ALG130104, Esteban  Varela
ALG1301,AlgebrayTrigonometria,1,ALG130104, Jennifer  Arias
ALG1301,AlgebrayTrigonometria,1,ALG130104, Catalina  Calvo
