Codigo Asignatura,Nombre Asignatura,Nivel,Codigo Curso,Estudiante
ALG1301,AlgebrayTrigonometria,1,ALG130101, Catalina  Garrido
ALG1301,AlgebrayTrigonometria,1,ALG130101, Jennifer  Torres
ALG1301,AlgebrayTrigonometria,1,ALG130101, Antonia  Sánchez
ALG1301,AlgebrayTrigonometria,1,ALG130101, Pablo  Ochoa
ALG1301,AlgebrayTrigonometria,1,ALG130101, Samantha  Vicente
ALG1301,AlgebrayTrigonometria,1,ALG130101, Pablo  Luque
ALG1301,AlgebrayTrigonometria,1,ALG130101, Cristóbal  Garrido
ALG1301,AlgebrayTrigonometria,1,ALG130101, Valentina  Bravo
ALG1301,AlgebrayTrigonometria,1,ALG130101, Mariana  Abad
ALG1301,AlgebrayTrigonometria,1,ALG130101, Daniela  Álvarez
ALG1301,AlgebrayTrigonometria,1,ALG130101, Simón  Cervantes
ALG1301,AlgebrayTrigonometria,1,ALG130101, Diego  Miranda
ALG1301,AlgebrayTrigonometria,1,ALG130101, Andrés  Herrero
ALG1301,AlgebrayTrigonometria,1,ALG130101, Tomás  Muñoz
ALG1301,AlgebrayTrigonometria,1,ALG130101, Gabriela  Cabrera
ALG1301,AlgebrayTrigonometria,1,ALG130101, Agustín  Sánchez
ALG1301,AlgebrayTrigonometria,1,ALG130101, Tomás  Suárez
ALG1301,AlgebrayTrigonometria,1,ALG130101, Mateo  Llorente
ALG1301,AlgebrayTrigonometria,1,ALG130101, Paula  Llorente
ALG1301,AlgebrayTrigonometria,1,ALG130101, Sofia  Herrero
ALG1301,AlgebrayTrigonometria,1,ALG130101, José  Martínez
ALG1301,AlgebrayTrigonometria,1,ALG130101, Jennifer  Amaya
ALG1301,AlgebrayTrigonometria,1,ALG130101, Diego  Ortega
ALG1301,AlgebrayTrigonometria,1,ALG130101, Javier  Ramos
ALG1301,AlgebrayTrigonometria,1,ALG130101, David  Cortés
ALG1301,AlgebrayTrigonometria,1,ALG130101, Antonella  Molina
ALG1301,AlgebrayTrigonometria,1,ALG130101, José  Nieto
ALG1301,AlgebrayTrigonometria,1,ALG130101, Manuel  Moreno
ALG1301,AlgebrayTrigonometria,1,ALG130101, Isabel  Domínguez
ALG1301,AlgebrayTrigonometria,1,ALG130101, Nicolás  Peralta
