Codigo Asignatura,Nombre Asignatura,Nivel,Codigo Curso,Estudiante
ALG1301,AlgebrayTrigonometria,1,ALG130105, Simón  Domínguez
ALG1301,AlgebrayTrigonometria,1,ALG130105, Paula  Suárez
ALG1301,AlgebrayTrigonometria,1,ALG130105, Mateo  Gallego
ALG1301,AlgebrayTrigonometria,1,ALG130105, Daniela  Vargas
ALG1301,AlgebrayTrigonometria,1,ALG130105, Lucas  Cortés
ALG1301,AlgebrayTrigonometria,1,ALG130105, Francisco  Bravo
ALG1301,AlgebrayTrigonometria,1,ALG130105, Mariana  Benítez
ALG1301,AlgebrayTrigonometria,1,ALG130105, Ana  Miranda
ALG1301,AlgebrayTrigonometria,1,ALG130105, Luciana  Ramos
ALG1301,AlgebrayTrigonometria,1,ALG130105, Sofia  Ramos
ALG1301,AlgebrayTrigonometria,1,ALG130105, Esteban  Ortega
ALG1301,AlgebrayTrigonometria,1,ALG130105, Esteban  Martínez
ALG1301,AlgebrayTrigonometria,1,ALG130105, Paula  García
ALG1301,AlgebrayTrigonometria,1,ALG130105, Clara  Ortega
ALG1301,AlgebrayTrigonometria,1,ALG130105, Juan Pablo  Ramos
ALG1301,AlgebrayTrigonometria,1,ALG130105, Nicolás  Amaya
ALG1301,AlgebrayTrigonometria,1,ALG130105, Gabriela  Vicente
ALG1301,AlgebrayTrigonometria,1,ALG130105, Francisco  Ruiz
ALG1301,AlgebrayTrigonometria,1,ALG130105, Gabriel  Pastor
ALG1301,AlgebrayTrigonometria,1,ALG130105, Matías  Vicente
