Codigo Asignatura,Nombre Asignatura,Nivel,Codigo Curso,Estudiante
ALG1301,AlgebrayTrigonometria,1,ALG130103, Juan  Ramos
ALG1301,AlgebrayTrigonometria,1,ALG130103, Simón  Medina
ALG1301,AlgebrayTrigonometria,1,ALG130103, Daniel  Ferrer
ALG1301,AlgebrayTrigonometria,1,ALG130103, Gabriela  Díaz
ALG1301,AlgebrayTrigonometria,1,ALG130103, Sofía  Nieto
ALG1301,AlgebrayTrigonometria,1,ALG130103, Ricardo  Alonso
ALG1301,AlgebrayTrigonometria,1,ALG130103, Matías  Ríos
ALG1301,AlgebrayTrigonometria,1,ALG130103, Mauricio  Gil
ALG1301,AlgebrayTrigonometria,1,ALG130103, Manuel  Molina
ALG1301,AlgebrayTrigonometria,1,ALG130103, Carlos  Herrero
ALG1301,AlgebrayTrigonometria,1,ALG130103, Esteban  Suárez
ALG1301,AlgebrayTrigonometria,1,ALG130103, Juan Pablo  Calvo
ALG1301,AlgebrayTrigonometria,1,ALG130103, Alejandro  Alonso
ALG1301,AlgebrayTrigonometria,1,ALG130103, Camila  Álvarez
ALG1301,AlgebrayTrigonometria,1,ALG130103, Esteban  Morales
ALG1301,AlgebrayTrigonometria,1,ALG130103, Jennifer  Miranda
ALG1301,AlgebrayTrigonometria,1,ALG130103, Manuel  Morales
ALG1301,AlgebrayTrigonometria,1,ALG130103, Miguel  Cabello
ALG1301,AlgebrayTrigonometria,1,ALG130103, Emily  Rivas
ALG1301,AlgebrayTrigonometria,1,ALG130103, Esteban  Molina
ALG1301,AlgebrayTrigonometria,1,ALG130103, Isabella  Ortega
ALG1301,AlgebrayTrigonometria,1,ALG130103, Emily  Molina
ALG1301,AlgebrayTrigonometria,1,ALG130103, Carolina  Cordero
ALG1301,AlgebrayTrigonometria,1,ALG130103, Juan  Ramírez
ALG1301,AlgebrayTrigonometria,1,ALG130103, Juan  Arias
ALG1301,AlgebrayTrigonometria,1,ALG130103, Natalia  Hidalgo
ALG1301,AlgebrayTrigonometria,1,ALG130103, Antonella  Ochoa
ALG1301,AlgebrayTrigonometria,1,ALG130103, Santiago  Cortés
ALG1301,AlgebrayTrigonometria,1,ALG130103, Leonardo  Linares
ALG1301,AlgebrayTrigonometria,1,ALG130103, Francisco  Gil
