Codigo Asignatura,Nombre Asignatura,Nivel,Codigo Curso,Estudiante
ING1101,InglesI,1,ING110103, Juan  Ramos
ING1101,InglesI,1,ING110103, Simón  Medina
ING1101,InglesI,1,ING110103, Daniel  Ferrer
ING1101,InglesI,1,ING110103, Gabriela  Díaz
ING1101,InglesI,1,ING110103, Sofía  Nieto
ING1101,InglesI,1,ING110103, Ricardo  Alonso
ING1101,InglesI,1,ING110103, Matías  Ríos
ING1101,InglesI,1,ING110103, Mauricio  Gil
ING1101,InglesI,1,ING110103, Manuel  Molina
ING1101,InglesI,1,ING110103, Carlos  Herrero
ING1101,InglesI,1,ING110103, Esteban  Suárez
ING1101,InglesI,1,ING110103, Juan Pablo  Calvo
ING1101,InglesI,1,ING110103, Alejandro  Alonso
ING1101,InglesI,1,ING110103, Camila  Álvarez
ING1101,InglesI,1,ING110103, Esteban  Morales
ING1101,InglesI,1,ING110103, Jennifer  Miranda
ING1101,InglesI,1,ING110103, Manuel  Morales
ING1101,InglesI,1,ING110103, Miguel  Cabello
ING1101,InglesI,1,ING110103, Emily  Rivas
ING1101,InglesI,1,ING110103, Esteban  Molina
ING1101,InglesI,1,ING110103, Isabella  Ortega
ING1101,InglesI,1,ING110103, Emily  Molina
ING1101,InglesI,1,ING110103, Carolina  Cordero
ING1101,InglesI,1,ING110103, Juan  Ramírez
ING1101,InglesI,1,ING110103, Juan  Arias
ING1101,InglesI,1,ING110103, Natalia  Hidalgo
ING1101,InglesI,1,ING110103, Antonella  Ochoa
ING1101,InglesI,1,ING110103, Santiago  Cortés
ING1101,InglesI,1,ING110103, Leonardo  Linares
ING1101,InglesI,1,ING110103, Francisco  Gil
