Codigo Asignatura,Nombre Asignatura,Nivel,Codigo Curso,Estudiante
ING1101,InglesI,1,ING110102, David  Vidal
ING1101,InglesI,1,ING110102, Catalina  Ramos
ING1101,InglesI,1,ING110102, Luciana  Pastor
ING1101,InglesI,1,ING110102, Juan David  Torres
ING1101,InglesI,1,ING110102, Laura  Gil
ING1101,InglesI,1,ING110102, Mariana  Marín
ING1101,InglesI,1,ING110102, Isabella  Miranda
ING1101,InglesI,1,ING110102, Tomás  Oliva
ING1101,InglesI,1,ING110102, Mauricio  Mesa
ING1101,InglesI,1,ING110102, Clara  Soler
ING1101,InglesI,1,ING110102, Andrés  Suárez
ING1101,InglesI,1,ING110102, Emily  Romero
ING1101,InglesI,1,ING110102, Antonia  Iglesias
ING1101,InglesI,1,ING110102, Gabriela  Cordero
ING1101,InglesI,1,ING110102, Laura  Carmona
ING1101,InglesI,1,ING110102, Mauricio  Hidalgo
ING1101,InglesI,1,ING110102, Valentina  Prieto
ING1101,InglesI,1,ING110102, Sebastián  Amaya
ING1101,InglesI,1,ING110102, Catalina  Marín
ING1101,InglesI,1,ING110102, Javier  Mesa
ING1101,InglesI,1,ING110102, Daniela  Blanco
ING1101,InglesI,1,ING110102, Pablo  Moya
ING1101,InglesI,1,ING110102, Valentina  Arias
ING1101,InglesI,1,ING110102, Adriana  López
ING1101,InglesI,1,ING110102, Luciana  Mesa
ING1101,InglesI,1,ING110102, Andrés  Álvarez
ING1101,InglesI,1,ING110102, Matías  Llorente
ING1101,InglesI,1,ING110102, Nicolás  Moreno
ING1101,InglesI,1,ING110102, Natalia  Guerrero
ING1101,InglesI,1,ING110102, Marcela  Ramos
