Codigo Asignatura,Nombre Asignatura,Nivel,Codigo Curso,Estudiante
ING1101,InglesI,1,ING110105, Simón  Domínguez
ING1101,InglesI,1,ING110105, Paula  Suárez
ING1101,InglesI,1,ING110105, Mateo  Gallego
ING1101,InglesI,1,ING110105, Daniela  Vargas
ING1101,InglesI,1,ING110105, Lucas  Cortés
ING1101,InglesI,1,ING110105, Francisco  Bravo
ING1101,InglesI,1,ING110105, Mariana  Benítez
ING1101,InglesI,1,ING110105, Ana  Miranda
ING1101,InglesI,1,ING110105, Luciana  Ramos
ING1101,InglesI,1,ING110105, Sofia  Ramos
ING1101,InglesI,1,ING110105, Esteban  Ortega
ING1101,InglesI,1,ING110105, Esteban  Martínez
ING1101,InglesI,1,ING110105, Paula  García
ING1101,InglesI,1,ING110105, Clara  Ortega
ING1101,InglesI,1,ING110105, Juan Pablo  Ramos
ING1101,InglesI,1,ING110105, Nicolás  Amaya
ING1101,InglesI,1,ING110105, Gabriela  Vicente
ING1101,InglesI,1,ING110105, Francisco  Ruiz
ING1101,InglesI,1,ING110105, Gabriel  Pastor
ING1101,InglesI,1,ING110105, Matías  Vicente
