Codigo Asignatura,Nombre Asignatura,Nivel,Codigo Curso,Estudiante
ING1101,InglesI,1,ING110101, Catalina  Garrido
ING1101,InglesI,1,ING110101, Jennifer  Torres
ING1101,InglesI,1,ING110101, Antonia  Sánchez
ING1101,InglesI,1,ING110101, Pablo  Ochoa
ING1101,InglesI,1,ING110101, Samantha  Vicente
ING1101,InglesI,1,ING110101, Pablo  Luque
ING1101,InglesI,1,ING110101, Cristóbal  Garrido
ING1101,InglesI,1,ING110101, Valentina  Bravo
ING1101,InglesI,1,ING110101, Mariana  Abad
ING1101,InglesI,1,ING110101, Daniela  Álvarez
ING1101,InglesI,1,ING110101, Simón  Cervantes
ING1101,InglesI,1,ING110101, Diego  Miranda
ING1101,InglesI,1,ING110101, Andrés  Herrero
ING1101,InglesI,1,ING110101, Tomás  Muñoz
ING1101,InglesI,1,ING110101, Gabriela  Cabrera
ING1101,InglesI,1,ING110101, Agustín  Sánchez
ING1101,InglesI,1,ING110101, Tomás  Suárez
ING1101,InglesI,1,ING110101, Mateo  Llorente
ING1101,InglesI,1,ING110101, Paula  Llorente
ING1101,InglesI,1,ING110101, Sofia  Herrero
ING1101,InglesI,1,ING110101, José  Martínez
ING1101,InglesI,1,ING110101, Jennifer  Amaya
ING1101,InglesI,1,ING110101, Diego  Ortega
ING1101,InglesI,1,ING110101, Javier  Ramos
ING1101,InglesI,1,ING110101, David  Cortés
ING1101,InglesI,1,ING110101, Antonella  Molina
ING1101,InglesI,1,ING110101, José  Nieto
ING1101,InglesI,1,ING110101, Manuel  Moreno
ING1101,InglesI,1,ING110101, Isabel  Domínguez
ING1101,InglesI,1,ING110101, Nicolás  Peralta
