Codigo Asignatura,Nombre Asignatura,Nivel,Codigo Curso,Estudiante
ING1101,InglesI,1,ING110104, Tomás  Correa
ING1101,InglesI,1,ING110104, Pablo  León
ING1101,InglesI,1,ING110104, Valentina  Fernández
ING1101,InglesI,1,ING110104, Nicolás  Ríos
ING1101,InglesI,1,ING110104, Daniela  Ramos
ING1101,InglesI,1,ING110104, Alexander  Moreno
ING1101,InglesI,1,ING110104, Valentina  Ramos
ING1101,InglesI,1,ING110104, Lucas  Lucas
ING1101,InglesI,1,ING110104, Lucas  Arias
ING1101,InglesI,1,ING110104, Lucas  Cordero
ING1101,InglesI,1,ING110104, Clara  Castro
ING1101,InglesI,1,ING110104, Luciana  Luque
ING1101,InglesI,1,ING110104, Samuel  Navarro
ING1101,InglesI,1,ING110104, Matías  Calvo
ING1101,InglesI,1,ING110104, Catalina  León
ING1101,InglesI,1,ING110104, Andrés  Oliva
ING1101,InglesI,1,ING110104, Lucas  Díaz
ING1101,InglesI,1,ING110104, Andrés  Rodríguez
ING1101,InglesI,1,ING110104, Samuel  Ochoa
ING1101,InglesI,1,ING110104, Camila  Peralta
ING1101,InglesI,1,ING110104, Paula  Vidal
ING1101,InglesI,1,ING110104, Tomás  Ramírez
ING1101,InglesI,1,ING110104, Cristóbal  Peralta
ING1101,InglesI,1,ING110104, Esteban  Luque
ING1101,InglesI,1,ING110104, Eduardo  Calvo
ING1101,InglesI,1,ING110104, Benjamín  Aguilar
ING1101,InglesI,1,ING110104, Marcela  Vicente
ING1101,InglesI,1,ING110104, Esteban  Varela
ING1101,InglesI,1,ING110104, Jennifer  Arias
ING1101,InglesI,1,ING110104, Catalina  Calvo
