Codigo Asignatura,Nombre Asignatura,Nivel,Codigo Curso,Estudiante
PRA101201,PracticaProfesional,10,PRA10120102, Luciana  Ramos
PRA101201,PracticaProfesional,10,PRA10120102, Leonardo  Herrero
PRA101201,PracticaProfesional,10,PRA10120102, Matías  Herrera
PRA101201,PracticaProfesional,10,PRA10120102, Elena  Ríos
PRA101201,PracticaProfesional,10,PRA10120102, Ángel  Rodríguez
PRA101201,PracticaProfesional,10,PRA10120102, Isabella  González
PRA101201,PracticaProfesional,10,PRA10120102, Valentina  Ochoa
PRA101201,PracticaProfesional,10,PRA10120102, Alejandro  Ortega
PRA101201,PracticaProfesional,10,PRA10120102, Lucas  Rodríguez
PRA101201,PracticaProfesional,10,PRA10120102, Gabriel  Luque
