Codigo Asignatura,Nombre Asignatura,Nivel,Codigo Curso,Estudiante
PRA101201,PracticaProfesional,10,PRA10120105, Daniela  Fernández
PRA101201,PracticaProfesional,10,PRA10120105, Esteban  Casado
PRA101201,PracticaProfesional,10,PRA10120105, Manuel  Álvarez
PRA101201,PracticaProfesional,10,PRA10120105, Marcela  Calvo
PRA101201,PracticaProfesional,10,PRA10120105, Andrés  Casado
PRA101201,PracticaProfesional,10,PRA10120105, Simón  Moya
PRA101201,PracticaProfesional,10,PRA10120105, Ricardo  Torres
PRA101201,PracticaProfesional,10,PRA10120105, Miguel  Ríos
PRA101201,PracticaProfesional,10,PRA10120105, Andrea  Llorente
PRA101201,PracticaProfesional,10,PRA10120105, Javier  Domínguez
