Codigo Asignatura,Nombre Asignatura,Nivel,Codigo Curso,Estudiante
PRA101201,PracticaProfesional,10,PRA10120103, Juan José  Oliva
PRA101201,PracticaProfesional,10,PRA10120103, Nicolás  Moreno
PRA101201,PracticaProfesional,10,PRA10120103, Manuel  Ortega
PRA101201,PracticaProfesional,10,PRA10120103, Juan José  Abad
PRA101201,PracticaProfesional,10,PRA10120103, Javier  Ramos
PRA101201,PracticaProfesional,10,PRA10120103, Juliana  Vargas
PRA101201,PracticaProfesional,10,PRA10120103, María José  Calvo
PRA101201,PracticaProfesional,10,PRA10120103, Antonella  Casado
PRA101201,PracticaProfesional,10,PRA10120103, Ángel  Mesa
PRA101201,PracticaProfesional,10,PRA10120103, David  Esteban
