Codigo Asignatura,Nombre Asignatura,Nivel,Codigo Curso,Estudiante
PRA101201,PracticaProfesional,10,PRA10120101, Juan  Cabello
PRA101201,PracticaProfesional,10,PRA10120101, Martín  Vázquez
PRA101201,PracticaProfesional,10,PRA10120101, Valeria  Vicente
PRA101201,PracticaProfesional,10,PRA10120101, Juan David  Navarro
PRA101201,PracticaProfesional,10,PRA10120101, Simón  Morales
PRA101201,PracticaProfesional,10,PRA10120101, Diego  Castro
PRA101201,PracticaProfesional,10,PRA10120101, Andrés  Llorente
PRA101201,PracticaProfesional,10,PRA10120101, Antonia  Rivas
PRA101201,PracticaProfesional,10,PRA10120101, Catalina  Miranda
PRA101201,PracticaProfesional,10,PRA10120101, Santiago  González
