Codigo Asignatura,Nombre Asignatura,Nivel,Codigo Curso,Estudiante
PRA101201,PracticaProfesional,10,PRA10120104, Emily  Cordero
PRA101201,PracticaProfesional,10,PRA10120104, María  Lucas
PRA101201,PracticaProfesional,10,PRA10120104, Valentina  Prieto
PRA101201,PracticaProfesional,10,PRA10120104, Lucas  Peralta
PRA101201,PracticaProfesional,10,PRA10120104, Sara  Herrero
PRA101201,PracticaProfesional,10,PRA10120104, Valeria  Carretero
PRA101201,PracticaProfesional,10,PRA10120104, Samantha  Vicente
PRA101201,PracticaProfesional,10,PRA10120104, Sebastián  Prieto
PRA101201,PracticaProfesional,10,PRA10120104, Ana  Alonso
PRA101201,PracticaProfesional,10,PRA10120104, Simón  Blanco
