Codigo Asignatura,Nombre Asignatura,Nivel,Codigo Curso,Estudiante
PRA101201,PracticaProfesional,10,PRA10120106, Christian  Rubio
PRA101201,PracticaProfesional,10,PRA10120106, Lucas  Linares
PRA101201,PracticaProfesional,10,PRA10120106, Emma  Aguilar
PRA101201,PracticaProfesional,10,PRA10120106, María  Ochoa
PRA101201,PracticaProfesional,10,PRA10120106, Esteban  Molina
PRA101201,PracticaProfesional,10,PRA10120106, Elena  Guerra
PRA101201,PracticaProfesional,10,PRA10120106, Nicolás  Suárez
PRA101201,PracticaProfesional,10,PRA10120106, Tomás  Moreno
PRA101201,PracticaProfesional,10,PRA10120106, Isabel  Domínguez
PRA101201,PracticaProfesional,10,PRA10120106, Mariana  Rodríguez
