Nombre,Apellido
 Sofia, Medina
 Andrea, Cervantes
 Alejandro, Molina
 Isabella, Rodríguez
 Lucas, Blanco
 Gabriel, Luque
 Adriana, Guerra
 Isabella, Vargas
 Gabriela, Navarro
 Ángel, Vicente
 Juan Pablo, Pascual
 Sebastián, Amaya
 Esteban, Molina
 Mauricio, Díaz
 Mariana, Esteban
 Mateo, Abad
 Carolina, Gallego
 Esteban, Cervantes
 Daniela, Fernández
 Nicolás, Lucas
 Andrés, Gutiérrez
 Camila, Álvarez
 Matías, Correa
 Alexander, Prieto
 Juan Pablo, Calvo
 Gabriela, Ramos
 Juan David, Vidal
 Andrea, Carretero
 Antonella, Álvarez
 Alejandra, López
 Tomás, Oliva
 Felipe, González
 Samantha, Vidal
 José, González
 Sebastián, Cruz
 Ana, Miranda
 Luciana, Marín
 Marcela, Herrero
 Fernanda, Vega
 Marcela, Llorente
 Leonardo, Vargas
 Cristóbal, Garrido
 Catalina, Calvo
 Juan, Vega
 Valentina, Pérez
 Tomás, Hidalgo
 Catalina, Castro
 Pablo, Iglesias
 Mauricio, Gil
 Miguel, Rivas
 Fernanda, Herrera
 Gabriela, Lucas
 Lucía, Vega
 Catalina, Pérez
 José, Pascual
 Juan David, Rivas
 José, Nieto
 Isabella, Pascual
 Ángel, Miranda
 José, Suárez
 María, Ochoa
 Valentina, Fernández
 Leonardo, Linares
 Benjamín, Vicente
 Valentina, Rubio
 Agustín, Gallego
 Daniel, Ferrer
 Ángel, Arias
 Ricardo, Cruz
 Juan David, Ramos
 Manuel, Ochoa
 Valeria, Oliva
 Daniela, Ochoa
 Catalina, Rubio
 Mateo, Llorente
 Samantha, Ramos
 Ricardo, Herrero
 Simón, Domínguez
 Samantha, Miranda
 Marcela, García
 Agustín, Medina
 Juliana, Molina
 Mariana, Álvarez
 Andrés, Herrera
 Andrea, Correa
 Carlos, Herrero
 Carlos, Gómez
 Mateo, Oliva
 Sara, Molina
 Luciana, Ortega
 Mauricio, González
 Juan, Vázquez
 Isabella, Casado
 Isabella, Torres
 Fernanda, Ramos
 Juan, Ramos
 Paula, Suárez
 Valeria, Gil
 Tomás, González
 Leonardo, Ortiz
 Francisco, Martínez
 Andrea, Abad
 Diego, Alonso
 Juan, Arias
 Valentina, Ochoa
 Elena, Cabello
 Daniel, Pérez
 Francisco, Gallego
 Catalina, Ochoa
 Mariana, Benítez
 Leonardo, Torres
 Daniela, Delgado
 Esteban, Abad
 Jennifer, Muñoz
 Lucas, Cordero
 Elizabeth, Llorente
 Tomás, Nieto
 Tomás, Suárez
 Francisco, Medina
 Eduardo, Gómez
 Tomás, Ramírez
 Eduardo, Guerrero
 Daniela, Marín
 Esteban, Martínez
 Simón, Aguilar
 Juan Pablo, Herrera
 Camila, Casado
 Mateo, Mesa
 María, Miranda
 Ricardo, Mesa
 Andrea, Medina
 Carlos, Peralta
 Pablo, Rodríguez
 Antonella, Casado
 David, González
 Marcela, Suárez
 Andrés, Correa
 David, Carmona
 Antonia, Iglesias
 Alejandro, Medina
 Martín, Robles
 Ricardo, Bravo
 Samuel, Vidal
 Matías, Rodríguez
 Catalina, Vidal
 Mariana, García
 Emma, Aguilar
 Natalia, Cabrera
 Leonardo, Guerra
 Paula, Robles
 Victoria, Varela
 Jimena, López
 Felipe, Molina
 María, Lucas
 Sebastián, Prieto
 Agustín, Linares
 Adriana, Martínez
 Valentina, Marín
 Sofía, Lucas
 Matías, Ríos
 Matías, Linares
 Sofía, Ortega
 Valentina, Navarro
 Mateo, Suárez
 Ricardo, Suárez
 Manuel, Ortega
 Valentina, Vázquez
 Catalina, Marín
 Juan Pablo, Ramos
 Andrés, Martínez
 Catalina, Rivas
 José, Cordero
 Christian, Torres
 Christian, Casado
 Santiago, Bravo
 Simón, Blanco
 Nicolás, Hidalgo
 Valentina, Ramos
 Simón, Ortiz
 Elena, Fernández
 Adriana, Medina
 Christian, Rubio
 Antonella, Ochoa
 Catalina, Ramos
 Nicolás, García
 Valentina, Arias
 Catalina, Miranda
 Elizabeth, González
 Gabriel, Díaz
 Andrés, Medina
 Juan Pablo, Ortega
 Catalina, Arias
 Santiago, Suárez
 Pablo, Pérez
 Matías, Calvo
 Alejandro, Rodríguez
 Agustín, Pérez
 Lucas, Iglesias
 Luciana, Gómez
 Natalia, Martínez
 Luciana, Herrero
 Catalina, Ortega
 Isabella, Miranda
 Daniel, Romero
 Nicolás, Peralta
 Emily, Robles
 Miguel, Gómez
 Santiago, Prieto
 Sebastián, Navarro
 Javier, Martínez
 Gabriel, Gil
 Daniela, Muñoz
 Alejandra, Medina
 Isabel, Moreno
 Jennifer, Gil
 Matías, Rubio
 Andrés, Álvarez
 Laura, Molina
 Natalia, Medina
 Ricardo, Alonso
 Alexander, Soler
 María José, Domínguez
 Laura, Cervantes
 María José, Díaz
 Andrés, Amaya
 Fernanda, Gómez
 Gabriela, Mesa
 Fernanda, Herrero
 Juan Pablo, Muñoz
 Leonardo, Morales
 Ana, Peralta
 Carolina, Vega
 Nicolás, Suárez
 Elena, Vega
 Daniel, Morales
 Camila, Ramos
 Valeria, Molina
 Emily, Molina
 Marcela, Cordero
 Christian, Herrera
 Antonia, Carmona
 Andrés, Rodríguez
 Martín, Correa
 Christian, Vidal
 Santiago, Alonso
 Mariana, Vicente
 Andrea, Pérez
 José, Martínez
 Sebastián, Carretero
 Mateo, Molina
 Jennifer, González
 Lucas, Álvarez
 Sofia, Ramos
 Simón, Cervantes
 Carlos, Molina
 Ángel, Mesa
 Elizabeth, Robles
 Samuel, Pastor
 Andrea, Casado
 Luciana, Mesa
 Sofia, Miranda
 Emily, Cordero
 Benjamín, Hidalgo
 Agustín, Sánchez
 Andrés, Linares
 Gabriela, Serrano
 Javier, Álvarez
 Juliana, Soto
 Natalia, Amaya
 Francisco, Ruiz
 Juan David, Peralta
 Mateo, Cordero
 Valeria, Carretero
 Luciana, González
 Carolina, Rivas
 María José, Soto
 Mariana, Marín
 Esteban, Casado
 Cristóbal, Gil
 Jennifer, Ramírez
 Mariana, Vázquez
 Tomás, Correa
 Juan Pablo, Amaya
 Samantha, Fernández
 Lucas, Rodríguez
 Antonia, Pérez
 Manuel, Guerrero
 Emma, Vidal
 Agustín, Vicente
 Daniela, Domínguez
 Juan David, Santana
 Ángel, Serrano
 Natalia, Cabello
 Alejandra, Linares
 Matías, Herrera
 Emma, Romero
 Alexander, Vargas
 Agustín, Romero
 Samantha, Cortés
 Emilio, Cervantes
 Lucas, Linares
 Andrés, Calvo
 Elizabeth, Cervantes
 Andrés, Castro
 Alexander, Ríos
 Pablo, Rivas
 Juan Pablo, Herrero
 Santiago, Carretero
 Tomás, Iglesias
 María José, Nieto
 Antonia, Reyes
 Valeria, Correa
 Pablo, Cabrera
 Catalina, Cruz
 Andrés, Torres
 Marcela, Abad
 Valentina, Guerrero
 Andrés, Casado
 Pablo, Miranda
 Sara, Ortiz
 Juan David, Ochoa
 Gabriela, Guerra
 Andrés, Rubio
 Matías, Cabrera
 Juan, Suárez
 Jimena, Medina
 Diego, Ríos
 Luciana, Garrido
 Juan, Ramírez
 Benjamín, Serrano
 Juan José, Castro
 Jennifer, Gutiérrez
 Benjamín, Suárez
 Valeria, Abad
 Andrés, Cortés
 Jennifer, Alonso
 Lucas, Calvo
 Diego, González
 Natalia, Castro
 Fernanda, Prieto
 Cristóbal, Ortiz
 Andrea, Vidal
 Cristóbal, Blanco
 Sebastián, Soler
 Clara, Castro
 Ana, Marín
 Alejandra, Torres
 Lucas, Pérez
 Antonia, Sánchez
 Javier, Calvo
 Ricardo, Abad
 Benjamín, Prieto
 Sofía, Bravo
 Juan José, Fernández
 Felipe, Linares
 Carlos, Abad
 David, Esteban
 Daniela, Bravo
 Juan José, Rubio
 Daniela, Santana
 Samantha, Vicente
 Elena, Muñoz
 David, Gallego
 Jimena, Álvarez
 Francisco, Cabrera
 Luciana, Luque
 Mateo, Gallego
 Valeria, Medina
 María José, Robles
 Antonia, Herrera
 Lucía, López
 Lucas, Cortés
 Marcela, Díaz
 Paula, Vargas
 Gabriela, Cordero
 Sebastián, Oliva
 Simón, Medina
 Mateo, Medina
 Catalina, Peralta
 Samantha, Marín
 Juan David, Navarro
 Daniela, Blanco
 Valentina, Bravo
 Fernanda, Delgado
 Jimena, Rodríguez
 Andrés, Vega
 Francisco, Ortega
 Antonia, Rivas
 Juan David, Molina
 Laura, Gil
 Andrés, Vicente
 Andrés, Vidal
 Juan, Luque
 Benjamín, León
 Esteban, Morales
 Sebastián, Gil
 Christian, Amaya
 Nicolás, Correa
 Sofia, Herrero
 José, Casado
 Valentina, Serrano
 Tomás, Ríos
 Andrés, Delgado
 Valentina, Ramírez
 Tomás, Ferrer
 Paula, Nieto
 Fernanda, Molina
 Catalina, Ramírez
 Felipe, Ruiz
 Andrés, Navarro
 José, Ruiz
 Valentina, Prieto
 Natalia, Vega
 Isabella, Cortés
 Andrés, Vázquez
 Marcela, Ríos
 Alejandra, Vidal
 Daniela, Robles
 Catalina, Prieto
 Emma, Álvarez
 Samuel, Ochoa
 Martín, Casado
 Daniela, Alonso
 Natalia, Vidal
 Andrés, Ramos
 Mariana, Llorente
 Alexander, Cervantes
 Laura, Carmona
 Clara, Herrera
 Andrés, Miranda
 Tomás, Pascual
 Juan, Cordero
 Victoria, Correa
 Sebastián, González
 Cristóbal, Herrera
 Jennifer, Correa
 David, Cabello
 Emma, Amaya
 Paula, Casado
 Javier, Vicente
 Sebastián, Carmona
 Camila, Peralta
 Eduardo, Llorente
 Eduardo, Domínguez
 Jimena, Castro
 Adriana, Ortega
 Carlos, Vargas
 Samuel, Garrido
 Catalina, Garrido
 Elena, Hidalgo
 Leonardo, Cortés
 Ricardo, Ríos
 Marcela, Pascual
 Simón, Linares
 Isabella, Ochoa
 Emily, Carmona
 Marcela, Nieto
 Mateo, Ferrer
 Natalia, Navarro
 Andrea, Pastor
 Alejandra, Cabrera
 Mauricio, Rubio
 Natalia, Vázquez
 Alejandra, Ramos
 Gabriel, Martínez
 Manuel, Molina
 Valentina, Alonso
 Lucas, Ramos
 Antonia, Moreno
 Carlos, Carmona
 Tomás, Rubio
 Marcela, Pérez
 Catalina, Alonso
 Alexander, Cabrera
 Ángel, Abad
 Isabel, Miranda
 Javier, Ramos
 Lucas, Arias
 Catalina, León
 Antonella, Suárez
 Daniela, Cordero
 Gabriel, Medina
 Emily, Ortiz
 Santiago, Ferrer
 Samuel, Navarro
 Carlos, Nieto
 Gabriel, Pastor
 Andrés, Esteban
 Santiago, González
 Eduardo, Soto
 Simón, Castro
 Emma, García
 Isabella, Delgado
 Valentina, Molina
 Elizabeth, Linares
 Esteban, Varela
 Carlos, Blanco
 Diego, Cabrera
 Clara, Ortega
 Valeria, Rubio
 Gabriela, Díaz
 Isabella, Marín
 Andrés, Muñoz
 Pablo, Calvo
 Elizabeth, Carmona
 Isabella, Navarro
 Sofia, Ochoa
 Francisco, Herrero
 Sebastián, Gutiérrez
 Leonardo, Vicente
 Camila, Garrido
 Sebastián, Guerra
 Sara, Moreno
 Sebastián, Alonso
 Andrés, Moya
 Felipe, Cabrera
 David, Cortés
 Paula, Vidal
 Agustín, Peralta
 Matías, Castro
 Simón, Cortés
 Valentina, Carretero
 María, Correa
 Alejandro, Benítez
 Cristóbal, Martínez
 Gabriel, Amaya
 María José, Medina
 Camila, Vicente
 Eduardo, Pascual
 Clara, Esteban
 Adriana, Varela
 Nicolás, Ríos
 Emily, Guerra
 Gabriela, Gil
 Nicolás, Linares
 Sofía, Correa
 Sara, Pastor
 Daniel, León
 Christian, Prieto
 Samantha, Llorente
 Alexander, Moreno
 Gabriel, Rodríguez
 Isabella, Ortega
 Antonia, Benítez
 Emilio, Fernández
 Gabriela, Aguilar
 Cristóbal, Pastor
 Victoria, Vargas
 Sofía, Abad
 Mauricio, Rivas
 Gabriela, Ríos
 Martín, Arias
 Alexander, Pastor
 Isabel, Moya
 Fernanda, Oliva
 Paula, Arias
 Mauricio, Cabrera
 Adriana, Herrero
 Elizabeth, Ruiz
 Juan David, Gil
 Pablo, Ochoa
 Nicolás, Ortiz
 Antonella, Molina
 Samantha, Gil
 Alejandro, Castro
 Andrea, Peralta
 Felipe, Esteban
 Andrés, Llorente
 Andrés, Herrero
 Diego, Pastor
 David, Vidal
 Mariana, Alonso
 Francisco, Santana
 Juliana, Vargas
 Miguel, Ríos
 Daniela, Medina
 Elena, Luque
 Miguel, Ferrer
 Carolina, Navarro
 Laura, Ramos
 Mariana, Luque
 Camila, Carretero
 Gabriela, Blanco
 Miguel, González
 Catalina, Abad
 Juliana, Linares
 Alejandra, Cruz
 Valentina, Iglesias
 Esteban, Fernández
 Sofia, Ortega
 Victoria, Ortiz
 Isabella, Moya
 Natalia, Cruz
 Mateo, Rivas
 Juan, Aguilar
 Lucas, Herrero
 Matías, Vicente
 Natalia, Llorente
 Mariana, Molina
 Agustín, Alonso
 Natalia, Guerrero
 Benjamín, Aguilar
 Pablo, León
 Valeria, Morales
 Jennifer, Torres
 Javier, Llorente
 Agustín, León
 Daniela, Álvarez
 Simón, Ramos
 Adriana, Mesa
 Fernanda, González
 Carolina, Lucas
 Martín, Pastor
 María, Gil
 Juan, Carmona
 Adriana, Fernández
 Gabriel, Cortés
 Mateo, Morales
 Benjamín, González
 Mariana, Cordero
 Simón, Morales
 Natalia, Hidalgo
 Alejandra, García
 Ángel, Casado
 Emilio, Delgado
 Carolina, Carretero
 Manuel, Gil
 Sara, Castro
 María José, Calvo
 Tomás, Moreno
 Valentina, Díaz
 Ángel, López
 Daniela, Rodríguez
 Santiago, Cabrera
 Daniela, Vargas
 Ana, Alonso
 Tomás, Muñoz
 Elizabeth, Rivas
 José, Cruz
 Alejandra, Peralta
 Paula, Álvarez
 Samantha, Garrido
 Andrés, Serrano
 Lucas, Peralta
 Natalia, Peralta
 Andrés, Suárez
 Sebastián, Medina
 Francisco, Marín
 Natalia, Mesa
 Santiago, Correa
 Esteban, Vicente
 Emily, Gallego
 Miguel, Guerra
 Andrea, León
 Juan Pablo, Soto
 Catalina, Gil
 Mateo, Esteban
 Javier, Mesa
 María, Nieto
 Emilio, Lucas
 Juan David, Alonso
 Lucas, Santana
 Alexander, Fernández
 Mariana, Correa
 Isabella, Hidalgo
 Benjamín, López
 Sofía, Nieto
 Nicolás, Rivas
 Martín, Gómez
 Esteban, León
 Manuel, Nieto
 Diego, Castro
 Catalina, Soto
 Benjamín, Ruiz
 Leonardo, Herrero
 Lucía, Ruiz
 Simón, Muñoz
 Fernanda, Gutiérrez
 Lucas, Serrano
 Lucas, Suárez
 Catalina, Ríos
 Daniela, Calvo
 Daniela, Ortiz
 Alejandro, Ramos
 Andrés, Garrido
 Catalina, Linares
 Simón, Moya
 Mariana, Abad
 Valentina, Carmona
 Samuel, González
 Catalina, González
 Alejandra, Ochoa
 Mauricio, Guerrero
 Camila, Díaz
 Antonella, Domínguez
 Catalina, Carmona
 Tomás, Cruz
 Tomás, Benítez
 Andrea, Ortega
 Pablo, Moya
 Gabriela, Cabrera
 Santiago, Medina
 Andrés, Alonso
 Elena, Soler
 Alejandro, Ortega
 Paula, García
 Simón, Varela
 Sebastián, Rodríguez
 Mauricio, Hidalgo
 Matías, Moya
 Isabella, González
 Esteban, Ortega
 Marcela, Benítez
 Andrés, Luque
 Sebastián, Cabello
 Jennifer, Miranda
 Alejandra, Vicente
 Eduardo, Medina
 Carlos, Amaya
 Pablo, Varela
 Elizabeth, Pastor
 Sebastián, Linares
 Jennifer, Arias
 Felipe, Serrano
 Luciana, Ramos
 Fernanda, Cordero
 Elena, Domínguez
 Tomás, García
 Valeria, Cabello
 Nicolás, Martínez
 Camila, Soto
 Isabella, Serrano
 Christian, Oliva
 Andrés, Molina
 Alexander, Vidal
 Mariana, Oliva
 Emma, Soler
 Luciana, Arias
 Natalia, Alonso
 Nicolás, Moreno
 Mateo, Gómez
 Mauricio, Peralta
 Ricardo, Cabello
 Simón, Gómez
 Simón, Guerrero
 Natalia, León
 Catalina, López
 Francisco, Moya
 Javier, Guerra
 Mauricio, Mesa
 Antonella, Ríos
 Daniela, Sánchez
 Isabella, Esteban
 Camila, Bravo
 Nicolás, Medina
 Diego, Vega
 Lucía, Rivas
 Pablo, Gómez
 Diego, Vicente
 Gabriel, Esteban
 Sebastián, Calvo
 Daniel, Nieto
 Andrés, Carretero
 Daniel, Suárez
 Esteban, Muñoz
 Emma, Guerrero
 Marcela, Calvo
 Victoria, Martínez
 Benjamín, Cabrera
 Gabriela, Moreno
 Catalina, Guerra
 Isabella, Garrido
 Natalia, Molina
 Matías, Llorente
 Lucas, Molina
 Diego, Delgado
 Sara, Ortega
 Daniela, Herrera
 Simón, García
 Mariana, Rodríguez
 Isabel, Molina
 Sebastián, Torres
 Mariana, Vargas
 Emilio, Gómez
 Jimena, Serrano
 Jimena, Suárez
 Elena, Ríos
 Elizabeth, Benítez
 Antonia, Moya
 Natalia, Cordero
 Lucas, Lucas
 Carolina, González
 Cristóbal, Ortega
 Christian, González
 Mariana, Ferrer
 Marcela, Cortés
 Emily, Casado
 Nicolás, Amaya
 Agustín, Gil
 Simón, Peralta
 Alexander, Ortega
 Elena, Carmona
 Diego, Miranda
 Mariana, Carmona
 Adriana, Moya
 Isabella, Luque
 Ricardo, Torres
 Samuel, Cervantes
 María José, Esteban
 Daniela, Cabrera
 Esteban, Soler
 María, Morales
 Daniela, Ramos
 Luciana, Pastor
 Pablo, Aguilar
 Carolina, Nieto
 Fernanda, Martínez
 Martín, Delgado
 Daniel, Gutiérrez
 Andrea, Llorente
 Samantha, Medina
 Manuel, Morales
 Daniel, Guerra
 Diego, Ortega
 Martín, León
 Carolina, Blanco
 Andrea, Díaz
 Alejandro, Gómez
 Alejandro, Llorente
 Elena, Blanco
 Paula, Delgado
 Pablo, González
 Ricardo, Reyes
 Valentina, Rivas
 Jennifer, Amaya
 Simón, Suárez
 Lucía, Moreno
 Martín, Vázquez
 Eduardo, Calvo
 Andrea, Hidalgo
 Jimena, Robles
 Tomás, Vicente
 Santiago, Rubio
 Francisco, Gil
 Valentina, Cabrera
 Elena, Torres
 Emily, Ochoa
 Ángel, Amaya
 Catalina, Cabrera
 Santiago, Cortés
 Christian, López
 Valentina, Morales
 Andrea, Gil
 Diego, Esteban
 Antonia, Díaz
 Antonia, Oliva
 Juan José, Abad
 Marcela, Vicente
 Ángel, Rodríguez
 Tomás, Navarro
 Adriana, Guerrero
 Pablo, Prieto
 Mariana, Reyes
 Carolina, Robles
 Martín, Ortega
 Laura, León
 Sofía, Gallego
 Emilio, Suárez
 Emily, Herrera
 Valeria, Vicente
 Manuel, Moreno
 Miguel, Vargas
 Christian, Alonso
 Elena, Guerra
 Francisco, Bravo
 Nicolás, Pérez
 Martín, Carretero
 Miguel, Cabello
 David, Robles
 Tomás, Molina
 Diego, Moya
 Antonia, Gil
 Emily, Romero
 Andrés, Oliva
 Ricardo, Herrera
 Ricardo, Vidal
 Miguel, Linares
 Andrea, González
 Antonella, Cordero
 Clara, Soler
 Juan David, Linares
 Sara, Herrero
 Sebastián, Ramos
 Marcela, Ramos
 Gabriela, Castro
 Valentina, Martínez
 Emily, Rivas
 Tomás, Lucas
 Valeria, Vázquez
 Marcela, Arias
 Alejandra, Llorente
 Catalina, Martínez
 Pablo, Guerra
 Mateo, Navarro
 Agustín, Gutiérrez
 Juan, Cabello
 Andrea, Suárez
 Juan José, Oliva
 Natalia, Domínguez
 Santiago, Vidal
 Fernanda, Linares
 Elizabeth, Garrido
 Laura, Ortega
 Gabriela, Rubio
 Lucas, Díaz
 Natalia, Díaz
 Ángel, Calvo
 Valentina, Medina
 Manuel, Álvarez
 Isabel, Domínguez
 Esteban, Nieto
 Pablo, Luque
 Javier, Domínguez
 Esteban, Suárez
 Mariana, Herrera
 Carolina, Cordero
 Simón, Molina
 Andrea, Prieto
 Andrés, Soto
 Gabriela, Reyes
 Matías, Luque
 Esteban, Blanco
 Adriana, González
 Eduardo, Vicente
 Eduardo, Vidal
 Andrés, Ríos
 Adriana, Carmona
 Antonia, Nieto
 Diego, Cruz
 Santiago, Rivas
 Antonia, Suárez
 Nicolás, Sánchez
 Gabriel, Suárez
 Miguel, Torres
 Pablo, Molina
 Santiago, Vázquez
 Andrés, González
 Miguel, Fernández
 Andrea, López
 Juan David, Torres
 Andrés, Carmona
 Alejandra, Soto
 Mateo, Carretero
 Adriana, Suárez
 Javier, Gil
 Daniela, Benítez
 Alejandra, Aguilar
 Gabriel, Prieto
 Juan, Castro
 Juan José, Aguilar
 Juliana, Bravo
 Nicolás, Vicente
 Lucas, Aguilar
 Emilio, Molina
 Adriana, Ortiz
 Felipe, Domínguez
 Cristóbal, Peralta
 Pablo, Carretero
 José, Oliva
 Alejandra, González
 Juan José, González
 Ana, Sánchez
 Antonella, Martínez
 Emma, Carretero
 Alejandro, Alonso
 Gabriel, Garrido
 Alexander, Mesa
 Javier, Ríos
 Eduardo, Morales
 Valentina, Rodríguez
 Sara, Serrano
 Benjamín, Rubio
 José, Hidalgo
 Juan Pablo, Ríos
 Jennifer, Garrido
 Clara, Carmona
 Gabriela, Vicente
 Adriana, López
 Jennifer, Vega
 Alejandra, Suárez
 Benjamín, Cortés
 Esteban, Luque
 Mateo, Muñoz
 Miguel, Sánchez
 José, Gil
 Paula, Llorente
 Tomás, Soler
 Natalia, Pascual
 Andrea, Molina
 Diego, Mesa
