Codigo Asignatura (CA),Nivel,NTE,TCA,HTD,HTI,Creditos,Nombre Asignatura,CC,FC
ALG1301,1,140,5,64,80,3,Algebra y Trigonometria,1,20240603
ALG1302,1,140,5,64,80,3,Algebra y Trigonometria,2,20240603
ALG1303,1,140,5,64,80,3,Algebra y Trigonometria,3,20240603
ALG1304,1,140,5,64,80,3,Algebra y Trigonometria,4,20240603
ALG1305,1,140,5,64,80,3,Algebra y Trigonometria,5,20240603
CAL1301,1,140,5,64,80,3,Calculo Diferencial,1,20240603
CAL1302,1,140,5,64,80,3,Calculo Diferencial,2,20240603
CAL1303,1,140,5,64,80,3,Calculo Diferencial,3,20240603
CAL1304,1,140,5,64,80,3,Calculo Diferencial,4,20240603
CAL1305,1,140,5,64,80,3,Calculo Diferencial,5,20240603
GEO1301,1,140,5,64,80,3,Geometria Vectorial y Analitica,1,20240603
GEO1302,1,140,5,64,80,3,Geometria Vectorial y Analitica,2,20240603
GEO1303,1,140,5,64,80,3,Geometria Vectorial y Analitica,3,20240603
GEO1304,1,140,5,64,80,3,Geometria Vectorial y Analitica,4,20240603
GEO1305,1,140,5,64,80,3,Geometria Vectorial y Analitica,5,20240603
VIV1101,1,140,5,16,32,1,Vivamos la Universidad,1,20240603
VIV1102,1,140,5,16,32,1,Vivamos la Universidad,2,20240603
VIV1103,1,140,5,16,32,1,Vivamos la Universidad,3,20240603
VIV1104,1,140,5,16,32,1,Vivamos la Universidad,4,20240603
VIV1105,1,140,5,16,32,1,Vivamos la Universidad,5,20240603
ING1101,1,140,5,16,32,1,Ingles I,1,20240603
ING1102,1,140,5,16,32,1,Ingles I,2,20240603
ING1103,1,140,5,16,32,1,Ingles I,3,20240603
ING1104,1,140,5,16,32,1,Ingles I,4,20240603
ING1105,1,140,5,16,32,1,Ingles I,5,20240603
LEC1301,1,140,5,64,80,3,Lectoescritura,1,20240603
LEC1302,1,140,5,64,80,3,Lectoescritura,2,20240603
LEC1303,1,140,5,64,80,3,Lectoescritura,3,20240603
LEC1304,1,140,5,64,80,3,Lectoescritura,4,20240603
LEC1305,1,140,5,64,80,3,Lectoescritura,5,20240603
INT1101,1,140,5,16,32,1,Introduccion a la Ingenieria Industrial,1,20240603
INT1102,1,140,5,16,32,1,Introduccion a la Ingenieria Industrial,2,20240603
INT1103,1,140,5,16,32,1,Introduccion a la Ingenieria Industrial,3,20240603
INT1104,1,140,5,16,32,1,Introduccion a la Ingenieria Industrial,4,20240603
INT1105,1,140,5,16,32,1,Introduccion a la Ingenieria Industrial,5,20240603
GES2301,2,130,5,64,80,3,Gestion de las Organizaciones,1,20240603
GES2302,2,130,5,64,80,3,Gestion de las Organizaciones,2,20240603
GES2303,2,130,5,64,80,3,Gestion de las Organizaciones,3,20240603
GES2304,2,130,5,64,80,3,Gestion de las Organizaciones,4,20240603
GES2305,2,130,5,64,80,3,Gestion de las Organizaciones,5,20240603
HAB2301,2,130,5,64,80,3,Habilidades Gerenciales,1,20240603
HAB2302,2,130,5,64,80,3,Habilidades Gerenciales,2,20240603
HAB2303,2,130,5,64,80,3,Habilidades Gerenciales,3,20240603
HAB2304,2,130,5,64,80,3,Habilidades Gerenciales,4,20240603
HAB2305,2,130,5,64,80,3,Habilidades Gerenciales,5,20240603
ALG2301,2,130,5,64,80,3,Algebra Lineal,1,20240603
ALG2302,2,130,5,64,80,3,Algebra Lineal,2,20240603
ALG2303,2,130,5,64,80,3,Algebra Lineal,3,20240603
ALG2304,2,130,5,64,80,3,Algebra Lineal,4,20240603
ALG2305,2,130,5,64,80,3,Algebra Lineal,5,20240603
CAL2301,2,130,5,64,80,3,Calculo Integral,1,20240603
CAL2302,2,130,5,64,80,3,Calculo Integral,2,20240603
CAL2303,2,130,5,64,80,3,Calculo Integral,3,20240603
CAL2304,2,130,5,64,80,3,Calculo Integral,4,20240603
CAL2305,2,130,5,64,80,3,Calculo Integral,5,20240603
DES2301,2,130,5,64,80,3,Descubriendo la Fisica,1,20240603
DES2302,2,130,5,64,80,3,Descubriendo la Fisica,2,20240603
DES2303,2,130,5,64,80,3,Descubriendo la Fisica,3,20240603
DES2304,2,130,5,64,80,3,Descubriendo la Fisica,4,20240603
DES2305,2,130,5,64,80,3,Descubriendo la Fisica,5,20240603
ING2101,2,130,5,16,32,1,Ingles II,1,20240603
ING2102,2,130,5,16,32,1,Ingles II,2,20240603
ING2103,2,130,5,16,32,1,Ingles II,3,20240603
ING2104,2,130,5,16,32,1,Ingles II,4,20240603
ING2105,2,130,5,16,32,1,Ingles II,5,20240603
GES3301,3,120,4,64,80,3,Gestion Contable,1,20240603
GES3302,3,120,4,64,80,3,Gestion Contable,2,20240603
GES3303,3,120,4,64,80,3,Gestion Contable,3,20240603
GES3304,3,120,4,64,80,3,Gestion Contable,4,20240603
FIS3301,3,120,4,64,80,3,Fisica Mecanica,1,20240603
FIS3302,3,120,4,64,80,3,Fisica Mecanica,2,20240603
FIS3303,3,120,4,64,80,3,Fisica Mecanica,3,20240603
FIS3304,3,120,4,64,80,3,Fisica Mecanica,4,20240603
ING3101,3,120,4,16,32,1,Ingles III,1,20240603
ING3102,3,120,4,16,32,1,Ingles III,2,20240603
ING3103,3,120,4,16,32,1,Ingles III,3,20240603
ING3104,3,120,4,16,32,1,Ingles III,4,20240603
ALG3301,3,120,4,64,80,3,Algoritmia y Programacion,1,20240603
ALG3302,3,120,4,64,80,3,Algoritmia y Programacion,2,20240603
ALG3303,3,120,4,64,80,3,Algoritmia y Programacion,3,20240603
ALG3304,3,120,4,64,80,3,Algoritmia y Programacion,4,20240603
PRO3301,3,120,4,64,80,3,Probabilidad e Inferencia Estadistica,1,20240603
PRO3302,3,120,4,64,80,3,Probabilidad e Inferencia Estadistica,2,20240603
PRO3303,3,120,4,64,80,3,Probabilidad e Inferencia Estadistica,3,20240603
PRO3304,3,120,4,64,80,3,Probabilidad e Inferencia Estadistica,4,20240603
TEO3301,3,120,4,64,80,3,Teoria General de Sistemas,1,20240603
TEO3302,3,120,4,64,80,3,Teoria General de Sistemas,2,20240603
TEO3303,3,120,4,64,80,3,Teoria General de Sistemas,3,20240603
TEO3304,3,120,4,64,80,3,Teoria General de Sistemas,4,20240603
ING4301,4,110,5,64,80,3,Ingenieria Economica,1,20240603
ING4302,4,110,5,64,80,3,Ingenieria Economica,2,20240603
ING4303,4,110,5,64,80,3,Ingenieria Economica,3,20240603
ING4304,4,110,5,64,80,3,Ingenieria Economica,4,20240603
ING4305,4,110,5,64,80,3,Ingenieria Economica,5,20240603
ELE4301,4,110,5,64,80,3,Electiva en Fisica,1,20240603
ELE4302,4,110,5,64,80,3,Electiva en Fisica,2,20240603
ELE4303,4,110,5,64,80,3,Electiva en Fisica,3,20240603
ELE4304,4,110,5,64,80,3,Electiva en Fisica,4,20240603
ELE4305,4,110,5,64,80,3,Electiva en Fisica,5,20240603
ING4101,4,110,5,16,32,1,Ingles IV,1,20240603
ING4102,4,110,5,16,32,1,Ingles IV,2,20240603
ING4103,4,110,5,16,32,1,Ingles IV,3,20240603
ING4104,4,110,5,16,32,1,Ingles IV,4,20240603
ING4105,4,110,5,16,32,1,Ingles IV,5,20240603
DIS4301,4,110,5,64,80,3,Diseno de Experimentos y Analisis de Regresion,1,20240603
DIS4302,4,110,5,64,80,3,Diseno de Experimentos y Analisis de Regresion,2,20240603
DIS4303,4,110,5,64,80,3,Diseno de Experimentos y Analisis de Regresion,3,20240603
DIS4304,4,110,5,64,80,3,Diseno de Experimentos y Analisis de Regresion,4,20240603
DIS4305,4,110,5,64,80,3,Diseno de Experimentos y Analisis de Regresion,5,20240603
OPT4301,4,110,5,64,80,3,Optimizacion,1,20240603
OPT4302,4,110,5,64,80,3,Optimizacion,2,20240603
OPT4303,4,110,5,64,80,3,Optimizacion,3,20240603
OPT4304,4,110,5,64,80,3,Optimizacion,4,20240603
OPT4305,4,110,5,64,80,3,Optimizacion,5,20240603
GES4401,4,110,5,96,120,4,Gestion de Metodos y Tiempos,1,20240603
GES4402,4,110,5,96,120,4,Gestion de Metodos y Tiempos,2,20240603
GES4403,4,110,5,96,120,4,Gestion de Metodos y Tiempos,3,20240603
GES4404,4,110,5,96,120,4,Gestion de Metodos y Tiempos,4,20240603
GES4405,4,110,5,96,120,4,Gestion de Metodos y Tiempos,5,20240603
GES5301,5,100,4,64,80,3,Gestion Financiera,1,20240603
GES5302,5,100,4,64,80,3,Gestion Financiera,2,20240603
GES5303,5,100,4,64,80,3,Gestion Financiera,3,20240603
GES5304,5,100,4,64,80,3,Gestion Financiera,4,20240603
LAB5101,5,100,4,16,32,1,Laboratorio Integrado de Fisica,1,20240603
LAB5102,5,100,4,16,32,1,Laboratorio Integrado de Fisica,2,20240603
LAB5103,5,100,4,16,32,1,Laboratorio Integrado de Fisica,3,20240603
LAB5104,5,100,4,16,32,1,Laboratorio Integrado de Fisica,4,20240603
ING5101,5,100,4,16,32,1,Ingles V,1,20240603
ING5102,5,100,4,16,32,1,Ingles V,2,20240603
ING5103,5,100,4,16,32,1,Ingles V,3,20240603
ING5104,5,100,4,16,32,1,Ingles V,4,20240603
FOR5101,5,100,4,16,32,1,Formacion Ciudadana y Constitucional,1,20240603
FOR5102,5,100,4,16,32,1,Formacion Ciudadana y Constitucional,2,20240603
FOR5103,5,100,4,16,32,1,Formacion Ciudadana y Constitucional,3,20240603
FOR5104,5,100,4,16,32,1,Formacion Ciudadana y Constitucional,4,20240603
DIN5301,5,100,4,64,80,3,Dinamica de Sistemas,1,20240603
DIN5302,5,100,4,64,80,3,Dinamica de Sistemas,2,20240603
DIN5303,5,100,4,64,80,3,Dinamica de Sistemas,3,20240603
DIN5304,5,100,4,64,80,3,Dinamica de Sistemas,4,20240603
MUE5301,5,100,4,64,80,3,Muestreo y Series de Tiempo,1,20240603
MUE5302,5,100,4,64,80,3,Muestreo y Series de Tiempo,2,20240603
MUE5303,5,100,4,64,80,3,Muestreo y Series de Tiempo,3,20240603
MUE5304,5,100,4,64,80,3,Muestreo y Series de Tiempo,4,20240603
PRO5301,5,100,4,64,80,3,Procesos Estocasticos y Analisis de Decision,1,20240603
PRO5302,5,100,4,64,80,3,Procesos Estocasticos y Analisis de Decision,2,20240603
PRO5303,5,100,4,64,80,3,Procesos Estocasticos y Analisis de Decision,3,20240603
PRO5304,5,100,4,64,80,3,Procesos Estocasticos y Analisis de Decision,4,20240603
GES5301,5,100,4,64,80,3,Gestion por Procesos,1,20240603
GES5302,5,100,4,64,80,3,Gestion por Procesos,2,20240603
GES5303,5,100,4,64,80,3,Gestion por Procesos,3,20240603
GES5304,5,100,4,64,80,3,Gestion por Procesos,4,20240603
GES6301,6,100,4,64,80,3,Gestion Tecnologica,1,20240603
GES6302,6,100,4,64,80,3,Gestion Tecnologica,2,20240603
GES6303,6,100,4,64,80,3,Gestion Tecnologica,3,20240603
GES6304,6,100,4,64,80,3,Gestion Tecnologica,4,20240603
LEG6301,6,100,4,64,80,3,Legislacion,1,20240603
LEG6302,6,100,4,64,80,3,Legislacion,2,20240603
LEG6303,6,100,4,64,80,3,Legislacion,3,20240603
LEG6304,6,100,4,64,80,3,Legislacion,4,20240603
ELE6301,6,100,4,64,80,3,Electiva en Humanidades I,1,20240603
ELE6302,6,100,4,64,80,3,Electiva en Humanidades I,2,20240603
ELE6303,6,100,4,64,80,3,Electiva en Humanidades I,3,20240603
ELE6304,6,100,4,64,80,3,Electiva en Humanidades I,4,20240603
ING6101,6,100,4,16,32,1,Ingles VI,1,20240603
ING6102,6,100,4,16,32,1,Ingles VI,2,20240603
ING6103,6,100,4,16,32,1,Ingles VI,3,20240603
ING6104,6,100,4,16,32,1,Ingles VI,4,20240603
SIM6301,6,100,4,64,80,3,Simulacion Discreta,1,20240603
SIM6302,6,100,4,64,80,3,Simulacion Discreta,2,20240603
SIM6303,6,100,4,64,80,3,Simulacion Discreta,3,20240603
SIM6304,6,100,4,64,80,3,Simulacion Discreta,4,20240603
FOR6301,6,100,4,64,80,3,Formulacion de Proyectos de Investigacion,1,20240603
FOR6302,6,100,4,64,80,3,Formulacion de Proyectos de Investigacion,2,20240603
FOR6303,6,100,4,64,80,3,Formulacion de Proyectos de Investigacion,3,20240603
FOR6304,6,100,4,64,80,3,Formulacion de Proyectos de Investigacion,4,20240603
NOR6301,6,100,4,64,80,3,Normalizacion y Control de la Calidad,1,20240603
NOR6302,6,100,4,64,80,3,Normalizacion y Control de la Calidad,2,20240603
NOR6303,6,100,4,64,80,3,Normalizacion y Control de la Calidad,3,20240603
NOR6304,6,100,4,64,80,3,Normalizacion y Control de la Calidad,4,20240603
FOR7301,7,90,5,64,80,3,Formulacion y Evaluacion de Proyectos de Inversion,1,20240603
FOR7302,7,90,5,64,80,3,Formulacion y Evaluacion de Proyectos de Inversion,2,20240603
FOR7303,7,90,5,64,80,3,Formulacion y Evaluacion de Proyectos de Inversion,3,20240603
FOR7304,7,90,5,64,80,3,Formulacion y Evaluacion de Proyectos de Inversion,4,20240603
FOR7305,7,90,5,64,80,3,Formulacion y Evaluacion de Proyectos de Inversion,5,20240603
EMP7201,7,90,5,32,64,2,Emprendimiento,1,20240603
EMP7202,7,90,5,32,64,2,Emprendimiento,2,20240603
EMP7203,7,90,5,32,64,2,Emprendimiento,3,20240603
EMP7204,7,90,5,32,64,2,Emprendimiento,4,20240603
EMP7205,7,90,5,32,64,2,Emprendimiento,5,20240603
ELE7301,7,90,5,64,80,3,Electiva en Humanidades II,1,20240603
ELE7302,7,90,5,64,80,3,Electiva en Humanidades II,2,20240603
ELE7303,7,90,5,64,80,3,Electiva en Humanidades II,3,20240603
ELE7304,7,90,5,64,80,3,Electiva en Humanidades II,4,20240603
ELE7305,7,90,5,64,80,3,Electiva en Humanidades II,5,20240603
ENF7301,7,90,5,64,80,3,Enfasis Profesional I,1,20240603
ENF7302,7,90,5,64,80,3,Enfasis Profesional I,2,20240603
ENF7303,7,90,5,64,80,3,Enfasis Profesional I,3,20240603
ENF7304,7,90,5,64,80,3,Enfasis Profesional I,4,20240603
ENF7305,7,90,5,64,80,3,Enfasis Profesional I,5,20240603
ELE7301,7,90,5,64,80,3,Electiva Complementaria I,1,20240603
ELE7302,7,90,5,64,80,3,Electiva Complementaria I,2,20240603
ELE7303,7,90,5,64,80,3,Electiva Complementaria I,3,20240603
ELE7304,7,90,5,64,80,3,Electiva Complementaria I,4,20240603
ELE7305,7,90,5,64,80,3,Electiva Complementaria I,5,20240603
DIS7301,7,90,5,64,80,3,Diseno de Sistemas Productivos,1,20240603
DIS7302,7,90,5,64,80,3,Diseno de Sistemas Productivos,2,20240603
DIS7303,7,90,5,64,80,3,Diseno de Sistemas Productivos,3,20240603
DIS7304,7,90,5,64,80,3,Diseno de Sistemas Productivos,4,20240603
DIS7305,7,90,5,64,80,3,Diseno de Sistemas Productivos,5,20240603
GES8301,8,80,4,64,80,3,Gestion de Proyectos,1,20240603
GES8302,8,80,4,64,80,3,Gestion de Proyectos,2,20240603
GES8303,8,80,4,64,80,3,Gestion de Proyectos,3,20240603
GES8304,8,80,4,64,80,3,Gestion de Proyectos,4,20240603
ELE8301,8,80,4,64,80,3,Electiva en Humanidades III,1,20240603
ELE8302,8,80,4,64,80,3,Electiva en Humanidades III,2,20240603
ELE8303,8,80,4,64,80,3,Electiva en Humanidades III,3,20240603
ELE8304,8,80,4,64,80,3,Electiva en Humanidades III,4,20240603
ENF8301,8,80,4,64,80,3,Enfasis Profesional II,1,20240603
ENF8302,8,80,4,64,80,3,Enfasis Profesional II,2,20240603
ENF8303,8,80,4,64,80,3,Enfasis Profesional II,3,20240603
ENF8304,8,80,4,64,80,3,Enfasis Profesional II,4,20240603
ELE8301,8,80,4,64,80,3,Electiva Complementaria II,1,20240603
ELE8302,8,80,4,64,80,3,Electiva Complementaria II,2,20240603
ELE8303,8,80,4,64,80,3,Electiva Complementaria II,3,20240603
ELE8304,8,80,4,64,80,3,Electiva Complementaria II,4,20240603
ADM8301,8,80,4,64,80,3,Administracion de la Produccion y del Servicio,1,20240603
ADM8302,8,80,4,64,80,3,Administracion de la Produccion y del Servicio,2,20240603
ADM8303,8,80,4,64,80,3,Administracion de la Produccion y del Servicio,3,20240603
ADM8304,8,80,4,64,80,3,Administracion de la Produccion y del Servicio,4,20240603
ELE9301,9,70,4,64,80,3,Electiva en Humanidades IV,1,20240603
ELE9302,9,70,4,64,80,3,Electiva en Humanidades IV,2,20240603
ELE9303,9,70,4,64,80,3,Electiva en Humanidades IV,3,20240603
ELE9304,9,70,4,64,80,3,Electiva en Humanidades IV,4,20240603
ENF9301,9,70,4,64,80,3,Enfasis Profesional III,1,20240603
ENF9302,9,70,4,64,80,3,Enfasis Profesional III,2,20240603
ENF9303,9,70,4,64,80,3,Enfasis Profesional III,3,20240603
ENF9304,9,70,4,64,80,3,Enfasis Profesional III,4,20240603
ELE9301,9,70,4,64,80,3,Electiva Complementaria III,1,20240603
ELE9302,9,70,4,64,80,3,Electiva Complementaria III,2,20240603
ELE9303,9,70,4,64,80,3,Electiva Complementaria III,3,20240603
ELE9304,9,70,4,64,80,3,Electiva Complementaria III,4,20240603
GES9301,9,70,4,64,80,3,Gestion de la Cadena de Abastecimiento,1,20240603
GES9302,9,70,4,64,80,3,Gestion de la Cadena de Abastecimiento,2,20240603
GES9303,9,70,4,64,80,3,Gestion de la Cadena de Abastecimiento,3,20240603
GES9304,9,70,4,64,80,3,Gestion de la Cadena de Abastecimiento,4,20240603
ING9301,9,70,4,64,80,3,Ingenieria del Mejoramiento Continuo,1,20240603
ING9302,9,70,4,64,80,3,Ingenieria del Mejoramiento Continuo,2,20240603
ING9303,9,70,4,64,80,3,Ingenieria del Mejoramiento Continuo,3,20240603
ING9304,9,70,4,64,80,3,Ingenieria del Mejoramiento Continuo,4,20240603
PRA101201,10,60,6,64,80,12,Practica Profesional,1,20240603
PRA101202,10,60,6,64,80,12,Practica Profesional,2,20240603
PRA101203,10,60,6,64,80,12,Practica Profesional,3,20240603
PRA101204,10,60,6,64,80,12,Practica Profesional,4,20240603
PRA101205,10,60,6,64,80,12,Practica Profesional,5,20240603
PRA101206,10,60,6,64,80,12,Practica Profesional,6,20240603
