Codigo Asignatura,Nombre Asignatura,Nivel,Codigo Curso,Estudiante
ELE9301,ElectivaenHumanidadesIV,9,ELE930102, Juan David  Rivas
ELE9301,ElectivaenHumanidadesIV,9,ELE930102, Santiago  Vázquez
ELE9301,ElectivaenHumanidadesIV,9,ELE930102, Nicolás  Martínez
ELE9301,ElectivaenHumanidadesIV,9,ELE930102, Fernanda  Gutiérrez
ELE9301,ElectivaenHumanidadesIV,9,ELE930102, Martín  Gómez
ELE9301,ElectivaenHumanidadesIV,9,ELE930102, Pablo  Rodríguez
ELE9301,ElectivaenHumanidadesIV,9,ELE930102, Andrés  Vicente
ELE9301,ElectivaenHumanidadesIV,9,ELE930102, Juan Pablo  Ramos
ELE9301,ElectivaenHumanidadesIV,9,ELE930102, Andrés  Vega
ELE9301,ElectivaenHumanidadesIV,9,ELE930102, Manuel  Álvarez
ELE9301,ElectivaenHumanidadesIV,9,ELE930102, Mariana  Ferrer
ELE9301,ElectivaenHumanidadesIV,9,ELE930102, Andrés  Cortés
ELE9301,ElectivaenHumanidadesIV,9,ELE930102, Francisco  Marín
ELE9301,ElectivaenHumanidadesIV,9,ELE930102, Andrés  Gutiérrez
ELE9301,ElectivaenHumanidadesIV,9,ELE930102, Antonella  Cordero
ELE9301,ElectivaenHumanidadesIV,9,ELE930102, Mateo  Gómez
ELE9301,ElectivaenHumanidadesIV,9,ELE930102, María  Morales
ELE9301,ElectivaenHumanidadesIV,9,ELE930102, Alejandra  Llorente
ELE9301,ElectivaenHumanidadesIV,9,ELE930102, Juan José  Fernández
ELE9301,ElectivaenHumanidadesIV,9,ELE930102, Diego  González
