Codigo Asignatura,Nombre Asignatura,Nivel,Codigo Curso,Estudiante
ELE9301,ElectivaenHumanidadesIV,9,ELE930101, Simón  Castro
ELE9301,ElectivaenHumanidadesIV,9,ELE930101, Catalina  Alonso
ELE9301,ElectivaenHumanidadesIV,9,ELE930101, Santiago  Suárez
ELE9301,ElectivaenHumanidadesIV,9,ELE930101, Juliana  Bravo
ELE9301,ElectivaenHumanidadesIV,9,ELE930101, Carolina  Blanco
ELE9301,ElectivaenHumanidadesIV,9,ELE930101, Juan David  Peralta
ELE9301,ElectivaenHumanidadesIV,9,ELE930101, Elena  Torres
ELE9301,ElectivaenHumanidadesIV,9,ELE930101, Marcela  Vicente
ELE9301,ElectivaenHumanidadesIV,9,ELE930101, Elizabeth  González
ELE9301,ElectivaenHumanidadesIV,9,ELE930101, Mauricio  Mesa
ELE9301,ElectivaenHumanidadesIV,9,ELE930101, Agustín  Pérez
ELE9301,ElectivaenHumanidadesIV,9,ELE930101, Elizabeth  Cervantes
ELE9301,ElectivaenHumanidadesIV,9,ELE930101, David  Robles
ELE9301,ElectivaenHumanidadesIV,9,ELE930101, Sebastián  Carretero
ELE9301,ElectivaenHumanidadesIV,9,ELE930101, Fernanda  Linares
ELE9301,ElectivaenHumanidadesIV,9,ELE930101, Laura  León
ELE9301,ElectivaenHumanidadesIV,9,ELE930101, Marcela  Pascual
ELE9301,ElectivaenHumanidadesIV,9,ELE930101, Mateo  Mesa
ELE9301,ElectivaenHumanidadesIV,9,ELE930101, Valentina  Prieto
ELE9301,ElectivaenHumanidadesIV,9,ELE930101, Alejandra  Torres
