Codigo Asignatura,Nombre Asignatura,Nivel,Codigo Curso,Estudiante
DES2301,DescubriendolaFisica,2,DES230103, Ricardo  Cabello
DES2301,DescubriendolaFisica,2,DES230103, Daniela  Vargas
DES2301,DescubriendolaFisica,2,DES230103, Natalia  Cordero
DES2301,DescubriendolaFisica,2,DES230103, Francisco  Santana
DES2301,DescubriendolaFisica,2,DES230103, Isabel  Molina
DES2301,DescubriendolaFisica,2,DES230103, Gabriel  Medina
DES2301,DescubriendolaFisica,2,DES230103, Simón  Muñoz
DES2301,DescubriendolaFisica,2,DES230103, Miguel  Guerra
DES2301,DescubriendolaFisica,2,DES230103, Andrea  Abad
DES2301,DescubriendolaFisica,2,DES230103, Santiago  Alonso
DES2301,DescubriendolaFisica,2,DES230103, Natalia  Peralta
DES2301,DescubriendolaFisica,2,DES230103, Adriana  Mesa
DES2301,DescubriendolaFisica,2,DES230103, Eduardo  Llorente
DES2301,DescubriendolaFisica,2,DES230103, Valentina  Rubio
DES2301,DescubriendolaFisica,2,DES230103, Emma  Romero
DES2301,DescubriendolaFisica,2,DES230103, Antonella  Ochoa
DES2301,DescubriendolaFisica,2,DES230103, Laura  Ramos
DES2301,DescubriendolaFisica,2,DES230103, Andrés  Linares
DES2301,DescubriendolaFisica,2,DES230103, Simón  Suárez
DES2301,DescubriendolaFisica,2,DES230103, Matías  Rodríguez
DES2301,DescubriendolaFisica,2,DES230103, Martín  Carretero
DES2301,DescubriendolaFisica,2,DES230103, Antonia  Sánchez
DES2301,DescubriendolaFisica,2,DES230103, Mauricio  Peralta
DES2301,DescubriendolaFisica,2,DES230103, Paula  Robles
DES2301,DescubriendolaFisica,2,DES230103, David  Robles
DES2301,DescubriendolaFisica,2,DES230103, Andrés  Calvo
DES2301,DescubriendolaFisica,2,DES230103, María  Correa
DES2301,DescubriendolaFisica,2,DES230103, Natalia  Vega
DES2301,DescubriendolaFisica,2,DES230103, Manuel  Molina
DES2301,DescubriendolaFisica,2,DES230103, Ricardo  Herrero
