Codigo Asignatura,Nombre Asignatura,Nivel,Codigo Curso,Estudiante
DES2301,DescubriendolaFisica,2,DES230101, Francisco  Gil
DES2301,DescubriendolaFisica,2,DES230101, Andrés  Miranda
DES2301,DescubriendolaFisica,2,DES230101, Tomás  Ríos
DES2301,DescubriendolaFisica,2,DES230101, Natalia  León
DES2301,DescubriendolaFisica,2,DES230101, Valentina  Molina
DES2301,DescubriendolaFisica,2,DES230101, Clara  Herrera
DES2301,DescubriendolaFisica,2,DES230101, Juan Pablo  Amaya
DES2301,DescubriendolaFisica,2,DES230101, Santiago  Suárez
DES2301,DescubriendolaFisica,2,DES230101, Pablo  Prieto
DES2301,DescubriendolaFisica,2,DES230101, Valeria  Cabello
DES2301,DescubriendolaFisica,2,DES230101, Ricardo  Suárez
DES2301,DescubriendolaFisica,2,DES230101, Miguel  González
DES2301,DescubriendolaFisica,2,DES230101, Mariana  Alonso
DES2301,DescubriendolaFisica,2,DES230101, Martín  Gómez
DES2301,DescubriendolaFisica,2,DES230101, Juan José  Fernández
DES2301,DescubriendolaFisica,2,DES230101, Andrea  Ortega
DES2301,DescubriendolaFisica,2,DES230101, Catalina  Calvo
DES2301,DescubriendolaFisica,2,DES230101, Paula  Vidal
DES2301,DescubriendolaFisica,2,DES230101, Tomás  Iglesias
DES2301,DescubriendolaFisica,2,DES230101, Gabriel  Pastor
DES2301,DescubriendolaFisica,2,DES230101, Luciana  Garrido
DES2301,DescubriendolaFisica,2,DES230101, Samantha  Garrido
DES2301,DescubriendolaFisica,2,DES230101, Eduardo  Morales
DES2301,DescubriendolaFisica,2,DES230101, Samuel  González
DES2301,DescubriendolaFisica,2,DES230101, Alexander  Cervantes
DES2301,DescubriendolaFisica,2,DES230101, Andrés  Correa
DES2301,DescubriendolaFisica,2,DES230101, Paula  Álvarez
DES2301,DescubriendolaFisica,2,DES230101, Elizabeth  Benítez
DES2301,DescubriendolaFisica,2,DES230101, Alejandro  Alonso
DES2301,DescubriendolaFisica,2,DES230101, Andrés  Martínez
