Codigo Asignatura,Nombre Asignatura,Nivel,Codigo Curso,Estudiante
DES2301,DescubriendolaFisica,2,DES230102, Benjamín  Suárez
DES2301,DescubriendolaFisica,2,DES230102, Andrés  Ramos
DES2301,DescubriendolaFisica,2,DES230102, Lucía  Vega
DES2301,DescubriendolaFisica,2,DES230102, Daniela  Ramos
DES2301,DescubriendolaFisica,2,DES230102, Pablo  León
DES2301,DescubriendolaFisica,2,DES230102, Benjamín  Rubio
DES2301,DescubriendolaFisica,2,DES230102, Ángel  López
DES2301,DescubriendolaFisica,2,DES230102, Lucía  Rivas
DES2301,DescubriendolaFisica,2,DES230102, Natalia  Díaz
DES2301,DescubriendolaFisica,2,DES230102, Sebastián  Calvo
DES2301,DescubriendolaFisica,2,DES230102, Samantha  Vicente
DES2301,DescubriendolaFisica,2,DES230102, Catalina  Miranda
DES2301,DescubriendolaFisica,2,DES230102, Javier  Calvo
DES2301,DescubriendolaFisica,2,DES230102, Carolina  Carretero
DES2301,DescubriendolaFisica,2,DES230102, Christian  Casado
DES2301,DescubriendolaFisica,2,DES230102, Elena  Ríos
DES2301,DescubriendolaFisica,2,DES230102, Elena  Carmona
DES2301,DescubriendolaFisica,2,DES230102, Sebastián  Alonso
DES2301,DescubriendolaFisica,2,DES230102, Elizabeth  Linares
DES2301,DescubriendolaFisica,2,DES230102, Carlos  Peralta
DES2301,DescubriendolaFisica,2,DES230102, Carolina  Navarro
DES2301,DescubriendolaFisica,2,DES230102, Andrea  Peralta
DES2301,DescubriendolaFisica,2,DES230102, Lucas  Pérez
DES2301,DescubriendolaFisica,2,DES230102, Isabella  Luque
DES2301,DescubriendolaFisica,2,DES230102, Carlos  Gómez
DES2301,DescubriendolaFisica,2,DES230102, Andrea  Medina
DES2301,DescubriendolaFisica,2,DES230102, Ángel  Mesa
DES2301,DescubriendolaFisica,2,DES230102, Andrea  Casado
DES2301,DescubriendolaFisica,2,DES230102, Andrés  Vicente
DES2301,DescubriendolaFisica,2,DES230102, Natalia  Cabello
