Codigo Asignatura,Nombre Asignatura,Nivel,Codigo Curso,Estudiante
DES2301,DescubriendolaFisica,2,DES230104, Emily  Herrera
DES2301,DescubriendolaFisica,2,DES230104, Emily  Casado
DES2301,DescubriendolaFisica,2,DES230104, Pablo  Miranda
DES2301,DescubriendolaFisica,2,DES230104, Sebastián  Gutiérrez
DES2301,DescubriendolaFisica,2,DES230104, Alejandra  Linares
DES2301,DescubriendolaFisica,2,DES230104, Marcela  Vicente
DES2301,DescubriendolaFisica,2,DES230104, Luciana  Ortega
DES2301,DescubriendolaFisica,2,DES230104, Isabella  González
DES2301,DescubriendolaFisica,2,DES230104, Luciana  Herrero
DES2301,DescubriendolaFisica,2,DES230104, Juan  Vega
DES2301,DescubriendolaFisica,2,DES230104, Emily  Gallego
DES2301,DescubriendolaFisica,2,DES230104, Diego  Mesa
DES2301,DescubriendolaFisica,2,DES230104, José  Cruz
DES2301,DescubriendolaFisica,2,DES230104, María  Morales
DES2301,DescubriendolaFisica,2,DES230104, Andrea  Pastor
DES2301,DescubriendolaFisica,2,DES230104, Alexander  Cabrera
DES2301,DescubriendolaFisica,2,DES230104, Mauricio  Rubio
DES2301,DescubriendolaFisica,2,DES230104, Lucas  Suárez
DES2301,DescubriendolaFisica,2,DES230104, David  Cabello
DES2301,DescubriendolaFisica,2,DES230104, Andrea  Carretero
DES2301,DescubriendolaFisica,2,DES230104, Eduardo  Pascual
DES2301,DescubriendolaFisica,2,DES230104, Antonella  Álvarez
DES2301,DescubriendolaFisica,2,DES230104, Tomás  Nieto
DES2301,DescubriendolaFisica,2,DES230104, Javier  Llorente
DES2301,DescubriendolaFisica,2,DES230104, Esteban  Casado
DES2301,DescubriendolaFisica,2,DES230104, Benjamín  León
DES2301,DescubriendolaFisica,2,DES230104, Ricardo  Vidal
DES2301,DescubriendolaFisica,2,DES230104, Juan Pablo  Muñoz
DES2301,DescubriendolaFisica,2,DES230104, Isabel  Moya
DES2301,DescubriendolaFisica,2,DES230104, Mariana  Ferrer
