Codigo Asignatura,Nombre Asignatura,Nivel,Codigo Curso,Estudiante
DES2301,DescubriendolaFisica,2,DES230105, María José  Calvo
DES2301,DescubriendolaFisica,2,DES230105, Adriana  Guerra
DES2301,DescubriendolaFisica,2,DES230105, Mateo  Rivas
DES2301,DescubriendolaFisica,2,DES230105, Daniela  Benítez
DES2301,DescubriendolaFisica,2,DES230105, Miguel  Linares
DES2301,DescubriendolaFisica,2,DES230105, Simón  Ramos
DES2301,DescubriendolaFisica,2,DES230105, Francisco  Cabrera
DES2301,DescubriendolaFisica,2,DES230105, Antonella  Cordero
DES2301,DescubriendolaFisica,2,DES230105, Luciana  Marín
DES2301,DescubriendolaFisica,2,DES230105, Felipe  González
