Codigo Asignatura,Nombre Asignatura,Nivel,Codigo Curso,Estudiante
DIS4301,DisenodeExperimentosyAnalisisdeRegresion,4,DIS430104, Daniela  Sánchez
DIS4301,DisenodeExperimentosyAnalisisdeRegresion,4,DIS430104, Sebastián  Cruz
DIS4301,DisenodeExperimentosyAnalisisdeRegresion,4,DIS430104, Pablo  León
DIS4301,DisenodeExperimentosyAnalisisdeRegresion,4,DIS430104, Sara  Pastor
DIS4301,DisenodeExperimentosyAnalisisdeRegresion,4,DIS430104, Samuel  Cervantes
DIS4301,DisenodeExperimentosyAnalisisdeRegresion,4,DIS430104, Juan Pablo  Herrero
DIS4301,DisenodeExperimentosyAnalisisdeRegresion,4,DIS430104, Catalina  Ríos
DIS4301,DisenodeExperimentosyAnalisisdeRegresion,4,DIS430104, Andrea  Vidal
DIS4301,DisenodeExperimentosyAnalisisdeRegresion,4,DIS430104, Juan José  Castro
DIS4301,DisenodeExperimentosyAnalisisdeRegresion,4,DIS430104, Simón  Peralta
DIS4301,DisenodeExperimentosyAnalisisdeRegresion,4,DIS430104, Camila  Vicente
DIS4301,DisenodeExperimentosyAnalisisdeRegresion,4,DIS430104, Pablo  Pérez
DIS4301,DisenodeExperimentosyAnalisisdeRegresion,4,DIS430104, Elena  Cabello
DIS4301,DisenodeExperimentosyAnalisisdeRegresion,4,DIS430104, Catalina  Ramírez
DIS4301,DisenodeExperimentosyAnalisisdeRegresion,4,DIS430104, Paula  Nieto
DIS4301,DisenodeExperimentosyAnalisisdeRegresion,4,DIS430104, Isabel  Miranda
DIS4301,DisenodeExperimentosyAnalisisdeRegresion,4,DIS430104, José  Cordero
DIS4301,DisenodeExperimentosyAnalisisdeRegresion,4,DIS430104, Leonardo  Linares
DIS4301,DisenodeExperimentosyAnalisisdeRegresion,4,DIS430104, Lucas  Cordero
DIS4301,DisenodeExperimentosyAnalisisdeRegresion,4,DIS430104, José  Casado
DIS4301,DisenodeExperimentosyAnalisisdeRegresion,4,DIS430104, Matías  Castro
DIS4301,DisenodeExperimentosyAnalisisdeRegresion,4,DIS430104, Sofía  Gallego
DIS4301,DisenodeExperimentosyAnalisisdeRegresion,4,DIS430104, Nicolás  Martínez
DIS4301,DisenodeExperimentosyAnalisisdeRegresion,4,DIS430104, Clara  Herrera
DIS4301,DisenodeExperimentosyAnalisisdeRegresion,4,DIS430104, Andrea  Peralta
