Codigo Asignatura,Nombre Asignatura,Nivel,Codigo Curso,Estudiante
DIS4301,DisenodeExperimentosyAnalisisdeRegresion,4,DIS430102, Andrés  Calvo
DIS4301,DisenodeExperimentosyAnalisisdeRegresion,4,DIS430102, Agustín  Sánchez
DIS4301,DisenodeExperimentosyAnalisisdeRegresion,4,DIS430102, Lucas  Cortés
DIS4301,DisenodeExperimentosyAnalisisdeRegresion,4,DIS430102, Carlos  Gómez
DIS4301,DisenodeExperimentosyAnalisisdeRegresion,4,DIS430102, Carlos  Vargas
DIS4301,DisenodeExperimentosyAnalisisdeRegresion,4,DIS430102, Mauricio  Cabrera
DIS4301,DisenodeExperimentosyAnalisisdeRegresion,4,DIS430102, Antonia  Carmona
DIS4301,DisenodeExperimentosyAnalisisdeRegresion,4,DIS430102, Daniela  Santana
DIS4301,DisenodeExperimentosyAnalisisdeRegresion,4,DIS430102, Gabriela  Cabrera
DIS4301,DisenodeExperimentosyAnalisisdeRegresion,4,DIS430102, Esteban  Abad
DIS4301,DisenodeExperimentosyAnalisisdeRegresion,4,DIS430102, Gabriel  Cortés
DIS4301,DisenodeExperimentosyAnalisisdeRegresion,4,DIS430102, Francisco  Moya
DIS4301,DisenodeExperimentosyAnalisisdeRegresion,4,DIS430102, Nicolás  Amaya
DIS4301,DisenodeExperimentosyAnalisisdeRegresion,4,DIS430102, Tomás  González
DIS4301,DisenodeExperimentosyAnalisisdeRegresion,4,DIS430102, Camila  Ramos
DIS4301,DisenodeExperimentosyAnalisisdeRegresion,4,DIS430102, Natalia  Díaz
DIS4301,DisenodeExperimentosyAnalisisdeRegresion,4,DIS430102, Simón  Varela
DIS4301,DisenodeExperimentosyAnalisisdeRegresion,4,DIS430102, Luciana  Mesa
DIS4301,DisenodeExperimentosyAnalisisdeRegresion,4,DIS430102, Jimena  Serrano
DIS4301,DisenodeExperimentosyAnalisisdeRegresion,4,DIS430102, Jennifer  Arias
DIS4301,DisenodeExperimentosyAnalisisdeRegresion,4,DIS430102, Elena  Hidalgo
DIS4301,DisenodeExperimentosyAnalisisdeRegresion,4,DIS430102, Luciana  Ramos
DIS4301,DisenodeExperimentosyAnalisisdeRegresion,4,DIS430102, Santiago  Suárez
DIS4301,DisenodeExperimentosyAnalisisdeRegresion,4,DIS430102, Carolina  González
DIS4301,DisenodeExperimentosyAnalisisdeRegresion,4,DIS430102, Esteban  Soler
