Codigo Asignatura,Nombre Asignatura,Nivel,Codigo Curso,Estudiante
DIS4301,DisenodeExperimentosyAnalisisdeRegresion,4,DIS430101, Isabella  Pascual
DIS4301,DisenodeExperimentosyAnalisisdeRegresion,4,DIS430101, Samantha  Garrido
DIS4301,DisenodeExperimentosyAnalisisdeRegresion,4,DIS430101, Victoria  Ortiz
DIS4301,DisenodeExperimentosyAnalisisdeRegresion,4,DIS430101, Andrés  Linares
DIS4301,DisenodeExperimentosyAnalisisdeRegresion,4,DIS430101, Tomás  Hidalgo
DIS4301,DisenodeExperimentosyAnalisisdeRegresion,4,DIS430101, Tomás  Oliva
DIS4301,DisenodeExperimentosyAnalisisdeRegresion,4,DIS430101, Emilio  Delgado
DIS4301,DisenodeExperimentosyAnalisisdeRegresion,4,DIS430101, Gabriela  Cordero
DIS4301,DisenodeExperimentosyAnalisisdeRegresion,4,DIS430101, Juan David  Vidal
DIS4301,DisenodeExperimentosyAnalisisdeRegresion,4,DIS430101, Fernanda  Linares
DIS4301,DisenodeExperimentosyAnalisisdeRegresion,4,DIS430101, Clara  Soler
DIS4301,DisenodeExperimentosyAnalisisdeRegresion,4,DIS430101, Elena  Muñoz
DIS4301,DisenodeExperimentosyAnalisisdeRegresion,4,DIS430101, Juliana  Linares
DIS4301,DisenodeExperimentosyAnalisisdeRegresion,4,DIS430101, Alejandro  Medina
DIS4301,DisenodeExperimentosyAnalisisdeRegresion,4,DIS430101, Andrea  León
DIS4301,DisenodeExperimentosyAnalisisdeRegresion,4,DIS430101, Gabriela  Díaz
DIS4301,DisenodeExperimentosyAnalisisdeRegresion,4,DIS430101, Matías  Cabrera
DIS4301,DisenodeExperimentosyAnalisisdeRegresion,4,DIS430101, Emilio  Molina
DIS4301,DisenodeExperimentosyAnalisisdeRegresion,4,DIS430101, Daniela  Ramos
DIS4301,DisenodeExperimentosyAnalisisdeRegresion,4,DIS430101, Simón  Blanco
DIS4301,DisenodeExperimentosyAnalisisdeRegresion,4,DIS430101, Daniel  Nieto
DIS4301,DisenodeExperimentosyAnalisisdeRegresion,4,DIS430101, Benjamín  Aguilar
DIS4301,DisenodeExperimentosyAnalisisdeRegresion,4,DIS430101, Catalina  Ortega
DIS4301,DisenodeExperimentosyAnalisisdeRegresion,4,DIS430101, Eduardo  Soto
DIS4301,DisenodeExperimentosyAnalisisdeRegresion,4,DIS430101, Andrea  Prieto
