Codigo Asignatura,Nombre Asignatura,Nivel,Codigo Curso,Estudiante
DIS4301,DisenodeExperimentosyAnalisisdeRegresion,4,DIS430103, Sofía  Ortega
DIS4301,DisenodeExperimentosyAnalisisdeRegresion,4,DIS430103, Daniel  Guerra
DIS4301,DisenodeExperimentosyAnalisisdeRegresion,4,DIS430103, Catalina  Martínez
DIS4301,DisenodeExperimentosyAnalisisdeRegresion,4,DIS430103, Juan  Cabello
DIS4301,DisenodeExperimentosyAnalisisdeRegresion,4,DIS430103, Felipe  Cabrera
DIS4301,DisenodeExperimentosyAnalisisdeRegresion,4,DIS430103, Ricardo  Cruz
DIS4301,DisenodeExperimentosyAnalisisdeRegresion,4,DIS430103, Santiago  Rivas
DIS4301,DisenodeExperimentosyAnalisisdeRegresion,4,DIS430103, Mateo  Gómez
DIS4301,DisenodeExperimentosyAnalisisdeRegresion,4,DIS430103, Natalia  Cordero
DIS4301,DisenodeExperimentosyAnalisisdeRegresion,4,DIS430103, Natalia  Castro
DIS4301,DisenodeExperimentosyAnalisisdeRegresion,4,DIS430103, María José  Esteban
DIS4301,DisenodeExperimentosyAnalisisdeRegresion,4,DIS430103, Alexander  Fernández
DIS4301,DisenodeExperimentosyAnalisisdeRegresion,4,DIS430103, Miguel  Fernández
DIS4301,DisenodeExperimentosyAnalisisdeRegresion,4,DIS430103, Daniela  Domínguez
DIS4301,DisenodeExperimentosyAnalisisdeRegresion,4,DIS430103, Mariana  Vázquez
DIS4301,DisenodeExperimentosyAnalisisdeRegresion,4,DIS430103, Martín  Gómez
DIS4301,DisenodeExperimentosyAnalisisdeRegresion,4,DIS430103, Agustín  Romero
DIS4301,DisenodeExperimentosyAnalisisdeRegresion,4,DIS430103, Andrea  Carretero
DIS4301,DisenodeExperimentosyAnalisisdeRegresion,4,DIS430103, Juan David  Molina
DIS4301,DisenodeExperimentosyAnalisisdeRegresion,4,DIS430103, Tomás  Ríos
DIS4301,DisenodeExperimentosyAnalisisdeRegresion,4,DIS430103, Adriana  Martínez
DIS4301,DisenodeExperimentosyAnalisisdeRegresion,4,DIS430103, Alexander  Ortega
DIS4301,DisenodeExperimentosyAnalisisdeRegresion,4,DIS430103, Samantha  Vicente
DIS4301,DisenodeExperimentosyAnalisisdeRegresion,4,DIS430103, Carlos  Carmona
DIS4301,DisenodeExperimentosyAnalisisdeRegresion,4,DIS430103, Esteban  Vicente
