Codigo Asignatura,Nombre Asignatura,Nivel,Codigo Curso,Estudiante
ING9301,IngenieriadelMejoramientoContinuo,9,ING930101, Simón  Castro
ING9301,IngenieriadelMejoramientoContinuo,9,ING930101, Catalina  Alonso
ING9301,IngenieriadelMejoramientoContinuo,9,ING930101, Santiago  Suárez
ING9301,IngenieriadelMejoramientoContinuo,9,ING930101, Juliana  Bravo
ING9301,IngenieriadelMejoramientoContinuo,9,ING930101, Carolina  Blanco
ING9301,IngenieriadelMejoramientoContinuo,9,ING930101, Juan David  Peralta
ING9301,IngenieriadelMejoramientoContinuo,9,ING930101, Elena  Torres
ING9301,IngenieriadelMejoramientoContinuo,9,ING930101, Marcela  Vicente
ING9301,IngenieriadelMejoramientoContinuo,9,ING930101, Elizabeth  González
ING9301,IngenieriadelMejoramientoContinuo,9,ING930101, Mauricio  Mesa
ING9301,IngenieriadelMejoramientoContinuo,9,ING930101, Agustín  Pérez
ING9301,IngenieriadelMejoramientoContinuo,9,ING930101, Elizabeth  Cervantes
ING9301,IngenieriadelMejoramientoContinuo,9,ING930101, David  Robles
ING9301,IngenieriadelMejoramientoContinuo,9,ING930101, Sebastián  Carretero
ING9301,IngenieriadelMejoramientoContinuo,9,ING930101, Fernanda  Linares
ING9301,IngenieriadelMejoramientoContinuo,9,ING930101, Laura  León
ING9301,IngenieriadelMejoramientoContinuo,9,ING930101, Marcela  Pascual
ING9301,IngenieriadelMejoramientoContinuo,9,ING930101, Mateo  Mesa
ING9301,IngenieriadelMejoramientoContinuo,9,ING930101, Valentina  Prieto
ING9301,IngenieriadelMejoramientoContinuo,9,ING930101, Alejandra  Torres
