Codigo Asignatura,Nombre Asignatura,Nivel,Codigo Curso,Estudiante
ING9301,IngenieriadelMejoramientoContinuo,9,ING930103, Samantha  Garrido
ING9301,IngenieriadelMejoramientoContinuo,9,ING930103, Catalina  Marín
ING9301,IngenieriadelMejoramientoContinuo,9,ING930103, Carlos  Peralta
ING9301,IngenieriadelMejoramientoContinuo,9,ING930103, María José  Robles
ING9301,IngenieriadelMejoramientoContinuo,9,ING930103, Ricardo  Cabello
ING9301,IngenieriadelMejoramientoContinuo,9,ING930103, Gabriel  Amaya
ING9301,IngenieriadelMejoramientoContinuo,9,ING930103, Ricardo  Cruz
ING9301,IngenieriadelMejoramientoContinuo,9,ING930103, Christian  Vidal
ING9301,IngenieriadelMejoramientoContinuo,9,ING930103, Sebastián  Carmona
ING9301,IngenieriadelMejoramientoContinuo,9,ING930103, Diego  Ortega
ING9301,IngenieriadelMejoramientoContinuo,9,ING930103, Matías  Cabrera
ING9301,IngenieriadelMejoramientoContinuo,9,ING930103, Simón  Aguilar
ING9301,IngenieriadelMejoramientoContinuo,9,ING930103, Valentina  Ochoa
ING9301,IngenieriadelMejoramientoContinuo,9,ING930103, Marcela  Ríos
ING9301,IngenieriadelMejoramientoContinuo,9,ING930103, Gabriela  Guerra
ING9301,IngenieriadelMejoramientoContinuo,9,ING930103, Paula  Suárez
ING9301,IngenieriadelMejoramientoContinuo,9,ING930103, Andrés  Álvarez
ING9301,IngenieriadelMejoramientoContinuo,9,ING930103, Paula  Álvarez
ING9301,IngenieriadelMejoramientoContinuo,9,ING930103, Pablo  Calvo
ING9301,IngenieriadelMejoramientoContinuo,9,ING930103, Carlos  Vargas
