Codigo Asignatura,Nombre Asignatura,Nivel,Codigo Curso,Estudiante
ING9301,IngenieriadelMejoramientoContinuo,9,ING930102, Juan David  Rivas
ING9301,IngenieriadelMejoramientoContinuo,9,ING930102, Santiago  Vázquez
ING9301,IngenieriadelMejoramientoContinuo,9,ING930102, Nicolás  Martínez
ING9301,IngenieriadelMejoramientoContinuo,9,ING930102, Fernanda  Gutiérrez
ING9301,IngenieriadelMejoramientoContinuo,9,ING930102, Martín  Gómez
ING9301,IngenieriadelMejoramientoContinuo,9,ING930102, Pablo  Rodríguez
ING9301,IngenieriadelMejoramientoContinuo,9,ING930102, Andrés  Vicente
ING9301,IngenieriadelMejoramientoContinuo,9,ING930102, Juan Pablo  Ramos
ING9301,IngenieriadelMejoramientoContinuo,9,ING930102, Andrés  Vega
ING9301,IngenieriadelMejoramientoContinuo,9,ING930102, Manuel  Álvarez
ING9301,IngenieriadelMejoramientoContinuo,9,ING930102, Mariana  Ferrer
ING9301,IngenieriadelMejoramientoContinuo,9,ING930102, Andrés  Cortés
ING9301,IngenieriadelMejoramientoContinuo,9,ING930102, Francisco  Marín
ING9301,IngenieriadelMejoramientoContinuo,9,ING930102, Andrés  Gutiérrez
ING9301,IngenieriadelMejoramientoContinuo,9,ING930102, Antonella  Cordero
ING9301,IngenieriadelMejoramientoContinuo,9,ING930102, Mateo  Gómez
ING9301,IngenieriadelMejoramientoContinuo,9,ING930102, María  Morales
ING9301,IngenieriadelMejoramientoContinuo,9,ING930102, Alejandra  Llorente
ING9301,IngenieriadelMejoramientoContinuo,9,ING930102, Juan José  Fernández
ING9301,IngenieriadelMejoramientoContinuo,9,ING930102, Diego  González
