Codigo Asignatura,Nombre Asignatura,Nivel,Codigo Curso,Estudiante
ING9301,IngenieriadelMejoramientoContinuo,9,ING930104, Emma  Aguilar
ING9301,IngenieriadelMejoramientoContinuo,9,ING930104, Samantha  Vicente
ING9301,IngenieriadelMejoramientoContinuo,9,ING930104, Valentina  Alonso
ING9301,IngenieriadelMejoramientoContinuo,9,ING930104, Simón  Linares
ING9301,IngenieriadelMejoramientoContinuo,9,ING930104, Samantha  Cortés
ING9301,IngenieriadelMejoramientoContinuo,9,ING930104, Jimena  Rodríguez
ING9301,IngenieriadelMejoramientoContinuo,9,ING930104, Ángel  Rodríguez
ING9301,IngenieriadelMejoramientoContinuo,9,ING930104, Emma  García
ING9301,IngenieriadelMejoramientoContinuo,9,ING930104, Nicolás  García
ING9301,IngenieriadelMejoramientoContinuo,9,ING930104, Gabriela  Castro
