Codigo Asignatura,Nombre Asignatura,Nivel,Codigo Curso,Estudiante
LAB5101,LaboratorioIntegradodeFisica,5,LAB510104, Samantha  Garrido
LAB5101,LaboratorioIntegradodeFisica,5,LAB510104, Marcela  Cortés
LAB5101,LaboratorioIntegradodeFisica,5,LAB510104, Daniel  Pérez
LAB5101,LaboratorioIntegradodeFisica,5,LAB510104, Jennifer  Alonso
LAB5101,LaboratorioIntegradodeFisica,5,LAB510104, Martín  Pastor
LAB5101,LaboratorioIntegradodeFisica,5,LAB510104, Jennifer  Amaya
LAB5101,LaboratorioIntegradodeFisica,5,LAB510104, Alexander  Ortega
LAB5101,LaboratorioIntegradodeFisica,5,LAB510104, Sara  Ortiz
LAB5101,LaboratorioIntegradodeFisica,5,LAB510104, Santiago  Prieto
LAB5101,LaboratorioIntegradodeFisica,5,LAB510104, Clara  Herrera
LAB5101,LaboratorioIntegradodeFisica,5,LAB510104, Isabella  González
LAB5101,LaboratorioIntegradodeFisica,5,LAB510104, Alexander  Vidal
LAB5101,LaboratorioIntegradodeFisica,5,LAB510104, Felipe  Domínguez
LAB5101,LaboratorioIntegradodeFisica,5,LAB510104, Alejandra  Torres
LAB5101,LaboratorioIntegradodeFisica,5,LAB510104, Juan David  Gil
LAB5101,LaboratorioIntegradodeFisica,5,LAB510104, Antonia  Herrera
LAB5101,LaboratorioIntegradodeFisica,5,LAB510104, Natalia  Hidalgo
LAB5101,LaboratorioIntegradodeFisica,5,LAB510104, Ricardo  Cabello
LAB5101,LaboratorioIntegradodeFisica,5,LAB510104, Lucas  Serrano
LAB5101,LaboratorioIntegradodeFisica,5,LAB510104, Victoria  Varela
LAB5101,LaboratorioIntegradodeFisica,5,LAB510104, Catalina  Martínez
LAB5101,LaboratorioIntegradodeFisica,5,LAB510104, Andrea  López
LAB5101,LaboratorioIntegradodeFisica,5,LAB510104, Alejandra  Aguilar
LAB5101,LaboratorioIntegradodeFisica,5,LAB510104, Alejandra  Peralta
LAB5101,LaboratorioIntegradodeFisica,5,LAB510104, Jennifer  Arias
