Codigo Asignatura,Nombre Asignatura,Nivel,Codigo Curso,Estudiante
LAB5101,LaboratorioIntegradodeFisica,5,LAB510103, Martín  Casado
LAB5101,LaboratorioIntegradodeFisica,5,LAB510103, Esteban  Nieto
LAB5101,LaboratorioIntegradodeFisica,5,LAB510103, Gabriel  Gil
LAB5101,LaboratorioIntegradodeFisica,5,LAB510103, Sebastián  Alonso
LAB5101,LaboratorioIntegradodeFisica,5,LAB510103, Elizabeth  Garrido
LAB5101,LaboratorioIntegradodeFisica,5,LAB510103, Alejandro  Ortega
LAB5101,LaboratorioIntegradodeFisica,5,LAB510103, Antonia  Gil
LAB5101,LaboratorioIntegradodeFisica,5,LAB510103, Emilio  Suárez
LAB5101,LaboratorioIntegradodeFisica,5,LAB510103, Matías  Cabrera
LAB5101,LaboratorioIntegradodeFisica,5,LAB510103, Adriana  Fernández
LAB5101,LaboratorioIntegradodeFisica,5,LAB510103, Miguel  Sánchez
LAB5101,LaboratorioIntegradodeFisica,5,LAB510103, Adriana  Mesa
LAB5101,LaboratorioIntegradodeFisica,5,LAB510103, José  Hidalgo
LAB5101,LaboratorioIntegradodeFisica,5,LAB510103, Matías  Ríos
LAB5101,LaboratorioIntegradodeFisica,5,LAB510103, Valeria  Molina
LAB5101,LaboratorioIntegradodeFisica,5,LAB510103, Mariana  García
LAB5101,LaboratorioIntegradodeFisica,5,LAB510103, Mariana  Cordero
LAB5101,LaboratorioIntegradodeFisica,5,LAB510103, Carlos  Gómez
LAB5101,LaboratorioIntegradodeFisica,5,LAB510103, Alejandro  Benítez
LAB5101,LaboratorioIntegradodeFisica,5,LAB510103, María  Correa
LAB5101,LaboratorioIntegradodeFisica,5,LAB510103, Camila  Bravo
LAB5101,LaboratorioIntegradodeFisica,5,LAB510103, Valentina  Fernández
LAB5101,LaboratorioIntegradodeFisica,5,LAB510103, Alejandra  Llorente
LAB5101,LaboratorioIntegradodeFisica,5,LAB510103, Emily  Romero
LAB5101,LaboratorioIntegradodeFisica,5,LAB510103, Catalina  López
