Codigo Asignatura,Nombre Asignatura,Nivel,Codigo Curso,Estudiante
LAB5101,LaboratorioIntegradodeFisica,5,LAB510101, Isabella  Marín
LAB5101,LaboratorioIntegradodeFisica,5,LAB510101, Juan José  Abad
LAB5101,LaboratorioIntegradodeFisica,5,LAB510101, Carolina  Robles
LAB5101,LaboratorioIntegradodeFisica,5,LAB510101, Samuel  Cervantes
LAB5101,LaboratorioIntegradodeFisica,5,LAB510101, Esteban  Varela
LAB5101,LaboratorioIntegradodeFisica,5,LAB510101, Paula  Suárez
LAB5101,LaboratorioIntegradodeFisica,5,LAB510101, Andrés  Alonso
LAB5101,LaboratorioIntegradodeFisica,5,LAB510101, Manuel  Guerrero
LAB5101,LaboratorioIntegradodeFisica,5,LAB510101, Juan David  Ochoa
LAB5101,LaboratorioIntegradodeFisica,5,LAB510101, Daniel  León
LAB5101,LaboratorioIntegradodeFisica,5,LAB510101, Isabella  Navarro
LAB5101,LaboratorioIntegradodeFisica,5,LAB510101, Leonardo  Torres
LAB5101,LaboratorioIntegradodeFisica,5,LAB510101, Natalia  Molina
LAB5101,LaboratorioIntegradodeFisica,5,LAB510101, Juan  Luque
LAB5101,LaboratorioIntegradodeFisica,5,LAB510101, Andrés  González
LAB5101,LaboratorioIntegradodeFisica,5,LAB510101, Tomás  Muñoz
LAB5101,LaboratorioIntegradodeFisica,5,LAB510101, Pablo  Prieto
LAB5101,LaboratorioIntegradodeFisica,5,LAB510101, Francisco  Moya
LAB5101,LaboratorioIntegradodeFisica,5,LAB510101, Simón  García
LAB5101,LaboratorioIntegradodeFisica,5,LAB510101, Leonardo  Guerra
LAB5101,LaboratorioIntegradodeFisica,5,LAB510101, Sebastián  Carmona
LAB5101,LaboratorioIntegradodeFisica,5,LAB510101, Andrea  Suárez
LAB5101,LaboratorioIntegradodeFisica,5,LAB510101, Camila  Peralta
LAB5101,LaboratorioIntegradodeFisica,5,LAB510101, Antonia  Nieto
LAB5101,LaboratorioIntegradodeFisica,5,LAB510101, Juan  Cordero
