Codigo Asignatura,Nombre Asignatura,Nivel,Codigo Curso,Estudiante
LAB5101,LaboratorioIntegradodeFisica,5,LAB510102, Catalina  Rubio
LAB5101,LaboratorioIntegradodeFisica,5,LAB510102, Emily  Rivas
LAB5101,LaboratorioIntegradodeFisica,5,LAB510102, Paula  Vargas
LAB5101,LaboratorioIntegradodeFisica,5,LAB510102, Pablo  Guerra
LAB5101,LaboratorioIntegradodeFisica,5,LAB510102, Eduardo  Pascual
LAB5101,LaboratorioIntegradodeFisica,5,LAB510102, Andrea  Carretero
LAB5101,LaboratorioIntegradodeFisica,5,LAB510102, Lucía  Moreno
LAB5101,LaboratorioIntegradodeFisica,5,LAB510102, Tomás  Hidalgo
LAB5101,LaboratorioIntegradodeFisica,5,LAB510102, Samuel  Pastor
LAB5101,LaboratorioIntegradodeFisica,5,LAB510102, Agustín  Gallego
LAB5101,LaboratorioIntegradodeFisica,5,LAB510102, Gabriela  Moreno
LAB5101,LaboratorioIntegradodeFisica,5,LAB510102, Alejandra  Vidal
LAB5101,LaboratorioIntegradodeFisica,5,LAB510102, Alejandra  García
LAB5101,LaboratorioIntegradodeFisica,5,LAB510102, Santiago  Bravo
LAB5101,LaboratorioIntegradodeFisica,5,LAB510102, Andrés  Herrera
LAB5101,LaboratorioIntegradodeFisica,5,LAB510102, Valentina  Bravo
LAB5101,LaboratorioIntegradodeFisica,5,LAB510102, Diego  Ortega
LAB5101,LaboratorioIntegradodeFisica,5,LAB510102, Marcela  Abad
LAB5101,LaboratorioIntegradodeFisica,5,LAB510102, Agustín  Linares
LAB5101,LaboratorioIntegradodeFisica,5,LAB510102, Andrea  Correa
LAB5101,LaboratorioIntegradodeFisica,5,LAB510102, Daniela  Muñoz
LAB5101,LaboratorioIntegradodeFisica,5,LAB510102, Sara  Molina
LAB5101,LaboratorioIntegradodeFisica,5,LAB510102, Alejandro  Alonso
LAB5101,LaboratorioIntegradodeFisica,5,LAB510102, José  Cruz
LAB5101,LaboratorioIntegradodeFisica,5,LAB510102, Emily  Ortiz
