Codigo Asignatura,Nombre Asignatura,Nivel,Codigo Curso,Estudiante
ELE6301,ElectivaenHumanidadesI,6,ELE630102, Ángel  Calvo
ELE6301,ElectivaenHumanidadesI,6,ELE630102, Miguel  González
ELE6301,ElectivaenHumanidadesI,6,ELE630102, José  Casado
ELE6301,ElectivaenHumanidadesI,6,ELE630102, Antonia  Reyes
ELE6301,ElectivaenHumanidadesI,6,ELE630102, Samantha  Vidal
ELE6301,ElectivaenHumanidadesI,6,ELE630102, Sebastián  Calvo
ELE6301,ElectivaenHumanidadesI,6,ELE630102, Miguel  Cabello
ELE6301,ElectivaenHumanidadesI,6,ELE630102, Sebastián  González
ELE6301,ElectivaenHumanidadesI,6,ELE630102, Daniel  Morales
ELE6301,ElectivaenHumanidadesI,6,ELE630102, Pablo  González
ELE6301,ElectivaenHumanidadesI,6,ELE630102, Sara  Ortiz
ELE6301,ElectivaenHumanidadesI,6,ELE630102, Catalina  Castro
ELE6301,ElectivaenHumanidadesI,6,ELE630102, Simón  Ortiz
ELE6301,ElectivaenHumanidadesI,6,ELE630102, Jimena  Castro
ELE6301,ElectivaenHumanidadesI,6,ELE630102, Isabella  Esteban
ELE6301,ElectivaenHumanidadesI,6,ELE630102, Valentina  Marín
ELE6301,ElectivaenHumanidadesI,6,ELE630102, Tomás  Hidalgo
ELE6301,ElectivaenHumanidadesI,6,ELE630102, Mariana  Reyes
ELE6301,ElectivaenHumanidadesI,6,ELE630102, Paula  Robles
ELE6301,ElectivaenHumanidadesI,6,ELE630102, Valentina  Fernández
ELE6301,ElectivaenHumanidadesI,6,ELE630102, Elena  Ríos
ELE6301,ElectivaenHumanidadesI,6,ELE630102, Esteban  Molina
ELE6301,ElectivaenHumanidadesI,6,ELE630102, Ana  Sánchez
ELE6301,ElectivaenHumanidadesI,6,ELE630102, Ricardo  Ríos
ELE6301,ElectivaenHumanidadesI,6,ELE630102, Agustín  Alonso
