Codigo Asignatura,Nombre Asignatura,Nivel,Codigo Curso,Estudiante
ELE6301,ElectivaenHumanidadesI,6,ELE630103, Tomás  Ferrer
ELE6301,ElectivaenHumanidadesI,6,ELE630103, Catalina  Ríos
ELE6301,ElectivaenHumanidadesI,6,ELE630103, Daniela  Vargas
ELE6301,ElectivaenHumanidadesI,6,ELE630103, Clara  Castro
ELE6301,ElectivaenHumanidadesI,6,ELE630103, Emma  Aguilar
ELE6301,ElectivaenHumanidadesI,6,ELE630103, Victoria  Ortiz
ELE6301,ElectivaenHumanidadesI,6,ELE630103, Simón  Moya
ELE6301,ElectivaenHumanidadesI,6,ELE630103, Nicolás  Medina
ELE6301,ElectivaenHumanidadesI,6,ELE630103, Santiago  González
ELE6301,ElectivaenHumanidadesI,6,ELE630103, David  Cabello
ELE6301,ElectivaenHumanidadesI,6,ELE630103, Andrés  Castro
ELE6301,ElectivaenHumanidadesI,6,ELE630103, Agustín  Gallego
ELE6301,ElectivaenHumanidadesI,6,ELE630103, Juan Pablo  Ortega
ELE6301,ElectivaenHumanidadesI,6,ELE630103, Nicolás  Hidalgo
ELE6301,ElectivaenHumanidadesI,6,ELE630103, Sebastián  Gil
ELE6301,ElectivaenHumanidadesI,6,ELE630103, Luciana  Ortega
ELE6301,ElectivaenHumanidadesI,6,ELE630103, Adriana  Varela
ELE6301,ElectivaenHumanidadesI,6,ELE630103, Diego  Castro
ELE6301,ElectivaenHumanidadesI,6,ELE630103, Juan David  Alonso
ELE6301,ElectivaenHumanidadesI,6,ELE630103, Camila  Peralta
ELE6301,ElectivaenHumanidadesI,6,ELE630103, Mateo  Cordero
ELE6301,ElectivaenHumanidadesI,6,ELE630103, Agustín  Vicente
ELE6301,ElectivaenHumanidadesI,6,ELE630103, Elena  Muñoz
ELE6301,ElectivaenHumanidadesI,6,ELE630103, Daniela  Marín
ELE6301,ElectivaenHumanidadesI,6,ELE630103, Alexander  Ortega
