Codigo Asignatura,Nombre Asignatura,Nivel,Codigo Curso,Estudiante
ELE6301,ElectivaenHumanidadesI,6,ELE630101, Natalia  Domínguez
ELE6301,ElectivaenHumanidadesI,6,ELE630101, Marcela  García
ELE6301,ElectivaenHumanidadesI,6,ELE630101, Santiago  Correa
ELE6301,ElectivaenHumanidadesI,6,ELE630101, Elena  Torres
ELE6301,ElectivaenHumanidadesI,6,ELE630101, Mauricio  Gil
ELE6301,ElectivaenHumanidadesI,6,ELE630101, Leonardo  Herrero
ELE6301,ElectivaenHumanidadesI,6,ELE630101, Andrés  Carmona
ELE6301,ElectivaenHumanidadesI,6,ELE630101, Juliana  Vargas
ELE6301,ElectivaenHumanidadesI,6,ELE630101, Benjamín  López
ELE6301,ElectivaenHumanidadesI,6,ELE630101, Juliana  Bravo
ELE6301,ElectivaenHumanidadesI,6,ELE630101, Juan Pablo  Ríos
ELE6301,ElectivaenHumanidadesI,6,ELE630101, Alejandra  Torres
ELE6301,ElectivaenHumanidadesI,6,ELE630101, Isabella  Serrano
ELE6301,ElectivaenHumanidadesI,6,ELE630101, Mauricio  Rubio
ELE6301,ElectivaenHumanidadesI,6,ELE630101, Mariana  Ferrer
ELE6301,ElectivaenHumanidadesI,6,ELE630101, Ángel  Vicente
ELE6301,ElectivaenHumanidadesI,6,ELE630101, Sebastián  Carmona
ELE6301,ElectivaenHumanidadesI,6,ELE630101, Daniela  Blanco
ELE6301,ElectivaenHumanidadesI,6,ELE630101, Simón  Muñoz
ELE6301,ElectivaenHumanidadesI,6,ELE630101, Manuel  Álvarez
ELE6301,ElectivaenHumanidadesI,6,ELE630101, Diego  Esteban
ELE6301,ElectivaenHumanidadesI,6,ELE630101, Mateo  Morales
ELE6301,ElectivaenHumanidadesI,6,ELE630101, Esteban  Muñoz
ELE6301,ElectivaenHumanidadesI,6,ELE630101, Andrea  Llorente
ELE6301,ElectivaenHumanidadesI,6,ELE630101, Luciana  Herrero
