Codigo Asignatura,Nombre Asignatura,Nivel,Codigo Curso,Estudiante
ELE6301,ElectivaenHumanidadesI,6,ELE630104, Fernanda  Gutiérrez
ELE6301,ElectivaenHumanidadesI,6,ELE630104, Christian  Casado
ELE6301,ElectivaenHumanidadesI,6,ELE630104, Simón  Linares
ELE6301,ElectivaenHumanidadesI,6,ELE630104, Tomás  Vicente
ELE6301,ElectivaenHumanidadesI,6,ELE630104, Nicolás  Martínez
ELE6301,ElectivaenHumanidadesI,6,ELE630104, Carlos  Amaya
ELE6301,ElectivaenHumanidadesI,6,ELE630104, Benjamín  Suárez
ELE6301,ElectivaenHumanidadesI,6,ELE630104, Samuel  González
ELE6301,ElectivaenHumanidadesI,6,ELE630104, Jimena  Suárez
ELE6301,ElectivaenHumanidadesI,6,ELE630104, Pablo  Iglesias
ELE6301,ElectivaenHumanidadesI,6,ELE630104, Clara  Herrera
ELE6301,ElectivaenHumanidadesI,6,ELE630104, Emma  Amaya
ELE6301,ElectivaenHumanidadesI,6,ELE630104, Tomás  Cruz
ELE6301,ElectivaenHumanidadesI,6,ELE630104, Juan David  Rivas
ELE6301,ElectivaenHumanidadesI,6,ELE630104, Luciana  Luque
ELE6301,ElectivaenHumanidadesI,6,ELE630104, Esteban  Abad
ELE6301,ElectivaenHumanidadesI,6,ELE630104, Catalina  Miranda
ELE6301,ElectivaenHumanidadesI,6,ELE630104, Matías  Rodríguez
ELE6301,ElectivaenHumanidadesI,6,ELE630104, Andrés  Rodríguez
ELE6301,ElectivaenHumanidadesI,6,ELE630104, Tomás  Nieto
ELE6301,ElectivaenHumanidadesI,6,ELE630104, Mariana  Herrera
ELE6301,ElectivaenHumanidadesI,6,ELE630104, Agustín  Linares
ELE6301,ElectivaenHumanidadesI,6,ELE630104, Mateo  Abad
ELE6301,ElectivaenHumanidadesI,6,ELE630104, Emily  Herrera
ELE6301,ElectivaenHumanidadesI,6,ELE630104, Gabriela  Guerra
