Codigo Asignatura,Nombre Asignatura,Nivel,Codigo Curso,Estudiante
FIS3301,FisicaMecanica,3,FIS330103, Manuel  Álvarez
FIS3301,FisicaMecanica,3,FIS330103, Leonardo  Vargas
FIS3301,FisicaMecanica,3,FIS330103, Javier  Álvarez
FIS3301,FisicaMecanica,3,FIS330103, Esteban  Morales
FIS3301,FisicaMecanica,3,FIS330103, Simón  García
FIS3301,FisicaMecanica,3,FIS330103, Isabel  Moya
FIS3301,FisicaMecanica,3,FIS330103, Eduardo  Soto
FIS3301,FisicaMecanica,3,FIS330103, Valentina  Morales
FIS3301,FisicaMecanica,3,FIS330103, Isabella  Garrido
FIS3301,FisicaMecanica,3,FIS330103, Luciana  Arias
FIS3301,FisicaMecanica,3,FIS330103, Ana  Peralta
FIS3301,FisicaMecanica,3,FIS330103, Juan David  Ramos
FIS3301,FisicaMecanica,3,FIS330103, Juliana  Vargas
FIS3301,FisicaMecanica,3,FIS330103, Lucía  Vega
FIS3301,FisicaMecanica,3,FIS330103, María José  Robles
FIS3301,FisicaMecanica,3,FIS330103, Santiago  Alonso
FIS3301,FisicaMecanica,3,FIS330103, Fernanda  Delgado
FIS3301,FisicaMecanica,3,FIS330103, Sebastián  Medina
FIS3301,FisicaMecanica,3,FIS330103, Andrea  Medina
FIS3301,FisicaMecanica,3,FIS330103, Luciana  Marín
FIS3301,FisicaMecanica,3,FIS330103, Miguel  Gómez
FIS3301,FisicaMecanica,3,FIS330103, Daniela  Fernández
FIS3301,FisicaMecanica,3,FIS330103, Laura  Cervantes
FIS3301,FisicaMecanica,3,FIS330103, Christian  Prieto
FIS3301,FisicaMecanica,3,FIS330103, Lucas  Cordero
FIS3301,FisicaMecanica,3,FIS330103, Esteban  Molina
FIS3301,FisicaMecanica,3,FIS330103, Catalina  Cabrera
FIS3301,FisicaMecanica,3,FIS330103, Emma  Aguilar
FIS3301,FisicaMecanica,3,FIS330103, Samuel  Pastor
FIS3301,FisicaMecanica,3,FIS330103, Andrés  Ríos
