Codigo Asignatura,Nombre Asignatura,Nivel,Codigo Curso,Estudiante
FIS3301,FisicaMecanica,3,FIS330102, Isabella  Rodríguez
FIS3301,FisicaMecanica,3,FIS330102, Benjamín  León
FIS3301,FisicaMecanica,3,FIS330102, José  Hidalgo
FIS3301,FisicaMecanica,3,FIS330102, Andrés  González
FIS3301,FisicaMecanica,3,FIS330102, Luciana  González
FIS3301,FisicaMecanica,3,FIS330102, Carolina  Gallego
FIS3301,FisicaMecanica,3,FIS330102, Catalina  López
FIS3301,FisicaMecanica,3,FIS330102, Daniel  Ferrer
FIS3301,FisicaMecanica,3,FIS330102, Juan  Ramos
FIS3301,FisicaMecanica,3,FIS330102, Juliana  Soto
FIS3301,FisicaMecanica,3,FIS330102, Eduardo  Calvo
FIS3301,FisicaMecanica,3,FIS330102, Juan  Vázquez
FIS3301,FisicaMecanica,3,FIS330102, Valentina  Carmona
FIS3301,FisicaMecanica,3,FIS330102, María  Ochoa
FIS3301,FisicaMecanica,3,FIS330102, Ana  Alonso
FIS3301,FisicaMecanica,3,FIS330102, Emily  Molina
FIS3301,FisicaMecanica,3,FIS330102, Juan  Castro
FIS3301,FisicaMecanica,3,FIS330102, Felipe  Domínguez
FIS3301,FisicaMecanica,3,FIS330102, Carlos  Gómez
FIS3301,FisicaMecanica,3,FIS330102, Valentina  Marín
FIS3301,FisicaMecanica,3,FIS330102, Andrea  Vidal
FIS3301,FisicaMecanica,3,FIS330102, Esteban  Abad
FIS3301,FisicaMecanica,3,FIS330102, Samantha  Llorente
FIS3301,FisicaMecanica,3,FIS330102, Tomás  Soler
FIS3301,FisicaMecanica,3,FIS330102, Benjamín  Ruiz
FIS3301,FisicaMecanica,3,FIS330102, Matías  Luque
FIS3301,FisicaMecanica,3,FIS330102, Mateo  Gómez
FIS3301,FisicaMecanica,3,FIS330102, Natalia  Pascual
FIS3301,FisicaMecanica,3,FIS330102, Alejandra  García
FIS3301,FisicaMecanica,3,FIS330102, Alejandra  Cruz
