Codigo Asignatura,Nombre Asignatura,Nivel,Codigo Curso,Estudiante
FIS3301,FisicaMecanica,3,FIS330104, Sara  Ortega
FIS3301,FisicaMecanica,3,FIS330104, Leonardo  Torres
FIS3301,FisicaMecanica,3,FIS330104, Adriana  Varela
FIS3301,FisicaMecanica,3,FIS330104, Fernanda  Gutiérrez
FIS3301,FisicaMecanica,3,FIS330104, Gabriel  Esteban
FIS3301,FisicaMecanica,3,FIS330104, Esteban  Martínez
FIS3301,FisicaMecanica,3,FIS330104, Santiago  Carretero
FIS3301,FisicaMecanica,3,FIS330104, Elizabeth  Linares
FIS3301,FisicaMecanica,3,FIS330104, Antonia  Oliva
FIS3301,FisicaMecanica,3,FIS330104, David  Cabello
FIS3301,FisicaMecanica,3,FIS330104, Santiago  Suárez
FIS3301,FisicaMecanica,3,FIS330104, Luciana  Luque
FIS3301,FisicaMecanica,3,FIS330104, Valentina  Díaz
FIS3301,FisicaMecanica,3,FIS330104, Catalina  Cruz
FIS3301,FisicaMecanica,3,FIS330104, Valentina  Martínez
FIS3301,FisicaMecanica,3,FIS330104, Lucas  Molina
FIS3301,FisicaMecanica,3,FIS330104, Jimena  Castro
FIS3301,FisicaMecanica,3,FIS330104, Simón  Ramos
FIS3301,FisicaMecanica,3,FIS330104, Mateo  Mesa
FIS3301,FisicaMecanica,3,FIS330104, Ángel  Casado
FIS3301,FisicaMecanica,3,FIS330104, Juan  Suárez
FIS3301,FisicaMecanica,3,FIS330104, Jimena  Serrano
FIS3301,FisicaMecanica,3,FIS330104, Pablo  Aguilar
FIS3301,FisicaMecanica,3,FIS330104, Alejandra  Medina
FIS3301,FisicaMecanica,3,FIS330104, Juan  Cordero
FIS3301,FisicaMecanica,3,FIS330104, Valentina  Navarro
FIS3301,FisicaMecanica,3,FIS330104, Emma  Amaya
FIS3301,FisicaMecanica,3,FIS330104, Christian  Oliva
FIS3301,FisicaMecanica,3,FIS330104, Isabella  Vargas
FIS3301,FisicaMecanica,3,FIS330104, Catalina  Peralta
