Codigo Asignatura,Nombre Asignatura,Nivel,Codigo Curso,Estudiante
FIS3301,FisicaMecanica,3,FIS330101, Elena  Fernández
FIS3301,FisicaMecanica,3,FIS330101, Isabella  Delgado
FIS3301,FisicaMecanica,3,FIS330101, Carlos  Peralta
FIS3301,FisicaMecanica,3,FIS330101, Jennifer  Arias
FIS3301,FisicaMecanica,3,FIS330101, Leonardo  Guerra
FIS3301,FisicaMecanica,3,FIS330101, Juliana  Linares
FIS3301,FisicaMecanica,3,FIS330101, Daniel  Pérez
FIS3301,FisicaMecanica,3,FIS330101, Ángel  Miranda
FIS3301,FisicaMecanica,3,FIS330101, Gabriel  Amaya
FIS3301,FisicaMecanica,3,FIS330101, Gabriela  Cordero
FIS3301,FisicaMecanica,3,FIS330101, Daniela  Robles
FIS3301,FisicaMecanica,3,FIS330101, David  Robles
FIS3301,FisicaMecanica,3,FIS330101, Emma  Carretero
FIS3301,FisicaMecanica,3,FIS330101, Alejandro  Rodríguez
FIS3301,FisicaMecanica,3,FIS330101, Samantha  Cortés
FIS3301,FisicaMecanica,3,FIS330101, Simón  Gómez
FIS3301,FisicaMecanica,3,FIS330101, Natalia  Alonso
FIS3301,FisicaMecanica,3,FIS330101, Andrés  Vega
FIS3301,FisicaMecanica,3,FIS330101, Catalina  Ortega
FIS3301,FisicaMecanica,3,FIS330101, Elena  Blanco
FIS3301,FisicaMecanica,3,FIS330101, Tomás  García
FIS3301,FisicaMecanica,3,FIS330101, Andrés  Serrano
FIS3301,FisicaMecanica,3,FIS330101, Simón  Aguilar
FIS3301,FisicaMecanica,3,FIS330101, Jennifer  Correa
FIS3301,FisicaMecanica,3,FIS330101, Fernanda  Molina
FIS3301,FisicaMecanica,3,FIS330101, Santiago  Vázquez
FIS3301,FisicaMecanica,3,FIS330101, Juan David  Molina
FIS3301,FisicaMecanica,3,FIS330101, Tomás  Navarro
FIS3301,FisicaMecanica,3,FIS330101, Lucas  Pérez
FIS3301,FisicaMecanica,3,FIS330101, Juan  Luque
