Codigo Asignatura,Nombre Asignatura,Nivel,Codigo Curso,Estudiante
GEO1301,GeometriaVectorialyAnalitica,1,GEO130104, Tomás  Correa
GEO1301,GeometriaVectorialyAnalitica,1,GEO130104, Pablo  León
GEO1301,GeometriaVectorialyAnalitica,1,GEO130104, Valentina  Fernández
GEO1301,GeometriaVectorialyAnalitica,1,GEO130104, Nicolás  Ríos
GEO1301,GeometriaVectorialyAnalitica,1,GEO130104, Daniela  Ramos
GEO1301,GeometriaVectorialyAnalitica,1,GEO130104, Alexander  Moreno
GEO1301,GeometriaVectorialyAnalitica,1,GEO130104, Valentina  Ramos
GEO1301,GeometriaVectorialyAnalitica,1,GEO130104, Lucas  Lucas
GEO1301,GeometriaVectorialyAnalitica,1,GEO130104, Lucas  Arias
GEO1301,GeometriaVectorialyAnalitica,1,GEO130104, Lucas  Cordero
GEO1301,GeometriaVectorialyAnalitica,1,GEO130104, Clara  Castro
GEO1301,GeometriaVectorialyAnalitica,1,GEO130104, Luciana  Luque
GEO1301,GeometriaVectorialyAnalitica,1,GEO130104, Samuel  Navarro
GEO1301,GeometriaVectorialyAnalitica,1,GEO130104, Matías  Calvo
GEO1301,GeometriaVectorialyAnalitica,1,GEO130104, Catalina  León
GEO1301,GeometriaVectorialyAnalitica,1,GEO130104, Andrés  Oliva
GEO1301,GeometriaVectorialyAnalitica,1,GEO130104, Lucas  Díaz
GEO1301,GeometriaVectorialyAnalitica,1,GEO130104, Andrés  Rodríguez
GEO1301,GeometriaVectorialyAnalitica,1,GEO130104, Samuel  Ochoa
GEO1301,GeometriaVectorialyAnalitica,1,GEO130104, Camila  Peralta
GEO1301,GeometriaVectorialyAnalitica,1,GEO130104, Paula  Vidal
GEO1301,GeometriaVectorialyAnalitica,1,GEO130104, Tomás  Ramírez
GEO1301,GeometriaVectorialyAnalitica,1,GEO130104, Cristóbal  Peralta
GEO1301,GeometriaVectorialyAnalitica,1,GEO130104, Esteban  Luque
GEO1301,GeometriaVectorialyAnalitica,1,GEO130104, Eduardo  Calvo
GEO1301,GeometriaVectorialyAnalitica,1,GEO130104, Benjamín  Aguilar
GEO1301,GeometriaVectorialyAnalitica,1,GEO130104, Marcela  Vicente
GEO1301,GeometriaVectorialyAnalitica,1,GEO130104, Esteban  Varela
GEO1301,GeometriaVectorialyAnalitica,1,GEO130104, Jennifer  Arias
GEO1301,GeometriaVectorialyAnalitica,1,GEO130104, Catalina  Calvo
