Codigo Asignatura,Nombre Asignatura,Nivel,Codigo Curso,Estudiante
GEO1301,GeometriaVectorialyAnalitica,1,GEO130101, Catalina  Garrido
GEO1301,GeometriaVectorialyAnalitica,1,GEO130101, Jennifer  Torres
GEO1301,GeometriaVectorialyAnalitica,1,GEO130101, Antonia  Sánchez
GEO1301,GeometriaVectorialyAnalitica,1,GEO130101, Pablo  Ochoa
GEO1301,GeometriaVectorialyAnalitica,1,GEO130101, Samantha  Vicente
GEO1301,GeometriaVectorialyAnalitica,1,GEO130101, Pablo  Luque
GEO1301,GeometriaVectorialyAnalitica,1,GEO130101, Cristóbal  Garrido
GEO1301,GeometriaVectorialyAnalitica,1,GEO130101, Valentina  Bravo
GEO1301,GeometriaVectorialyAnalitica,1,GEO130101, Mariana  Abad
GEO1301,GeometriaVectorialyAnalitica,1,GEO130101, Daniela  Álvarez
GEO1301,GeometriaVectorialyAnalitica,1,GEO130101, Simón  Cervantes
GEO1301,GeometriaVectorialyAnalitica,1,GEO130101, Diego  Miranda
GEO1301,GeometriaVectorialyAnalitica,1,GEO130101, Andrés  Herrero
GEO1301,GeometriaVectorialyAnalitica,1,GEO130101, Tomás  Muñoz
GEO1301,GeometriaVectorialyAnalitica,1,GEO130101, Gabriela  Cabrera
GEO1301,GeometriaVectorialyAnalitica,1,GEO130101, Agustín  Sánchez
GEO1301,GeometriaVectorialyAnalitica,1,GEO130101, Tomás  Suárez
GEO1301,GeometriaVectorialyAnalitica,1,GEO130101, Mateo  Llorente
GEO1301,GeometriaVectorialyAnalitica,1,GEO130101, Paula  Llorente
GEO1301,GeometriaVectorialyAnalitica,1,GEO130101, Sofia  Herrero
GEO1301,GeometriaVectorialyAnalitica,1,GEO130101, José  Martínez
GEO1301,GeometriaVectorialyAnalitica,1,GEO130101, Jennifer  Amaya
GEO1301,GeometriaVectorialyAnalitica,1,GEO130101, Diego  Ortega
GEO1301,GeometriaVectorialyAnalitica,1,GEO130101, Javier  Ramos
GEO1301,GeometriaVectorialyAnalitica,1,GEO130101, David  Cortés
GEO1301,GeometriaVectorialyAnalitica,1,GEO130101, Antonella  Molina
GEO1301,GeometriaVectorialyAnalitica,1,GEO130101, José  Nieto
GEO1301,GeometriaVectorialyAnalitica,1,GEO130101, Manuel  Moreno
GEO1301,GeometriaVectorialyAnalitica,1,GEO130101, Isabel  Domínguez
GEO1301,GeometriaVectorialyAnalitica,1,GEO130101, Nicolás  Peralta
