Codigo Asignatura,Nombre Asignatura,Nivel,Codigo Curso,Estudiante
GEO1301,GeometriaVectorialyAnalitica,1,GEO130102, David  Vidal
GEO1301,GeometriaVectorialyAnalitica,1,GEO130102, Catalina  Ramos
GEO1301,GeometriaVectorialyAnalitica,1,GEO130102, Luciana  Pastor
GEO1301,GeometriaVectorialyAnalitica,1,GEO130102, Juan David  Torres
GEO1301,GeometriaVectorialyAnalitica,1,GEO130102, Laura  Gil
GEO1301,GeometriaVectorialyAnalitica,1,GEO130102, Mariana  Marín
GEO1301,GeometriaVectorialyAnalitica,1,GEO130102, Isabella  Miranda
GEO1301,GeometriaVectorialyAnalitica,1,GEO130102, Tomás  Oliva
GEO1301,GeometriaVectorialyAnalitica,1,GEO130102, Mauricio  Mesa
GEO1301,GeometriaVectorialyAnalitica,1,GEO130102, Clara  Soler
GEO1301,GeometriaVectorialyAnalitica,1,GEO130102, Andrés  Suárez
GEO1301,GeometriaVectorialyAnalitica,1,GEO130102, Emily  Romero
GEO1301,GeometriaVectorialyAnalitica,1,GEO130102, Antonia  Iglesias
GEO1301,GeometriaVectorialyAnalitica,1,GEO130102, Gabriela  Cordero
GEO1301,GeometriaVectorialyAnalitica,1,GEO130102, Laura  Carmona
GEO1301,GeometriaVectorialyAnalitica,1,GEO130102, Mauricio  Hidalgo
GEO1301,GeometriaVectorialyAnalitica,1,GEO130102, Valentina  Prieto
GEO1301,GeometriaVectorialyAnalitica,1,GEO130102, Sebastián  Amaya
GEO1301,GeometriaVectorialyAnalitica,1,GEO130102, Catalina  Marín
GEO1301,GeometriaVectorialyAnalitica,1,GEO130102, Javier  Mesa
GEO1301,GeometriaVectorialyAnalitica,1,GEO130102, Daniela  Blanco
GEO1301,GeometriaVectorialyAnalitica,1,GEO130102, Pablo  Moya
GEO1301,GeometriaVectorialyAnalitica,1,GEO130102, Valentina  Arias
GEO1301,GeometriaVectorialyAnalitica,1,GEO130102, Adriana  López
GEO1301,GeometriaVectorialyAnalitica,1,GEO130102, Luciana  Mesa
GEO1301,GeometriaVectorialyAnalitica,1,GEO130102, Andrés  Álvarez
GEO1301,GeometriaVectorialyAnalitica,1,GEO130102, Matías  Llorente
GEO1301,GeometriaVectorialyAnalitica,1,GEO130102, Nicolás  Moreno
GEO1301,GeometriaVectorialyAnalitica,1,GEO130102, Natalia  Guerrero
GEO1301,GeometriaVectorialyAnalitica,1,GEO130102, Marcela  Ramos
