Codigo Asignatura,Nombre Asignatura,Nivel,Codigo Curso,Estudiante
GEO1301,GeometriaVectorialyAnalitica,1,GEO130105, Simón  Domínguez
GEO1301,GeometriaVectorialyAnalitica,1,GEO130105, Paula  Suárez
GEO1301,GeometriaVectorialyAnalitica,1,GEO130105, Mateo  Gallego
GEO1301,GeometriaVectorialyAnalitica,1,GEO130105, Daniela  Vargas
GEO1301,GeometriaVectorialyAnalitica,1,GEO130105, Lucas  Cortés
GEO1301,GeometriaVectorialyAnalitica,1,GEO130105, Francisco  Bravo
GEO1301,GeometriaVectorialyAnalitica,1,GEO130105, Mariana  Benítez
GEO1301,GeometriaVectorialyAnalitica,1,GEO130105, Ana  Miranda
GEO1301,GeometriaVectorialyAnalitica,1,GEO130105, Luciana  Ramos
GEO1301,GeometriaVectorialyAnalitica,1,GEO130105, Sofia  Ramos
GEO1301,GeometriaVectorialyAnalitica,1,GEO130105, Esteban  Ortega
GEO1301,GeometriaVectorialyAnalitica,1,GEO130105, Esteban  Martínez
GEO1301,GeometriaVectorialyAnalitica,1,GEO130105, Paula  García
GEO1301,GeometriaVectorialyAnalitica,1,GEO130105, Clara  Ortega
GEO1301,GeometriaVectorialyAnalitica,1,GEO130105, Juan Pablo  Ramos
GEO1301,GeometriaVectorialyAnalitica,1,GEO130105, Nicolás  Amaya
GEO1301,GeometriaVectorialyAnalitica,1,GEO130105, Gabriela  Vicente
GEO1301,GeometriaVectorialyAnalitica,1,GEO130105, Francisco  Ruiz
GEO1301,GeometriaVectorialyAnalitica,1,GEO130105, Gabriel  Pastor
GEO1301,GeometriaVectorialyAnalitica,1,GEO130105, Matías  Vicente
