Codigo Asignatura,Nombre Asignatura,Nivel,Codigo Curso,Estudiante
GEO1301,GeometriaVectorialyAnalitica,1,GEO130103, Juan  Ramos
GEO1301,GeometriaVectorialyAnalitica,1,GEO130103, Simón  Medina
GEO1301,GeometriaVectorialyAnalitica,1,GEO130103, Daniel  Ferrer
GEO1301,GeometriaVectorialyAnalitica,1,GEO130103, Gabriela  Díaz
GEO1301,GeometriaVectorialyAnalitica,1,GEO130103, Sofía  Nieto
GEO1301,GeometriaVectorialyAnalitica,1,GEO130103, Ricardo  Alonso
GEO1301,GeometriaVectorialyAnalitica,1,GEO130103, Matías  Ríos
GEO1301,GeometriaVectorialyAnalitica,1,GEO130103, Mauricio  Gil
GEO1301,GeometriaVectorialyAnalitica,1,GEO130103, Manuel  Molina
GEO1301,GeometriaVectorialyAnalitica,1,GEO130103, Carlos  Herrero
GEO1301,GeometriaVectorialyAnalitica,1,GEO130103, Esteban  Suárez
GEO1301,GeometriaVectorialyAnalitica,1,GEO130103, Juan Pablo  Calvo
GEO1301,GeometriaVectorialyAnalitica,1,GEO130103, Alejandro  Alonso
GEO1301,GeometriaVectorialyAnalitica,1,GEO130103, Camila  Álvarez
GEO1301,GeometriaVectorialyAnalitica,1,GEO130103, Esteban  Morales
GEO1301,GeometriaVectorialyAnalitica,1,GEO130103, Jennifer  Miranda
GEO1301,GeometriaVectorialyAnalitica,1,GEO130103, Manuel  Morales
GEO1301,GeometriaVectorialyAnalitica,1,GEO130103, Miguel  Cabello
GEO1301,GeometriaVectorialyAnalitica,1,GEO130103, Emily  Rivas
GEO1301,GeometriaVectorialyAnalitica,1,GEO130103, Esteban  Molina
GEO1301,GeometriaVectorialyAnalitica,1,GEO130103, Isabella  Ortega
GEO1301,GeometriaVectorialyAnalitica,1,GEO130103, Emily  Molina
GEO1301,GeometriaVectorialyAnalitica,1,GEO130103, Carolina  Cordero
GEO1301,GeometriaVectorialyAnalitica,1,GEO130103, Juan  Ramírez
GEO1301,GeometriaVectorialyAnalitica,1,GEO130103, Juan  Arias
GEO1301,GeometriaVectorialyAnalitica,1,GEO130103, Natalia  Hidalgo
GEO1301,GeometriaVectorialyAnalitica,1,GEO130103, Antonella  Ochoa
GEO1301,GeometriaVectorialyAnalitica,1,GEO130103, Santiago  Cortés
GEO1301,GeometriaVectorialyAnalitica,1,GEO130103, Leonardo  Linares
GEO1301,GeometriaVectorialyAnalitica,1,GEO130103, Francisco  Gil
