Codigo Asignatura,Nombre Asignatura,Nivel,Codigo Curso,Estudiante
ELE8301,ElectivaComplementariaII,8,ELE830102, David  Robles
ELE8301,ElectivaComplementariaII,8,ELE830102, Samantha  Vicente
ELE8301,ElectivaComplementariaII,8,ELE830102, Christian  González
ELE8301,ElectivaComplementariaII,8,ELE830102, Mariana  Vargas
ELE8301,ElectivaComplementariaII,8,ELE830102, Sara  Ortiz
ELE8301,ElectivaComplementariaII,8,ELE830102, Alejandra  Vicente
ELE8301,ElectivaComplementariaII,8,ELE830102, Sebastián  Amaya
ELE8301,ElectivaComplementariaII,8,ELE830102, Carolina  Cordero
ELE8301,ElectivaComplementariaII,8,ELE830102, Daniela  Ramos
ELE8301,ElectivaComplementariaII,8,ELE830102, Paula  Vidal
ELE8301,ElectivaComplementariaII,8,ELE830102, Samantha  Vidal
ELE8301,ElectivaComplementariaII,8,ELE830102, Camila  Vicente
ELE8301,ElectivaComplementariaII,8,ELE830102, Tomás  Muñoz
ELE8301,ElectivaComplementariaII,8,ELE830102, Samantha  Ramos
ELE8301,ElectivaComplementariaII,8,ELE830102, Sofia  Miranda
ELE8301,ElectivaComplementariaII,8,ELE830102, Tomás  Ríos
ELE8301,ElectivaComplementariaII,8,ELE830102, Sebastián  Gil
ELE8301,ElectivaComplementariaII,8,ELE830102, Ricardo  Alonso
ELE8301,ElectivaComplementariaII,8,ELE830102, Juan David  Gil
ELE8301,ElectivaComplementariaII,8,ELE830102, Benjamín  López
