Codigo Asignatura,Nombre Asignatura,Nivel,Codigo Curso,Estudiante
ELE8301,ElectivaComplementariaII,8,ELE830103, Lucas  Cordero
ELE8301,ElectivaComplementariaII,8,ELE830103, Emily  Ortiz
ELE8301,ElectivaComplementariaII,8,ELE830103, Emily  Guerra
ELE8301,ElectivaComplementariaII,8,ELE830103, Elizabeth  Benítez
ELE8301,ElectivaComplementariaII,8,ELE830103, Antonia  Díaz
ELE8301,ElectivaComplementariaII,8,ELE830103, Sara  Ortega
ELE8301,ElectivaComplementariaII,8,ELE830103, Simón  Molina
ELE8301,ElectivaComplementariaII,8,ELE830103, Agustín  Romero
ELE8301,ElectivaComplementariaII,8,ELE830103, Elizabeth  Ruiz
ELE8301,ElectivaComplementariaII,8,ELE830103, Emilio  Cervantes
ELE8301,ElectivaComplementariaII,8,ELE830103, Christian  Herrera
ELE8301,ElectivaComplementariaII,8,ELE830103, Natalia  Molina
ELE8301,ElectivaComplementariaII,8,ELE830103, Catalina  Pérez
ELE8301,ElectivaComplementariaII,8,ELE830103, Andrea  Cervantes
ELE8301,ElectivaComplementariaII,8,ELE830103, Matías  Vicente
ELE8301,ElectivaComplementariaII,8,ELE830103, Santiago  Cabrera
ELE8301,ElectivaComplementariaII,8,ELE830103, Valeria  Abad
ELE8301,ElectivaComplementariaII,8,ELE830103, Jennifer  Muñoz
ELE8301,ElectivaComplementariaII,8,ELE830103, Miguel  Torres
ELE8301,ElectivaComplementariaII,8,ELE830103, María  Nieto
