Codigo Asignatura,Nombre Asignatura,Nivel,Codigo Curso,Estudiante
ELE8301,ElectivaComplementariaII,8,ELE830101, Mateo  Gallego
ELE8301,ElectivaComplementariaII,8,ELE830101, Lucas  Cortés
ELE8301,ElectivaComplementariaII,8,ELE830101, Santiago  Medina
ELE8301,ElectivaComplementariaII,8,ELE830101, Adriana  Mesa
ELE8301,ElectivaComplementariaII,8,ELE830101, Samuel  Cervantes
ELE8301,ElectivaComplementariaII,8,ELE830101, Pablo  Gómez
ELE8301,ElectivaComplementariaII,8,ELE830101, Francisco  Gallego
ELE8301,ElectivaComplementariaII,8,ELE830101, Antonella  Casado
ELE8301,ElectivaComplementariaII,8,ELE830101, Alejandro  Alonso
ELE8301,ElectivaComplementariaII,8,ELE830101, Antonia  Benítez
ELE8301,ElectivaComplementariaII,8,ELE830101, Francisco  Moya
ELE8301,ElectivaComplementariaII,8,ELE830101, Lucía  Moreno
ELE8301,ElectivaComplementariaII,8,ELE830101, Elena  Soler
ELE8301,ElectivaComplementariaII,8,ELE830101, José  Oliva
ELE8301,ElectivaComplementariaII,8,ELE830101, Ángel  Vicente
ELE8301,ElectivaComplementariaII,8,ELE830101, Gabriela  Moreno
ELE8301,ElectivaComplementariaII,8,ELE830101, Mariana  Ferrer
ELE8301,ElectivaComplementariaII,8,ELE830101, Ricardo  Herrero
ELE8301,ElectivaComplementariaII,8,ELE830101, Daniela  Blanco
ELE8301,ElectivaComplementariaII,8,ELE830101, Santiago  González
