Codigo Asignatura,Nombre Asignatura,Nivel,Codigo Curso,Estudiante
ELE8301,ElectivaComplementariaII,8,ELE830104, Juan Pablo  Herrera
ELE8301,ElectivaComplementariaII,8,ELE830104, Andrés  Martínez
ELE8301,ElectivaComplementariaII,8,ELE830104, Gabriel  Medina
ELE8301,ElectivaComplementariaII,8,ELE830104, Martín  Robles
ELE8301,ElectivaComplementariaII,8,ELE830104, Santiago  Vázquez
ELE8301,ElectivaComplementariaII,8,ELE830104, Gabriel  Luque
ELE8301,ElectivaComplementariaII,8,ELE830104, Valeria  Cabello
ELE8301,ElectivaComplementariaII,8,ELE830104, Juan José  Abad
ELE8301,ElectivaComplementariaII,8,ELE830104, Paula  Robles
ELE8301,ElectivaComplementariaII,8,ELE830104, Andrea  León
ELE8301,ElectivaComplementariaII,8,ELE830104, Santiago  Rivas
ELE8301,ElectivaComplementariaII,8,ELE830104, José  González
ELE8301,ElectivaComplementariaII,8,ELE830104, Antonia  Nieto
ELE8301,ElectivaComplementariaII,8,ELE830104, Jennifer  Gutiérrez
ELE8301,ElectivaComplementariaII,8,ELE830104, Andrés  Muñoz
ELE8301,ElectivaComplementariaII,8,ELE830104, Sebastián  Prieto
ELE8301,ElectivaComplementariaII,8,ELE830104, Sofia  Herrero
ELE8301,ElectivaComplementariaII,8,ELE830104, Benjamín  León
ELE8301,ElectivaComplementariaII,8,ELE830104, José  Pascual
ELE8301,ElectivaComplementariaII,8,ELE830104, Lucas  Díaz
