Codigo Asignatura,Nombre Asignatura,Nivel,Codigo Curso,Estudiante
ING2101,InglesII,2,ING210105, María José  Calvo
ING2101,InglesII,2,ING210105, Adriana  Guerra
ING2101,InglesII,2,ING210105, Mateo  Rivas
ING2101,InglesII,2,ING210105, Daniela  Benítez
ING2101,InglesII,2,ING210105, Miguel  Linares
ING2101,InglesII,2,ING210105, Simón  Ramos
ING2101,InglesII,2,ING210105, Francisco  Cabrera
ING2101,InglesII,2,ING210105, Antonella  Cordero
ING2101,InglesII,2,ING210105, Luciana  Marín
ING2101,InglesII,2,ING210105, Felipe  González
