Codigo Asignatura,Nombre Asignatura,Nivel,Codigo Curso,Estudiante
ING2101,InglesII,2,ING210102, Benjamín  Suárez
ING2101,InglesII,2,ING210102, Andrés  Ramos
ING2101,InglesII,2,ING210102, Lucía  Vega
ING2101,InglesII,2,ING210102, Daniela  Ramos
ING2101,InglesII,2,ING210102, Pablo  León
ING2101,InglesII,2,ING210102, Benjamín  Rubio
ING2101,InglesII,2,ING210102, Ángel  López
ING2101,InglesII,2,ING210102, Lucía  Rivas
ING2101,InglesII,2,ING210102, Natalia  Díaz
ING2101,InglesII,2,ING210102, Sebastián  Calvo
ING2101,InglesII,2,ING210102, Samantha  Vicente
ING2101,InglesII,2,ING210102, Catalina  Miranda
ING2101,InglesII,2,ING210102, Javier  Calvo
ING2101,InglesII,2,ING210102, Carolina  Carretero
ING2101,InglesII,2,ING210102, Christian  Casado
ING2101,InglesII,2,ING210102, Elena  Ríos
ING2101,InglesII,2,ING210102, Elena  Carmona
ING2101,InglesII,2,ING210102, Sebastián  Alonso
ING2101,InglesII,2,ING210102, Elizabeth  Linares
ING2101,InglesII,2,ING210102, Carlos  Peralta
ING2101,InglesII,2,ING210102, Carolina  Navarro
ING2101,InglesII,2,ING210102, Andrea  Peralta
ING2101,InglesII,2,ING210102, Lucas  Pérez
ING2101,InglesII,2,ING210102, Isabella  Luque
ING2101,InglesII,2,ING210102, Carlos  Gómez
ING2101,InglesII,2,ING210102, Andrea  Medina
ING2101,InglesII,2,ING210102, Ángel  Mesa
ING2101,InglesII,2,ING210102, Andrea  Casado
ING2101,InglesII,2,ING210102, Andrés  Vicente
ING2101,InglesII,2,ING210102, Natalia  Cabello
