Codigo Asignatura,Nombre Asignatura,Nivel,Codigo Curso,Estudiante
ING2101,InglesII,2,ING210104, Emily  Herrera
ING2101,InglesII,2,ING210104, Emily  Casado
ING2101,InglesII,2,ING210104, Pablo  Miranda
ING2101,InglesII,2,ING210104, Sebastián  Gutiérrez
ING2101,InglesII,2,ING210104, Alejandra  Linares
ING2101,InglesII,2,ING210104, Marcela  Vicente
ING2101,InglesII,2,ING210104, Luciana  Ortega
ING2101,InglesII,2,ING210104, Isabella  González
ING2101,InglesII,2,ING210104, Luciana  Herrero
ING2101,InglesII,2,ING210104, Juan  Vega
ING2101,InglesII,2,ING210104, Emily  Gallego
ING2101,InglesII,2,ING210104, Diego  Mesa
ING2101,InglesII,2,ING210104, José  Cruz
ING2101,InglesII,2,ING210104, María  Morales
ING2101,InglesII,2,ING210104, Andrea  Pastor
ING2101,InglesII,2,ING210104, Alexander  Cabrera
ING2101,InglesII,2,ING210104, Mauricio  Rubio
ING2101,InglesII,2,ING210104, Lucas  Suárez
ING2101,InglesII,2,ING210104, David  Cabello
ING2101,InglesII,2,ING210104, Andrea  Carretero
ING2101,InglesII,2,ING210104, Eduardo  Pascual
ING2101,InglesII,2,ING210104, Antonella  Álvarez
ING2101,InglesII,2,ING210104, Tomás  Nieto
ING2101,InglesII,2,ING210104, Javier  Llorente
ING2101,InglesII,2,ING210104, Esteban  Casado
ING2101,InglesII,2,ING210104, Benjamín  León
ING2101,InglesII,2,ING210104, Ricardo  Vidal
ING2101,InglesII,2,ING210104, Juan Pablo  Muñoz
ING2101,InglesII,2,ING210104, Isabel  Moya
ING2101,InglesII,2,ING210104, Mariana  Ferrer
