Codigo Asignatura,Nombre Asignatura,Nivel,Codigo Curso,Estudiante
ING2101,InglesII,2,ING210101, Francisco  Gil
ING2101,InglesII,2,ING210101, Andrés  Miranda
ING2101,InglesII,2,ING210101, Tomás  Ríos
ING2101,InglesII,2,ING210101, Natalia  León
ING2101,InglesII,2,ING210101, Valentina  Molina
ING2101,InglesII,2,ING210101, Clara  Herrera
ING2101,InglesII,2,ING210101, Juan Pablo  Amaya
ING2101,InglesII,2,ING210101, Santiago  Suárez
ING2101,InglesII,2,ING210101, Pablo  Prieto
ING2101,InglesII,2,ING210101, Valeria  Cabello
ING2101,InglesII,2,ING210101, Ricardo  Suárez
ING2101,InglesII,2,ING210101, Miguel  González
ING2101,InglesII,2,ING210101, Mariana  Alonso
ING2101,InglesII,2,ING210101, Martín  Gómez
ING2101,InglesII,2,ING210101, Juan José  Fernández
ING2101,InglesII,2,ING210101, Andrea  Ortega
ING2101,InglesII,2,ING210101, Catalina  Calvo
ING2101,InglesII,2,ING210101, Paula  Vidal
ING2101,InglesII,2,ING210101, Tomás  Iglesias
ING2101,InglesII,2,ING210101, Gabriel  Pastor
ING2101,InglesII,2,ING210101, Luciana  Garrido
ING2101,InglesII,2,ING210101, Samantha  Garrido
ING2101,InglesII,2,ING210101, Eduardo  Morales
ING2101,InglesII,2,ING210101, Samuel  González
ING2101,InglesII,2,ING210101, Alexander  Cervantes
ING2101,InglesII,2,ING210101, Andrés  Correa
ING2101,InglesII,2,ING210101, Paula  Álvarez
ING2101,InglesII,2,ING210101, Elizabeth  Benítez
ING2101,InglesII,2,ING210101, Alejandro  Alonso
ING2101,InglesII,2,ING210101, Andrés  Martínez
