Codigo Asignatura,Nombre Asignatura,Nivel,Codigo Curso,Estudiante
ING2101,InglesII,2,ING210103, Ricardo  Cabello
ING2101,InglesII,2,ING210103, Daniela  Vargas
ING2101,InglesII,2,ING210103, Natalia  Cordero
ING2101,InglesII,2,ING210103, Francisco  Santana
ING2101,InglesII,2,ING210103, Isabel  Molina
ING2101,InglesII,2,ING210103, Gabriel  Medina
ING2101,InglesII,2,ING210103, Simón  Muñoz
ING2101,InglesII,2,ING210103, Miguel  Guerra
ING2101,InglesII,2,ING210103, Andrea  Abad
ING2101,InglesII,2,ING210103, Santiago  Alonso
ING2101,InglesII,2,ING210103, Natalia  Peralta
ING2101,InglesII,2,ING210103, Adriana  Mesa
ING2101,InglesII,2,ING210103, Eduardo  Llorente
ING2101,InglesII,2,ING210103, Valentina  Rubio
ING2101,InglesII,2,ING210103, Emma  Romero
ING2101,InglesII,2,ING210103, Antonella  Ochoa
ING2101,InglesII,2,ING210103, Laura  Ramos
ING2101,InglesII,2,ING210103, Andrés  Linares
ING2101,InglesII,2,ING210103, Simón  Suárez
ING2101,InglesII,2,ING210103, Matías  Rodríguez
ING2101,InglesII,2,ING210103, Martín  Carretero
ING2101,InglesII,2,ING210103, Antonia  Sánchez
ING2101,InglesII,2,ING210103, Mauricio  Peralta
ING2101,InglesII,2,ING210103, Paula  Robles
ING2101,InglesII,2,ING210103, David  Robles
ING2101,InglesII,2,ING210103, Andrés  Calvo
ING2101,InglesII,2,ING210103, María  Correa
ING2101,InglesII,2,ING210103, Natalia  Vega
ING2101,InglesII,2,ING210103, Manuel  Molina
ING2101,InglesII,2,ING210103, Ricardo  Herrero
