Codigo Asignatura,Nombre Asignatura,Nivel,Codigo Curso,Estudiante
DIS7301,DisenodeSistemasProductivos,7,DIS730103, Andrea  Cervantes
DIS7301,DisenodeSistemasProductivos,7,DIS730103, Gabriela  Rubio
DIS7301,DisenodeSistemasProductivos,7,DIS730103, Javier  Vicente
DIS7301,DisenodeSistemasProductivos,7,DIS730103, Marcela  García
DIS7301,DisenodeSistemasProductivos,7,DIS730103, Felipe  Serrano
DIS7301,DisenodeSistemasProductivos,7,DIS730103, Santiago  Bravo
DIS7301,DisenodeSistemasProductivos,7,DIS730103, Jimena  Serrano
DIS7301,DisenodeSistemasProductivos,7,DIS730103, María  Miranda
DIS7301,DisenodeSistemasProductivos,7,DIS730103, Natalia  Pascual
DIS7301,DisenodeSistemasProductivos,7,DIS730103, Tomás  Navarro
DIS7301,DisenodeSistemasProductivos,7,DIS730103, Eduardo  Llorente
DIS7301,DisenodeSistemasProductivos,7,DIS730103, José  Martínez
DIS7301,DisenodeSistemasProductivos,7,DIS730103, Mauricio  Peralta
DIS7301,DisenodeSistemasProductivos,7,DIS730103, Isabel  Miranda
DIS7301,DisenodeSistemasProductivos,7,DIS730103, Daniela  Benítez
DIS7301,DisenodeSistemasProductivos,7,DIS730103, Adriana  Herrero
DIS7301,DisenodeSistemasProductivos,7,DIS730103, Catalina  Soto
DIS7301,DisenodeSistemasProductivos,7,DIS730103, Andrés  Esteban
DIS7301,DisenodeSistemasProductivos,7,DIS730103, Valentina  Rodríguez
DIS7301,DisenodeSistemasProductivos,7,DIS730103, Daniel  Romero
