Codigo Asignatura,Nombre Asignatura,Nivel,Codigo Curso,Estudiante
DIS7301,DisenodeSistemasProductivos,7,DIS730101, Isabel  Molina
DIS7301,DisenodeSistemasProductivos,7,DIS730101, Natalia  Llorente
DIS7301,DisenodeSistemasProductivos,7,DIS730101, Pablo  Cabrera
DIS7301,DisenodeSistemasProductivos,7,DIS730101, Santiago  Rivas
DIS7301,DisenodeSistemasProductivos,7,DIS730101, Sebastián  Calvo
DIS7301,DisenodeSistemasProductivos,7,DIS730101, Francisco  Marín
DIS7301,DisenodeSistemasProductivos,7,DIS730101, Mateo  Muñoz
DIS7301,DisenodeSistemasProductivos,7,DIS730101, Manuel  Álvarez
DIS7301,DisenodeSistemasProductivos,7,DIS730101, Valeria  Carretero
DIS7301,DisenodeSistemasProductivos,7,DIS730101, Tomás  Hidalgo
DIS7301,DisenodeSistemasProductivos,7,DIS730101, Catalina  Ortega
DIS7301,DisenodeSistemasProductivos,7,DIS730101, Alejandro  Medina
DIS7301,DisenodeSistemasProductivos,7,DIS730101, Andrés  Rubio
DIS7301,DisenodeSistemasProductivos,7,DIS730101, Andrés  Oliva
DIS7301,DisenodeSistemasProductivos,7,DIS730101, Esteban  Molina
DIS7301,DisenodeSistemasProductivos,7,DIS730101, Alexander  Fernández
DIS7301,DisenodeSistemasProductivos,7,DIS730101, Isabella  Torres
DIS7301,DisenodeSistemasProductivos,7,DIS730101, Simón  Castro
DIS7301,DisenodeSistemasProductivos,7,DIS730101, Sofia  Ortega
DIS7301,DisenodeSistemasProductivos,7,DIS730101, Juan José  Oliva
