Codigo Asignatura,Nombre Asignatura,Nivel,Codigo Curso,Estudiante
DIS7301,DisenodeSistemasProductivos,7,DIS730102, Simón  Varela
DIS7301,DisenodeSistemasProductivos,7,DIS730102, Isabella  Pascual
DIS7301,DisenodeSistemasProductivos,7,DIS730102, Miguel  Gómez
DIS7301,DisenodeSistemasProductivos,7,DIS730102, Sebastián  Torres
DIS7301,DisenodeSistemasProductivos,7,DIS730102, Alejandro  Benítez
DIS7301,DisenodeSistemasProductivos,7,DIS730102, Cristóbal  Garrido
DIS7301,DisenodeSistemasProductivos,7,DIS730102, David  Esteban
DIS7301,DisenodeSistemasProductivos,7,DIS730102, Natalia  Medina
DIS7301,DisenodeSistemasProductivos,7,DIS730102, Esteban  Martínez
DIS7301,DisenodeSistemasProductivos,7,DIS730102, Mateo  Gómez
DIS7301,DisenodeSistemasProductivos,7,DIS730102, Catalina  Alonso
DIS7301,DisenodeSistemasProductivos,7,DIS730102, Simón  Molina
DIS7301,DisenodeSistemasProductivos,7,DIS730102, Santiago  Prieto
DIS7301,DisenodeSistemasProductivos,7,DIS730102, Alejandra  Ramos
DIS7301,DisenodeSistemasProductivos,7,DIS730102, Diego  Ríos
DIS7301,DisenodeSistemasProductivos,7,DIS730102, Catalina  Garrido
DIS7301,DisenodeSistemasProductivos,7,DIS730102, Ricardo  Herrera
DIS7301,DisenodeSistemasProductivos,7,DIS730102, Juan Pablo  Calvo
DIS7301,DisenodeSistemasProductivos,7,DIS730102, Carolina  Navarro
DIS7301,DisenodeSistemasProductivos,7,DIS730102, Esteban  Vicente
