Codigo Asignatura,Nombre Asignatura,Nivel,Codigo Curso,Estudiante
DIS7301,DisenodeSistemasProductivos,7,DIS730105, Andrés  Muñoz
DIS7301,DisenodeSistemasProductivos,7,DIS730105, Juan David  Molina
DIS7301,DisenodeSistemasProductivos,7,DIS730105, Martín  Carretero
DIS7301,DisenodeSistemasProductivos,7,DIS730105, María José  Domínguez
DIS7301,DisenodeSistemasProductivos,7,DIS730105, Adriana  López
DIS7301,DisenodeSistemasProductivos,7,DIS730105, Alejandro  Castro
DIS7301,DisenodeSistemasProductivos,7,DIS730105, Sofía  Ortega
DIS7301,DisenodeSistemasProductivos,7,DIS730105, Elena  Luque
DIS7301,DisenodeSistemasProductivos,7,DIS730105, Miguel  Torres
DIS7301,DisenodeSistemasProductivos,7,DIS730105, Natalia  Vázquez
