Codigo Asignatura,Nombre Asignatura,Nivel,Codigo Curso,Estudiante
DIS7301,DisenodeSistemasProductivos,7,DIS730104, Camila  Garrido
DIS7301,DisenodeSistemasProductivos,7,DIS730104, Valentina  Fernández
DIS7301,DisenodeSistemasProductivos,7,DIS730104, Lucas  Aguilar
DIS7301,DisenodeSistemasProductivos,7,DIS730104, Luciana  Garrido
DIS7301,DisenodeSistemasProductivos,7,DIS730104, Alejandra  Peralta
DIS7301,DisenodeSistemasProductivos,7,DIS730104, Felipe  Ruiz
DIS7301,DisenodeSistemasProductivos,7,DIS730104, Manuel  Ochoa
DIS7301,DisenodeSistemasProductivos,7,DIS730104, Mariana  Benítez
DIS7301,DisenodeSistemasProductivos,7,DIS730104, Miguel  Vargas
DIS7301,DisenodeSistemasProductivos,7,DIS730104, Lucas  Iglesias
DIS7301,DisenodeSistemasProductivos,7,DIS730104, Mariana  Vicente
DIS7301,DisenodeSistemasProductivos,7,DIS730104, Miguel  Linares
DIS7301,DisenodeSistemasProductivos,7,DIS730104, José  Cruz
DIS7301,DisenodeSistemasProductivos,7,DIS730104, Daniela  Santana
DIS7301,DisenodeSistemasProductivos,7,DIS730104, Isabella  Marín
DIS7301,DisenodeSistemasProductivos,7,DIS730104, Antonia  Nieto
DIS7301,DisenodeSistemasProductivos,7,DIS730104, Javier  Guerra
DIS7301,DisenodeSistemasProductivos,7,DIS730104, Diego  Miranda
DIS7301,DisenodeSistemasProductivos,7,DIS730104, Alexander  Vargas
DIS7301,DisenodeSistemasProductivos,7,DIS730104, Eduardo  Medina
