Codigo Asignatura,Nombre Asignatura,Nivel,Codigo Curso,Estudiante
ENF7301,EnfasisProfesionalI,7,ENF730102, Simón  Varela
ENF7301,EnfasisProfesionalI,7,ENF730102, Isabella  Pascual
ENF7301,EnfasisProfesionalI,7,ENF730102, Miguel  Gómez
ENF7301,EnfasisProfesionalI,7,ENF730102, Sebastián  Torres
ENF7301,EnfasisProfesionalI,7,ENF730102, Alejandro  Benítez
ENF7301,EnfasisProfesionalI,7,ENF730102, Cristóbal  Garrido
ENF7301,EnfasisProfesionalI,7,ENF730102, David  Esteban
ENF7301,EnfasisProfesionalI,7,ENF730102, Natalia  Medina
ENF7301,EnfasisProfesionalI,7,ENF730102, Esteban  Martínez
ENF7301,EnfasisProfesionalI,7,ENF730102, Mateo  Gómez
ENF7301,EnfasisProfesionalI,7,ENF730102, Catalina  Alonso
ENF7301,EnfasisProfesionalI,7,ENF730102, Simón  Molina
ENF7301,EnfasisProfesionalI,7,ENF730102, Santiago  Prieto
ENF7301,EnfasisProfesionalI,7,ENF730102, Alejandra  Ramos
ENF7301,EnfasisProfesionalI,7,ENF730102, Diego  Ríos
ENF7301,EnfasisProfesionalI,7,ENF730102, Catalina  Garrido
ENF7301,EnfasisProfesionalI,7,ENF730102, Ricardo  Herrera
ENF7301,EnfasisProfesionalI,7,ENF730102, Juan Pablo  Calvo
ENF7301,EnfasisProfesionalI,7,ENF730102, Carolina  Navarro
ENF7301,EnfasisProfesionalI,7,ENF730102, Esteban  Vicente
