Codigo Asignatura,Nombre Asignatura,Nivel,Codigo Curso,Estudiante
ENF7301,EnfasisProfesionalI,7,ENF730101, Isabel  Molina
ENF7301,EnfasisProfesionalI,7,ENF730101, Natalia  Llorente
ENF7301,EnfasisProfesionalI,7,ENF730101, Pablo  Cabrera
ENF7301,EnfasisProfesionalI,7,ENF730101, Santiago  Rivas
ENF7301,EnfasisProfesionalI,7,ENF730101, Sebastián  Calvo
ENF7301,EnfasisProfesionalI,7,ENF730101, Francisco  Marín
ENF7301,EnfasisProfesionalI,7,ENF730101, Mateo  Muñoz
ENF7301,EnfasisProfesionalI,7,ENF730101, Manuel  Álvarez
ENF7301,EnfasisProfesionalI,7,ENF730101, Valeria  Carretero
ENF7301,EnfasisProfesionalI,7,ENF730101, Tomás  Hidalgo
ENF7301,EnfasisProfesionalI,7,ENF730101, Catalina  Ortega
ENF7301,EnfasisProfesionalI,7,ENF730101, Alejandro  Medina
ENF7301,EnfasisProfesionalI,7,ENF730101, Andrés  Rubio
ENF7301,EnfasisProfesionalI,7,ENF730101, Andrés  Oliva
ENF7301,EnfasisProfesionalI,7,ENF730101, Esteban  Molina
ENF7301,EnfasisProfesionalI,7,ENF730101, Alexander  Fernández
ENF7301,EnfasisProfesionalI,7,ENF730101, Isabella  Torres
ENF7301,EnfasisProfesionalI,7,ENF730101, Simón  Castro
ENF7301,EnfasisProfesionalI,7,ENF730101, Sofia  Ortega
ENF7301,EnfasisProfesionalI,7,ENF730101, Juan José  Oliva
