Codigo Asignatura,Nombre Asignatura,Nivel,Codigo Curso,Estudiante
ENF7301,EnfasisProfesionalI,7,ENF730103, Andrea  Cervantes
ENF7301,EnfasisProfesionalI,7,ENF730103, Gabriela  Rubio
ENF7301,EnfasisProfesionalI,7,ENF730103, Javier  Vicente
ENF7301,EnfasisProfesionalI,7,ENF730103, Marcela  García
ENF7301,EnfasisProfesionalI,7,ENF730103, Felipe  Serrano
ENF7301,EnfasisProfesionalI,7,ENF730103, Santiago  Bravo
ENF7301,EnfasisProfesionalI,7,ENF730103, Jimena  Serrano
ENF7301,EnfasisProfesionalI,7,ENF730103, María  Miranda
ENF7301,EnfasisProfesionalI,7,ENF730103, Natalia  Pascual
ENF7301,EnfasisProfesionalI,7,ENF730103, Tomás  Navarro
ENF7301,EnfasisProfesionalI,7,ENF730103, Eduardo  Llorente
ENF7301,EnfasisProfesionalI,7,ENF730103, José  Martínez
ENF7301,EnfasisProfesionalI,7,ENF730103, Mauricio  Peralta
ENF7301,EnfasisProfesionalI,7,ENF730103, Isabel  Miranda
ENF7301,EnfasisProfesionalI,7,ENF730103, Daniela  Benítez
ENF7301,EnfasisProfesionalI,7,ENF730103, Adriana  Herrero
ENF7301,EnfasisProfesionalI,7,ENF730103, Catalina  Soto
ENF7301,EnfasisProfesionalI,7,ENF730103, Andrés  Esteban
ENF7301,EnfasisProfesionalI,7,ENF730103, Valentina  Rodríguez
ENF7301,EnfasisProfesionalI,7,ENF730103, Daniel  Romero
