Codigo Asignatura,Nombre Asignatura,Nivel,Codigo Curso,Estudiante
ENF7301,EnfasisProfesionalI,7,ENF730104, Camila  Garrido
ENF7301,EnfasisProfesionalI,7,ENF730104, Valentina  Fernández
ENF7301,EnfasisProfesionalI,7,ENF730104, Lucas  Aguilar
ENF7301,EnfasisProfesionalI,7,ENF730104, Luciana  Garrido
ENF7301,EnfasisProfesionalI,7,ENF730104, Alejandra  Peralta
ENF7301,EnfasisProfesionalI,7,ENF730104, Felipe  Ruiz
ENF7301,EnfasisProfesionalI,7,ENF730104, Manuel  Ochoa
ENF7301,EnfasisProfesionalI,7,ENF730104, Mariana  Benítez
ENF7301,EnfasisProfesionalI,7,ENF730104, Miguel  Vargas
ENF7301,EnfasisProfesionalI,7,ENF730104, Lucas  Iglesias
ENF7301,EnfasisProfesionalI,7,ENF730104, Mariana  Vicente
ENF7301,EnfasisProfesionalI,7,ENF730104, Miguel  Linares
ENF7301,EnfasisProfesionalI,7,ENF730104, José  Cruz
ENF7301,EnfasisProfesionalI,7,ENF730104, Daniela  Santana
ENF7301,EnfasisProfesionalI,7,ENF730104, Isabella  Marín
ENF7301,EnfasisProfesionalI,7,ENF730104, Antonia  Nieto
ENF7301,EnfasisProfesionalI,7,ENF730104, Javier  Guerra
ENF7301,EnfasisProfesionalI,7,ENF730104, Diego  Miranda
ENF7301,EnfasisProfesionalI,7,ENF730104, Alexander  Vargas
ENF7301,EnfasisProfesionalI,7,ENF730104, Eduardo  Medina
