Codigo Asignatura,Nombre Asignatura,Nivel,Codigo Curso,Estudiante
ENF7301,EnfasisProfesionalI,7,ENF730105, Andrés  Muñoz
ENF7301,EnfasisProfesionalI,7,ENF730105, Juan David  Molina
ENF7301,EnfasisProfesionalI,7,ENF730105, Martín  Carretero
ENF7301,EnfasisProfesionalI,7,ENF730105, María José  Domínguez
ENF7301,EnfasisProfesionalI,7,ENF730105, Adriana  López
ENF7301,EnfasisProfesionalI,7,ENF730105, Alejandro  Castro
ENF7301,EnfasisProfesionalI,7,ENF730105, Sofía  Ortega
ENF7301,EnfasisProfesionalI,7,ENF730105, Elena  Luque
ENF7301,EnfasisProfesionalI,7,ENF730105, Miguel  Torres
ENF7301,EnfasisProfesionalI,7,ENF730105, Natalia  Vázquez
