Codigo Asignatura,Nombre Asignatura,Nivel,Codigo Curso,Estudiante
GES2301,GestiondelasOrganizaciones,2,GES230102, Benjamín  Suárez
GES2301,GestiondelasOrganizaciones,2,GES230102, Andrés  Ramos
GES2301,GestiondelasOrganizaciones,2,GES230102, Lucía  Vega
GES2301,GestiondelasOrganizaciones,2,GES230102, Daniela  Ramos
GES2301,GestiondelasOrganizaciones,2,GES230102, Pablo  León
GES2301,GestiondelasOrganizaciones,2,GES230102, Benjamín  Rubio
GES2301,GestiondelasOrganizaciones,2,GES230102, Ángel  López
GES2301,GestiondelasOrganizaciones,2,GES230102, Lucía  Rivas
GES2301,GestiondelasOrganizaciones,2,GES230102, Natalia  Díaz
GES2301,GestiondelasOrganizaciones,2,GES230102, Sebastián  Calvo
GES2301,GestiondelasOrganizaciones,2,GES230102, Samantha  Vicente
GES2301,GestiondelasOrganizaciones,2,GES230102, Catalina  Miranda
GES2301,GestiondelasOrganizaciones,2,GES230102, Javier  Calvo
GES2301,GestiondelasOrganizaciones,2,GES230102, Carolina  Carretero
GES2301,GestiondelasOrganizaciones,2,GES230102, Christian  Casado
GES2301,GestiondelasOrganizaciones,2,GES230102, Elena  Ríos
GES2301,GestiondelasOrganizaciones,2,GES230102, Elena  Carmona
GES2301,GestiondelasOrganizaciones,2,GES230102, Sebastián  Alonso
GES2301,GestiondelasOrganizaciones,2,GES230102, Elizabeth  Linares
GES2301,GestiondelasOrganizaciones,2,GES230102, Carlos  Peralta
GES2301,GestiondelasOrganizaciones,2,GES230102, Carolina  Navarro
GES2301,GestiondelasOrganizaciones,2,GES230102, Andrea  Peralta
GES2301,GestiondelasOrganizaciones,2,GES230102, Lucas  Pérez
GES2301,GestiondelasOrganizaciones,2,GES230102, Isabella  Luque
GES2301,GestiondelasOrganizaciones,2,GES230102, Carlos  Gómez
GES2301,GestiondelasOrganizaciones,2,GES230102, Andrea  Medina
GES2301,GestiondelasOrganizaciones,2,GES230102, Ángel  Mesa
GES2301,GestiondelasOrganizaciones,2,GES230102, Andrea  Casado
GES2301,GestiondelasOrganizaciones,2,GES230102, Andrés  Vicente
GES2301,GestiondelasOrganizaciones,2,GES230102, Natalia  Cabello
