Codigo Asignatura,Nombre Asignatura,Nivel,Codigo Curso,Estudiante
GES2301,GestiondelasOrganizaciones,2,GES230104, Emily  Herrera
GES2301,GestiondelasOrganizaciones,2,GES230104, Emily  Casado
GES2301,GestiondelasOrganizaciones,2,GES230104, Pablo  Miranda
GES2301,GestiondelasOrganizaciones,2,GES230104, Sebastián  Gutiérrez
GES2301,GestiondelasOrganizaciones,2,GES230104, Alejandra  Linares
GES2301,GestiondelasOrganizaciones,2,GES230104, Marcela  Vicente
GES2301,GestiondelasOrganizaciones,2,GES230104, Luciana  Ortega
GES2301,GestiondelasOrganizaciones,2,GES230104, Isabella  González
GES2301,GestiondelasOrganizaciones,2,GES230104, Luciana  Herrero
GES2301,GestiondelasOrganizaciones,2,GES230104, Juan  Vega
GES2301,GestiondelasOrganizaciones,2,GES230104, Emily  Gallego
GES2301,GestiondelasOrganizaciones,2,GES230104, Diego  Mesa
GES2301,GestiondelasOrganizaciones,2,GES230104, José  Cruz
GES2301,GestiondelasOrganizaciones,2,GES230104, María  Morales
GES2301,GestiondelasOrganizaciones,2,GES230104, Andrea  Pastor
GES2301,GestiondelasOrganizaciones,2,GES230104, Alexander  Cabrera
GES2301,GestiondelasOrganizaciones,2,GES230104, Mauricio  Rubio
GES2301,GestiondelasOrganizaciones,2,GES230104, Lucas  Suárez
GES2301,GestiondelasOrganizaciones,2,GES230104, David  Cabello
GES2301,GestiondelasOrganizaciones,2,GES230104, Andrea  Carretero
GES2301,GestiondelasOrganizaciones,2,GES230104, Eduardo  Pascual
GES2301,GestiondelasOrganizaciones,2,GES230104, Antonella  Álvarez
GES2301,GestiondelasOrganizaciones,2,GES230104, Tomás  Nieto
GES2301,GestiondelasOrganizaciones,2,GES230104, Javier  Llorente
GES2301,GestiondelasOrganizaciones,2,GES230104, Esteban  Casado
GES2301,GestiondelasOrganizaciones,2,GES230104, Benjamín  León
GES2301,GestiondelasOrganizaciones,2,GES230104, Ricardo  Vidal
GES2301,GestiondelasOrganizaciones,2,GES230104, Juan Pablo  Muñoz
GES2301,GestiondelasOrganizaciones,2,GES230104, Isabel  Moya
GES2301,GestiondelasOrganizaciones,2,GES230104, Mariana  Ferrer
