Codigo Asignatura,Nombre Asignatura,Nivel,Codigo Curso,Estudiante
GES2301,GestiondelasOrganizaciones,2,GES230103, Ricardo  Cabello
GES2301,GestiondelasOrganizaciones,2,GES230103, Daniela  Vargas
GES2301,GestiondelasOrganizaciones,2,GES230103, Natalia  Cordero
GES2301,GestiondelasOrganizaciones,2,GES230103, Francisco  Santana
GES2301,GestiondelasOrganizaciones,2,GES230103, Isabel  Molina
GES2301,GestiondelasOrganizaciones,2,GES230103, Gabriel  Medina
GES2301,GestiondelasOrganizaciones,2,GES230103, Simón  Muñoz
GES2301,GestiondelasOrganizaciones,2,GES230103, Miguel  Guerra
GES2301,GestiondelasOrganizaciones,2,GES230103, Andrea  Abad
GES2301,GestiondelasOrganizaciones,2,GES230103, Santiago  Alonso
GES2301,GestiondelasOrganizaciones,2,GES230103, Natalia  Peralta
GES2301,GestiondelasOrganizaciones,2,GES230103, Adriana  Mesa
GES2301,GestiondelasOrganizaciones,2,GES230103, Eduardo  Llorente
GES2301,GestiondelasOrganizaciones,2,GES230103, Valentina  Rubio
GES2301,GestiondelasOrganizaciones,2,GES230103, Emma  Romero
GES2301,GestiondelasOrganizaciones,2,GES230103, Antonella  Ochoa
GES2301,GestiondelasOrganizaciones,2,GES230103, Laura  Ramos
GES2301,GestiondelasOrganizaciones,2,GES230103, Andrés  Linares
GES2301,GestiondelasOrganizaciones,2,GES230103, Simón  Suárez
GES2301,GestiondelasOrganizaciones,2,GES230103, Matías  Rodríguez
GES2301,GestiondelasOrganizaciones,2,GES230103, Martín  Carretero
GES2301,GestiondelasOrganizaciones,2,GES230103, Antonia  Sánchez
GES2301,GestiondelasOrganizaciones,2,GES230103, Mauricio  Peralta
GES2301,GestiondelasOrganizaciones,2,GES230103, Paula  Robles
GES2301,GestiondelasOrganizaciones,2,GES230103, David  Robles
GES2301,GestiondelasOrganizaciones,2,GES230103, Andrés  Calvo
GES2301,GestiondelasOrganizaciones,2,GES230103, María  Correa
GES2301,GestiondelasOrganizaciones,2,GES230103, Natalia  Vega
GES2301,GestiondelasOrganizaciones,2,GES230103, Manuel  Molina
GES2301,GestiondelasOrganizaciones,2,GES230103, Ricardo  Herrero
