Codigo Asignatura,Nombre Asignatura,Nivel,Codigo Curso,Estudiante
GES2301,GestiondelasOrganizaciones,2,GES230105, María José  Calvo
GES2301,GestiondelasOrganizaciones,2,GES230105, Adriana  Guerra
GES2301,GestiondelasOrganizaciones,2,GES230105, Mateo  Rivas
GES2301,GestiondelasOrganizaciones,2,GES230105, Daniela  Benítez
GES2301,GestiondelasOrganizaciones,2,GES230105, Miguel  Linares
GES2301,GestiondelasOrganizaciones,2,GES230105, Simón  Ramos
GES2301,GestiondelasOrganizaciones,2,GES230105, Francisco  Cabrera
GES2301,GestiondelasOrganizaciones,2,GES230105, Antonella  Cordero
GES2301,GestiondelasOrganizaciones,2,GES230105, Luciana  Marín
GES2301,GestiondelasOrganizaciones,2,GES230105, Felipe  González
