Codigo Asignatura,Nombre Asignatura,Nivel,Codigo Curso,Estudiante
GES2301,GestiondelasOrganizaciones,2,GES230101, Francisco  Gil
GES2301,GestiondelasOrganizaciones,2,GES230101, Andrés  Miranda
GES2301,GestiondelasOrganizaciones,2,GES230101, Tomás  Ríos
GES2301,GestiondelasOrganizaciones,2,GES230101, Natalia  León
GES2301,GestiondelasOrganizaciones,2,GES230101, Valentina  Molina
GES2301,GestiondelasOrganizaciones,2,GES230101, Clara  Herrera
GES2301,GestiondelasOrganizaciones,2,GES230101, Juan Pablo  Amaya
GES2301,GestiondelasOrganizaciones,2,GES230101, Santiago  Suárez
GES2301,GestiondelasOrganizaciones,2,GES230101, Pablo  Prieto
GES2301,GestiondelasOrganizaciones,2,GES230101, Valeria  Cabello
GES2301,GestiondelasOrganizaciones,2,GES230101, Ricardo  Suárez
GES2301,GestiondelasOrganizaciones,2,GES230101, Miguel  González
GES2301,GestiondelasOrganizaciones,2,GES230101, Mariana  Alonso
GES2301,GestiondelasOrganizaciones,2,GES230101, Martín  Gómez
GES2301,GestiondelasOrganizaciones,2,GES230101, Juan José  Fernández
GES2301,GestiondelasOrganizaciones,2,GES230101, Andrea  Ortega
GES2301,GestiondelasOrganizaciones,2,GES230101, Catalina  Calvo
GES2301,GestiondelasOrganizaciones,2,GES230101, Paula  Vidal
GES2301,GestiondelasOrganizaciones,2,GES230101, Tomás  Iglesias
GES2301,GestiondelasOrganizaciones,2,GES230101, Gabriel  Pastor
GES2301,GestiondelasOrganizaciones,2,GES230101, Luciana  Garrido
GES2301,GestiondelasOrganizaciones,2,GES230101, Samantha  Garrido
GES2301,GestiondelasOrganizaciones,2,GES230101, Eduardo  Morales
GES2301,GestiondelasOrganizaciones,2,GES230101, Samuel  González
GES2301,GestiondelasOrganizaciones,2,GES230101, Alexander  Cervantes
GES2301,GestiondelasOrganizaciones,2,GES230101, Andrés  Correa
GES2301,GestiondelasOrganizaciones,2,GES230101, Paula  Álvarez
GES2301,GestiondelasOrganizaciones,2,GES230101, Elizabeth  Benítez
GES2301,GestiondelasOrganizaciones,2,GES230101, Alejandro  Alonso
GES2301,GestiondelasOrganizaciones,2,GES230101, Andrés  Martínez
