Codigo Asignatura,Nombre Asignatura,Nivel,Codigo Curso,Estudiante
ING6101,InglesVI,6,ING610101, Natalia  Domínguez
ING6101,InglesVI,6,ING610101, Marcela  García
ING6101,InglesVI,6,ING610101, Santiago  Correa
ING6101,InglesVI,6,ING610101, Elena  Torres
ING6101,InglesVI,6,ING610101, Mauricio  Gil
ING6101,InglesVI,6,ING610101, Leonardo  Herrero
ING6101,InglesVI,6,ING610101, Andrés  Carmona
ING6101,InglesVI,6,ING610101, Juliana  Vargas
ING6101,InglesVI,6,ING610101, Benjamín  López
ING6101,InglesVI,6,ING610101, Juliana  Bravo
ING6101,InglesVI,6,ING610101, Juan Pablo  Ríos
ING6101,InglesVI,6,ING610101, Alejandra  Torres
ING6101,InglesVI,6,ING610101, Isabella  Serrano
ING6101,InglesVI,6,ING610101, Mauricio  Rubio
ING6101,InglesVI,6,ING610101, Mariana  Ferrer
ING6101,InglesVI,6,ING610101, Ángel  Vicente
ING6101,InglesVI,6,ING610101, Sebastián  Carmona
ING6101,InglesVI,6,ING610101, Daniela  Blanco
ING6101,InglesVI,6,ING610101, Simón  Muñoz
ING6101,InglesVI,6,ING610101, Manuel  Álvarez
ING6101,InglesVI,6,ING610101, Diego  Esteban
ING6101,InglesVI,6,ING610101, Mateo  Morales
ING6101,InglesVI,6,ING610101, Esteban  Muñoz
ING6101,InglesVI,6,ING610101, Andrea  Llorente
ING6101,InglesVI,6,ING610101, Luciana  Herrero
