Codigo Asignatura,Nombre Asignatura,Nivel,Codigo Curso,Estudiante
ING6101,InglesVI,6,ING610104, Fernanda  Gutiérrez
ING6101,InglesVI,6,ING610104, Christian  Casado
ING6101,InglesVI,6,ING610104, Simón  Linares
ING6101,InglesVI,6,ING610104, Tomás  Vicente
ING6101,InglesVI,6,ING610104, Nicolás  Martínez
ING6101,InglesVI,6,ING610104, Carlos  Amaya
ING6101,InglesVI,6,ING610104, Benjamín  Suárez
ING6101,InglesVI,6,ING610104, Samuel  González
ING6101,InglesVI,6,ING610104, Jimena  Suárez
ING6101,InglesVI,6,ING610104, Pablo  Iglesias
ING6101,InglesVI,6,ING610104, Clara  Herrera
ING6101,InglesVI,6,ING610104, Emma  Amaya
ING6101,InglesVI,6,ING610104, Tomás  Cruz
ING6101,InglesVI,6,ING610104, Juan David  Rivas
ING6101,InglesVI,6,ING610104, Luciana  Luque
ING6101,InglesVI,6,ING610104, Esteban  Abad
ING6101,InglesVI,6,ING610104, Catalina  Miranda
ING6101,InglesVI,6,ING610104, Matías  Rodríguez
ING6101,InglesVI,6,ING610104, Andrés  Rodríguez
ING6101,InglesVI,6,ING610104, Tomás  Nieto
ING6101,InglesVI,6,ING610104, Mariana  Herrera
ING6101,InglesVI,6,ING610104, Agustín  Linares
ING6101,InglesVI,6,ING610104, Mateo  Abad
ING6101,InglesVI,6,ING610104, Emily  Herrera
ING6101,InglesVI,6,ING610104, Gabriela  Guerra
