Codigo Asignatura,Nombre Asignatura,Nivel,Codigo Curso,Estudiante
ING6101,InglesVI,6,ING610102, Ángel  Calvo
ING6101,InglesVI,6,ING610102, Miguel  González
ING6101,InglesVI,6,ING610102, José  Casado
ING6101,InglesVI,6,ING610102, Antonia  Reyes
ING6101,InglesVI,6,ING610102, Samantha  Vidal
ING6101,InglesVI,6,ING610102, Sebastián  Calvo
ING6101,InglesVI,6,ING610102, Miguel  Cabello
ING6101,InglesVI,6,ING610102, Sebastián  González
ING6101,InglesVI,6,ING610102, Daniel  Morales
ING6101,InglesVI,6,ING610102, Pablo  González
ING6101,InglesVI,6,ING610102, Sara  Ortiz
ING6101,InglesVI,6,ING610102, Catalina  Castro
ING6101,InglesVI,6,ING610102, Simón  Ortiz
ING6101,InglesVI,6,ING610102, Jimena  Castro
ING6101,InglesVI,6,ING610102, Isabella  Esteban
ING6101,InglesVI,6,ING610102, Valentina  Marín
ING6101,InglesVI,6,ING610102, Tomás  Hidalgo
ING6101,InglesVI,6,ING610102, Mariana  Reyes
ING6101,InglesVI,6,ING610102, Paula  Robles
ING6101,InglesVI,6,ING610102, Valentina  Fernández
ING6101,InglesVI,6,ING610102, Elena  Ríos
ING6101,InglesVI,6,ING610102, Esteban  Molina
ING6101,InglesVI,6,ING610102, Ana  Sánchez
ING6101,InglesVI,6,ING610102, Ricardo  Ríos
ING6101,InglesVI,6,ING610102, Agustín  Alonso
