Codigo Asignatura,Nombre Asignatura,Nivel,Codigo Curso,Estudiante
ING6101,InglesVI,6,ING610103, Tomás  Ferrer
ING6101,InglesVI,6,ING610103, Catalina  Ríos
ING6101,InglesVI,6,ING610103, Daniela  Vargas
ING6101,InglesVI,6,ING610103, Clara  Castro
ING6101,InglesVI,6,ING610103, Emma  Aguilar
ING6101,InglesVI,6,ING610103, Victoria  Ortiz
ING6101,InglesVI,6,ING610103, Simón  Moya
ING6101,InglesVI,6,ING610103, Nicolás  Medina
ING6101,InglesVI,6,ING610103, Santiago  González
ING6101,InglesVI,6,ING610103, David  Cabello
ING6101,InglesVI,6,ING610103, Andrés  Castro
ING6101,InglesVI,6,ING610103, Agustín  Gallego
ING6101,InglesVI,6,ING610103, Juan Pablo  Ortega
ING6101,InglesVI,6,ING610103, Nicolás  Hidalgo
ING6101,InglesVI,6,ING610103, Sebastián  Gil
ING6101,InglesVI,6,ING610103, Luciana  Ortega
ING6101,InglesVI,6,ING610103, Adriana  Varela
ING6101,InglesVI,6,ING610103, Diego  Castro
ING6101,InglesVI,6,ING610103, Juan David  Alonso
ING6101,InglesVI,6,ING610103, Camila  Peralta
ING6101,InglesVI,6,ING610103, Mateo  Cordero
ING6101,InglesVI,6,ING610103, Agustín  Vicente
ING6101,InglesVI,6,ING610103, Elena  Muñoz
ING6101,InglesVI,6,ING610103, Daniela  Marín
ING6101,InglesVI,6,ING610103, Alexander  Ortega
