Codigo Asignatura,Nombre Asignatura,Nivel,Codigo Curso,Estudiante
CAL2301,CalculoIntegral,2,CAL230102, Benjamín  Suárez
CAL2301,CalculoIntegral,2,CAL230102, Andrés  Ramos
CAL2301,CalculoIntegral,2,CAL230102, Lucía  Vega
CAL2301,CalculoIntegral,2,CAL230102, Daniela  Ramos
CAL2301,CalculoIntegral,2,CAL230102, Pablo  León
CAL2301,CalculoIntegral,2,CAL230102, Benjamín  Rubio
CAL2301,CalculoIntegral,2,CAL230102, Ángel  López
CAL2301,CalculoIntegral,2,CAL230102, Lucía  Rivas
CAL2301,CalculoIntegral,2,CAL230102, Natalia  Díaz
CAL2301,CalculoIntegral,2,CAL230102, Sebastián  Calvo
CAL2301,CalculoIntegral,2,CAL230102, Samantha  Vicente
CAL2301,CalculoIntegral,2,CAL230102, Catalina  Miranda
CAL2301,CalculoIntegral,2,CAL230102, Javier  Calvo
CAL2301,CalculoIntegral,2,CAL230102, Carolina  Carretero
CAL2301,CalculoIntegral,2,CAL230102, Christian  Casado
CAL2301,CalculoIntegral,2,CAL230102, Elena  Ríos
CAL2301,CalculoIntegral,2,CAL230102, Elena  Carmona
CAL2301,CalculoIntegral,2,CAL230102, Sebastián  Alonso
CAL2301,CalculoIntegral,2,CAL230102, Elizabeth  Linares
CAL2301,CalculoIntegral,2,CAL230102, Carlos  Peralta
CAL2301,CalculoIntegral,2,CAL230102, Carolina  Navarro
CAL2301,CalculoIntegral,2,CAL230102, Andrea  Peralta
CAL2301,CalculoIntegral,2,CAL230102, Lucas  Pérez
CAL2301,CalculoIntegral,2,CAL230102, Isabella  Luque
CAL2301,CalculoIntegral,2,CAL230102, Carlos  Gómez
CAL2301,CalculoIntegral,2,CAL230102, Andrea  Medina
CAL2301,CalculoIntegral,2,CAL230102, Ángel  Mesa
CAL2301,CalculoIntegral,2,CAL230102, Andrea  Casado
CAL2301,CalculoIntegral,2,CAL230102, Andrés  Vicente
CAL2301,CalculoIntegral,2,CAL230102, Natalia  Cabello
