Codigo Asignatura,Nombre Asignatura,Nivel,Codigo Curso,Estudiante
CAL2301,CalculoIntegral,2,CAL230103, Ricardo  Cabello
CAL2301,CalculoIntegral,2,CAL230103, Daniela  Vargas
CAL2301,CalculoIntegral,2,CAL230103, Natalia  Cordero
CAL2301,CalculoIntegral,2,CAL230103, Francisco  Santana
CAL2301,CalculoIntegral,2,CAL230103, Isabel  Molina
CAL2301,CalculoIntegral,2,CAL230103, Gabriel  Medina
CAL2301,CalculoIntegral,2,CAL230103, Simón  Muñoz
CAL2301,CalculoIntegral,2,CAL230103, Miguel  Guerra
CAL2301,CalculoIntegral,2,CAL230103, Andrea  Abad
CAL2301,CalculoIntegral,2,CAL230103, Santiago  Alonso
CAL2301,CalculoIntegral,2,CAL230103, Natalia  Peralta
CAL2301,CalculoIntegral,2,CAL230103, Adriana  Mesa
CAL2301,CalculoIntegral,2,CAL230103, Eduardo  Llorente
CAL2301,CalculoIntegral,2,CAL230103, Valentina  Rubio
CAL2301,CalculoIntegral,2,CAL230103, Emma  Romero
CAL2301,CalculoIntegral,2,CAL230103, Antonella  Ochoa
CAL2301,CalculoIntegral,2,CAL230103, Laura  Ramos
CAL2301,CalculoIntegral,2,CAL230103, Andrés  Linares
CAL2301,CalculoIntegral,2,CAL230103, Simón  Suárez
CAL2301,CalculoIntegral,2,CAL230103, Matías  Rodríguez
CAL2301,CalculoIntegral,2,CAL230103, Martín  Carretero
CAL2301,CalculoIntegral,2,CAL230103, Antonia  Sánchez
CAL2301,CalculoIntegral,2,CAL230103, Mauricio  Peralta
CAL2301,CalculoIntegral,2,CAL230103, Paula  Robles
CAL2301,CalculoIntegral,2,CAL230103, David  Robles
CAL2301,CalculoIntegral,2,CAL230103, Andrés  Calvo
CAL2301,CalculoIntegral,2,CAL230103, María  Correa
CAL2301,CalculoIntegral,2,CAL230103, Natalia  Vega
CAL2301,CalculoIntegral,2,CAL230103, Manuel  Molina
CAL2301,CalculoIntegral,2,CAL230103, Ricardo  Herrero
