Codigo Asignatura,Nombre Asignatura,Nivel,Codigo Curso,Estudiante
CAL2301,CalculoIntegral,2,CAL230105, María José  Calvo
CAL2301,CalculoIntegral,2,CAL230105, Adriana  Guerra
CAL2301,CalculoIntegral,2,CAL230105, Mateo  Rivas
CAL2301,CalculoIntegral,2,CAL230105, Daniela  Benítez
CAL2301,CalculoIntegral,2,CAL230105, Miguel  Linares
CAL2301,CalculoIntegral,2,CAL230105, Simón  Ramos
CAL2301,CalculoIntegral,2,CAL230105, Francisco  Cabrera
CAL2301,CalculoIntegral,2,CAL230105, Antonella  Cordero
CAL2301,CalculoIntegral,2,CAL230105, Luciana  Marín
CAL2301,CalculoIntegral,2,CAL230105, Felipe  González
