Codigo Asignatura,Nombre Asignatura,Nivel,Codigo Curso,Estudiante
CAL2301,CalculoIntegral,2,CAL230101, Francisco  Gil
CAL2301,CalculoIntegral,2,CAL230101, Andrés  Miranda
CAL2301,CalculoIntegral,2,CAL230101, Tomás  Ríos
CAL2301,CalculoIntegral,2,CAL230101, Natalia  León
CAL2301,CalculoIntegral,2,CAL230101, Valentina  Molina
CAL2301,CalculoIntegral,2,CAL230101, Clara  Herrera
CAL2301,CalculoIntegral,2,CAL230101, Juan Pablo  Amaya
CAL2301,CalculoIntegral,2,CAL230101, Santiago  Suárez
CAL2301,CalculoIntegral,2,CAL230101, Pablo  Prieto
CAL2301,CalculoIntegral,2,CAL230101, Valeria  Cabello
CAL2301,CalculoIntegral,2,CAL230101, Ricardo  Suárez
CAL2301,CalculoIntegral,2,CAL230101, Miguel  González
CAL2301,CalculoIntegral,2,CAL230101, Mariana  Alonso
CAL2301,CalculoIntegral,2,CAL230101, Martín  Gómez
CAL2301,CalculoIntegral,2,CAL230101, Juan José  Fernández
CAL2301,CalculoIntegral,2,CAL230101, Andrea  Ortega
CAL2301,CalculoIntegral,2,CAL230101, Catalina  Calvo
CAL2301,CalculoIntegral,2,CAL230101, Paula  Vidal
CAL2301,CalculoIntegral,2,CAL230101, Tomás  Iglesias
CAL2301,CalculoIntegral,2,CAL230101, Gabriel  Pastor
CAL2301,CalculoIntegral,2,CAL230101, Luciana  Garrido
CAL2301,CalculoIntegral,2,CAL230101, Samantha  Garrido
CAL2301,CalculoIntegral,2,CAL230101, Eduardo  Morales
CAL2301,CalculoIntegral,2,CAL230101, Samuel  González
CAL2301,CalculoIntegral,2,CAL230101, Alexander  Cervantes
CAL2301,CalculoIntegral,2,CAL230101, Andrés  Correa
CAL2301,CalculoIntegral,2,CAL230101, Paula  Álvarez
CAL2301,CalculoIntegral,2,CAL230101, Elizabeth  Benítez
CAL2301,CalculoIntegral,2,CAL230101, Alejandro  Alonso
CAL2301,CalculoIntegral,2,CAL230101, Andrés  Martínez
