Codigo Asignatura,Nombre Asignatura,Nivel,Codigo Curso,Estudiante
CAL2301,CalculoIntegral,2,CAL230104, Emily  Herrera
CAL2301,CalculoIntegral,2,CAL230104, Emily  Casado
CAL2301,CalculoIntegral,2,CAL230104, Pablo  Miranda
CAL2301,CalculoIntegral,2,CAL230104, Sebastián  Gutiérrez
CAL2301,CalculoIntegral,2,CAL230104, Alejandra  Linares
CAL2301,CalculoIntegral,2,CAL230104, Marcela  Vicente
CAL2301,CalculoIntegral,2,CAL230104, Luciana  Ortega
CAL2301,CalculoIntegral,2,CAL230104, Isabella  González
CAL2301,CalculoIntegral,2,CAL230104, Luciana  Herrero
CAL2301,CalculoIntegral,2,CAL230104, Juan  Vega
CAL2301,CalculoIntegral,2,CAL230104, Emily  Gallego
CAL2301,CalculoIntegral,2,CAL230104, Diego  Mesa
CAL2301,CalculoIntegral,2,CAL230104, José  Cruz
CAL2301,CalculoIntegral,2,CAL230104, María  Morales
CAL2301,CalculoIntegral,2,CAL230104, Andrea  Pastor
CAL2301,CalculoIntegral,2,CAL230104, Alexander  Cabrera
CAL2301,CalculoIntegral,2,CAL230104, Mauricio  Rubio
CAL2301,CalculoIntegral,2,CAL230104, Lucas  Suárez
CAL2301,CalculoIntegral,2,CAL230104, David  Cabello
CAL2301,CalculoIntegral,2,CAL230104, Andrea  Carretero
CAL2301,CalculoIntegral,2,CAL230104, Eduardo  Pascual
CAL2301,CalculoIntegral,2,CAL230104, Antonella  Álvarez
CAL2301,CalculoIntegral,2,CAL230104, Tomás  Nieto
CAL2301,CalculoIntegral,2,CAL230104, Javier  Llorente
CAL2301,CalculoIntegral,2,CAL230104, Esteban  Casado
CAL2301,CalculoIntegral,2,CAL230104, Benjamín  León
CAL2301,CalculoIntegral,2,CAL230104, Ricardo  Vidal
CAL2301,CalculoIntegral,2,CAL230104, Juan Pablo  Muñoz
CAL2301,CalculoIntegral,2,CAL230104, Isabel  Moya
CAL2301,CalculoIntegral,2,CAL230104, Mariana  Ferrer
