Codigo Asignatura,Nombre Asignatura,Nivel,Codigo Curso,Estudiante
ING4101,InglesIV,4,ING410101, Isabella  Pascual
ING4101,InglesIV,4,ING410101, Samantha  Garrido
ING4101,InglesIV,4,ING410101, Victoria  Ortiz
ING4101,InglesIV,4,ING410101, Andrés  Linares
ING4101,InglesIV,4,ING410101, Tomás  Hidalgo
ING4101,InglesIV,4,ING410101, Tomás  Oliva
ING4101,InglesIV,4,ING410101, Emilio  Delgado
ING4101,InglesIV,4,ING410101, Gabriela  Cordero
ING4101,InglesIV,4,ING410101, Juan David  Vidal
ING4101,InglesIV,4,ING410101, Fernanda  Linares
ING4101,InglesIV,4,ING410101, Clara  Soler
ING4101,InglesIV,4,ING410101, Elena  Muñoz
ING4101,InglesIV,4,ING410101, Juliana  Linares
ING4101,InglesIV,4,ING410101, Alejandro  Medina
ING4101,InglesIV,4,ING410101, Andrea  León
ING4101,InglesIV,4,ING410101, Gabriela  Díaz
ING4101,InglesIV,4,ING410101, Matías  Cabrera
ING4101,InglesIV,4,ING410101, Emilio  Molina
ING4101,InglesIV,4,ING410101, Daniela  Ramos
ING4101,InglesIV,4,ING410101, Simón  Blanco
ING4101,InglesIV,4,ING410101, Daniel  Nieto
ING4101,InglesIV,4,ING410101, Benjamín  Aguilar
ING4101,InglesIV,4,ING410101, Catalina  Ortega
ING4101,InglesIV,4,ING410101, Eduardo  Soto
ING4101,InglesIV,4,ING410101, Andrea  Prieto
