Codigo Asignatura,Nombre Asignatura,Nivel,Codigo Curso,Estudiante
ING4101,InglesIV,4,ING410105, Cristóbal  Garrido
ING4101,InglesIV,4,ING410105, Esteban  Nieto
ING4101,InglesIV,4,ING410105, Jennifer  González
ING4101,InglesIV,4,ING410105, Juan Pablo  Soto
ING4101,InglesIV,4,ING410105, Andrés  Vázquez
ING4101,InglesIV,4,ING410105, Alejandra  López
ING4101,InglesIV,4,ING410105, Cristóbal  Peralta
ING4101,InglesIV,4,ING410105, Samuel  Pastor
ING4101,InglesIV,4,ING410105, Paula  Llorente
ING4101,InglesIV,4,ING410105, Isabel  Molina
