Codigo Asignatura,Nombre Asignatura,Nivel,Codigo Curso,Estudiante
ING4101,InglesIV,4,ING410103, Sofía  Ortega
ING4101,InglesIV,4,ING410103, Daniel  Guerra
ING4101,InglesIV,4,ING410103, Catalina  Martínez
ING4101,InglesIV,4,ING410103, Juan  Cabello
ING4101,InglesIV,4,ING410103, Felipe  Cabrera
ING4101,InglesIV,4,ING410103, Ricardo  Cruz
ING4101,InglesIV,4,ING410103, Santiago  Rivas
ING4101,InglesIV,4,ING410103, Mateo  Gómez
ING4101,InglesIV,4,ING410103, Natalia  Cordero
ING4101,InglesIV,4,ING410103, Natalia  Castro
ING4101,InglesIV,4,ING410103, María José  Esteban
ING4101,InglesIV,4,ING410103, Alexander  Fernández
ING4101,InglesIV,4,ING410103, Miguel  Fernández
ING4101,InglesIV,4,ING410103, Daniela  Domínguez
ING4101,InglesIV,4,ING410103, Mariana  Vázquez
ING4101,InglesIV,4,ING410103, Martín  Gómez
ING4101,InglesIV,4,ING410103, Agustín  Romero
ING4101,InglesIV,4,ING410103, Andrea  Carretero
ING4101,InglesIV,4,ING410103, Juan David  Molina
ING4101,InglesIV,4,ING410103, Tomás  Ríos
ING4101,InglesIV,4,ING410103, Adriana  Martínez
ING4101,InglesIV,4,ING410103, Alexander  Ortega
ING4101,InglesIV,4,ING410103, Samantha  Vicente
ING4101,InglesIV,4,ING410103, Carlos  Carmona
ING4101,InglesIV,4,ING410103, Esteban  Vicente
