Codigo Asignatura,Nombre Asignatura,Nivel,Codigo Curso,Estudiante
ING4101,InglesIV,4,ING410102, Andrés  Calvo
ING4101,InglesIV,4,ING410102, Agustín  Sánchez
ING4101,InglesIV,4,ING410102, Lucas  Cortés
ING4101,InglesIV,4,ING410102, Carlos  Gómez
ING4101,InglesIV,4,ING410102, Carlos  Vargas
ING4101,InglesIV,4,ING410102, Mauricio  Cabrera
ING4101,InglesIV,4,ING410102, Antonia  Carmona
ING4101,InglesIV,4,ING410102, Daniela  Santana
ING4101,InglesIV,4,ING410102, Gabriela  Cabrera
ING4101,InglesIV,4,ING410102, Esteban  Abad
ING4101,InglesIV,4,ING410102, Gabriel  Cortés
ING4101,InglesIV,4,ING410102, Francisco  Moya
ING4101,InglesIV,4,ING410102, Nicolás  Amaya
ING4101,InglesIV,4,ING410102, Tomás  González
ING4101,InglesIV,4,ING410102, Camila  Ramos
ING4101,InglesIV,4,ING410102, Natalia  Díaz
ING4101,InglesIV,4,ING410102, Simón  Varela
ING4101,InglesIV,4,ING410102, Luciana  Mesa
ING4101,InglesIV,4,ING410102, Jimena  Serrano
ING4101,InglesIV,4,ING410102, Jennifer  Arias
ING4101,InglesIV,4,ING410102, Elena  Hidalgo
ING4101,InglesIV,4,ING410102, Luciana  Ramos
ING4101,InglesIV,4,ING410102, Santiago  Suárez
ING4101,InglesIV,4,ING410102, Carolina  González
ING4101,InglesIV,4,ING410102, Esteban  Soler
