Codigo Asignatura,Nombre Asignatura,Nivel,Codigo Curso,Estudiante
ING4101,InglesIV,4,ING410104, Daniela  Sánchez
ING4101,InglesIV,4,ING410104, Sebastián  Cruz
ING4101,InglesIV,4,ING410104, Pablo  León
ING4101,InglesIV,4,ING410104, Sara  Pastor
ING4101,InglesIV,4,ING410104, Samuel  Cervantes
ING4101,InglesIV,4,ING410104, Juan Pablo  Herrero
ING4101,InglesIV,4,ING410104, Catalina  Ríos
ING4101,InglesIV,4,ING410104, Andrea  Vidal
ING4101,InglesIV,4,ING410104, Juan José  Castro
ING4101,InglesIV,4,ING410104, Simón  Peralta
ING4101,InglesIV,4,ING410104, Camila  Vicente
ING4101,InglesIV,4,ING410104, Pablo  Pérez
ING4101,InglesIV,4,ING410104, Elena  Cabello
ING4101,InglesIV,4,ING410104, Catalina  Ramírez
ING4101,InglesIV,4,ING410104, Paula  Nieto
ING4101,InglesIV,4,ING410104, Isabel  Miranda
ING4101,InglesIV,4,ING410104, José  Cordero
ING4101,InglesIV,4,ING410104, Leonardo  Linares
ING4101,InglesIV,4,ING410104, Lucas  Cordero
ING4101,InglesIV,4,ING410104, José  Casado
ING4101,InglesIV,4,ING410104, Matías  Castro
ING4101,InglesIV,4,ING410104, Sofía  Gallego
ING4101,InglesIV,4,ING410104, Nicolás  Martínez
ING4101,InglesIV,4,ING410104, Clara  Herrera
ING4101,InglesIV,4,ING410104, Andrea  Peralta
