Codigo Asignatura,Nombre Asignatura,Nivel,Codigo Curso,Estudiante
PRO3301,ProbabilidadeInferenciaEstadistica,3,PRO330103, Manuel  Álvarez
PRO3301,ProbabilidadeInferenciaEstadistica,3,PRO330103, Leonardo  Vargas
PRO3301,ProbabilidadeInferenciaEstadistica,3,PRO330103, Javier  Álvarez
PRO3301,ProbabilidadeInferenciaEstadistica,3,PRO330103, Esteban  Morales
PRO3301,ProbabilidadeInferenciaEstadistica,3,PRO330103, Simón  García
PRO3301,ProbabilidadeInferenciaEstadistica,3,PRO330103, Isabel  Moya
PRO3301,ProbabilidadeInferenciaEstadistica,3,PRO330103, Eduardo  Soto
PRO3301,ProbabilidadeInferenciaEstadistica,3,PRO330103, Valentina  Morales
PRO3301,ProbabilidadeInferenciaEstadistica,3,PRO330103, Isabella  Garrido
PRO3301,ProbabilidadeInferenciaEstadistica,3,PRO330103, Luciana  Arias
PRO3301,ProbabilidadeInferenciaEstadistica,3,PRO330103, Ana  Peralta
PRO3301,ProbabilidadeInferenciaEstadistica,3,PRO330103, Juan David  Ramos
PRO3301,ProbabilidadeInferenciaEstadistica,3,PRO330103, Juliana  Vargas
PRO3301,ProbabilidadeInferenciaEstadistica,3,PRO330103, Lucía  Vega
PRO3301,ProbabilidadeInferenciaEstadistica,3,PRO330103, María José  Robles
PRO3301,ProbabilidadeInferenciaEstadistica,3,PRO330103, Santiago  Alonso
PRO3301,ProbabilidadeInferenciaEstadistica,3,PRO330103, Fernanda  Delgado
PRO3301,ProbabilidadeInferenciaEstadistica,3,PRO330103, Sebastián  Medina
PRO3301,ProbabilidadeInferenciaEstadistica,3,PRO330103, Andrea  Medina
PRO3301,ProbabilidadeInferenciaEstadistica,3,PRO330103, Luciana  Marín
PRO3301,ProbabilidadeInferenciaEstadistica,3,PRO330103, Miguel  Gómez
PRO3301,ProbabilidadeInferenciaEstadistica,3,PRO330103, Daniela  Fernández
PRO3301,ProbabilidadeInferenciaEstadistica,3,PRO330103, Laura  Cervantes
PRO3301,ProbabilidadeInferenciaEstadistica,3,PRO330103, Christian  Prieto
PRO3301,ProbabilidadeInferenciaEstadistica,3,PRO330103, Lucas  Cordero
PRO3301,ProbabilidadeInferenciaEstadistica,3,PRO330103, Esteban  Molina
PRO3301,ProbabilidadeInferenciaEstadistica,3,PRO330103, Catalina  Cabrera
PRO3301,ProbabilidadeInferenciaEstadistica,3,PRO330103, Emma  Aguilar
PRO3301,ProbabilidadeInferenciaEstadistica,3,PRO330103, Samuel  Pastor
PRO3301,ProbabilidadeInferenciaEstadistica,3,PRO330103, Andrés  Ríos
