Codigo Asignatura,Nombre Asignatura,Nivel,Codigo Curso,Estudiante
PRO3301,ProbabilidadeInferenciaEstadistica,3,PRO330104, Sara  Ortega
PRO3301,ProbabilidadeInferenciaEstadistica,3,PRO330104, Leonardo  Torres
PRO3301,ProbabilidadeInferenciaEstadistica,3,PRO330104, Adriana  Varela
PRO3301,ProbabilidadeInferenciaEstadistica,3,PRO330104, Fernanda  Gutiérrez
PRO3301,ProbabilidadeInferenciaEstadistica,3,PRO330104, Gabriel  Esteban
PRO3301,ProbabilidadeInferenciaEstadistica,3,PRO330104, Esteban  Martínez
PRO3301,ProbabilidadeInferenciaEstadistica,3,PRO330104, Santiago  Carretero
PRO3301,ProbabilidadeInferenciaEstadistica,3,PRO330104, Elizabeth  Linares
PRO3301,ProbabilidadeInferenciaEstadistica,3,PRO330104, Antonia  Oliva
PRO3301,ProbabilidadeInferenciaEstadistica,3,PRO330104, David  Cabello
PRO3301,ProbabilidadeInferenciaEstadistica,3,PRO330104, Santiago  Suárez
PRO3301,ProbabilidadeInferenciaEstadistica,3,PRO330104, Luciana  Luque
PRO3301,ProbabilidadeInferenciaEstadistica,3,PRO330104, Valentina  Díaz
PRO3301,ProbabilidadeInferenciaEstadistica,3,PRO330104, Catalina  Cruz
PRO3301,ProbabilidadeInferenciaEstadistica,3,PRO330104, Valentina  Martínez
PRO3301,ProbabilidadeInferenciaEstadistica,3,PRO330104, Lucas  Molina
PRO3301,ProbabilidadeInferenciaEstadistica,3,PRO330104, Jimena  Castro
PRO3301,ProbabilidadeInferenciaEstadistica,3,PRO330104, Simón  Ramos
PRO3301,ProbabilidadeInferenciaEstadistica,3,PRO330104, Mateo  Mesa
PRO3301,ProbabilidadeInferenciaEstadistica,3,PRO330104, Ángel  Casado
PRO3301,ProbabilidadeInferenciaEstadistica,3,PRO330104, Juan  Suárez
PRO3301,ProbabilidadeInferenciaEstadistica,3,PRO330104, Jimena  Serrano
PRO3301,ProbabilidadeInferenciaEstadistica,3,PRO330104, Pablo  Aguilar
PRO3301,ProbabilidadeInferenciaEstadistica,3,PRO330104, Alejandra  Medina
PRO3301,ProbabilidadeInferenciaEstadistica,3,PRO330104, Juan  Cordero
PRO3301,ProbabilidadeInferenciaEstadistica,3,PRO330104, Valentina  Navarro
PRO3301,ProbabilidadeInferenciaEstadistica,3,PRO330104, Emma  Amaya
PRO3301,ProbabilidadeInferenciaEstadistica,3,PRO330104, Christian  Oliva
PRO3301,ProbabilidadeInferenciaEstadistica,3,PRO330104, Isabella  Vargas
PRO3301,ProbabilidadeInferenciaEstadistica,3,PRO330104, Catalina  Peralta
