Codigo Asignatura,Nombre Asignatura,Nivel,Codigo Curso,Estudiante
PRO3301,ProbabilidadeInferenciaEstadistica,3,PRO330102, Isabella  Rodríguez
PRO3301,ProbabilidadeInferenciaEstadistica,3,PRO330102, Benjamín  León
PRO3301,ProbabilidadeInferenciaEstadistica,3,PRO330102, José  Hidalgo
PRO3301,ProbabilidadeInferenciaEstadistica,3,PRO330102, Andrés  González
PRO3301,ProbabilidadeInferenciaEstadistica,3,PRO330102, Luciana  González
PRO3301,ProbabilidadeInferenciaEstadistica,3,PRO330102, Carolina  Gallego
PRO3301,ProbabilidadeInferenciaEstadistica,3,PRO330102, Catalina  López
PRO3301,ProbabilidadeInferenciaEstadistica,3,PRO330102, Daniel  Ferrer
PRO3301,ProbabilidadeInferenciaEstadistica,3,PRO330102, Juan  Ramos
PRO3301,ProbabilidadeInferenciaEstadistica,3,PRO330102, Juliana  Soto
PRO3301,ProbabilidadeInferenciaEstadistica,3,PRO330102, Eduardo  Calvo
PRO3301,ProbabilidadeInferenciaEstadistica,3,PRO330102, Juan  Vázquez
PRO3301,ProbabilidadeInferenciaEstadistica,3,PRO330102, Valentina  Carmona
PRO3301,ProbabilidadeInferenciaEstadistica,3,PRO330102, María  Ochoa
PRO3301,ProbabilidadeInferenciaEstadistica,3,PRO330102, Ana  Alonso
PRO3301,ProbabilidadeInferenciaEstadistica,3,PRO330102, Emily  Molina
PRO3301,ProbabilidadeInferenciaEstadistica,3,PRO330102, Juan  Castro
PRO3301,ProbabilidadeInferenciaEstadistica,3,PRO330102, Felipe  Domínguez
PRO3301,ProbabilidadeInferenciaEstadistica,3,PRO330102, Carlos  Gómez
PRO3301,ProbabilidadeInferenciaEstadistica,3,PRO330102, Valentina  Marín
PRO3301,ProbabilidadeInferenciaEstadistica,3,PRO330102, Andrea  Vidal
PRO3301,ProbabilidadeInferenciaEstadistica,3,PRO330102, Esteban  Abad
PRO3301,ProbabilidadeInferenciaEstadistica,3,PRO330102, Samantha  Llorente
PRO3301,ProbabilidadeInferenciaEstadistica,3,PRO330102, Tomás  Soler
PRO3301,ProbabilidadeInferenciaEstadistica,3,PRO330102, Benjamín  Ruiz
PRO3301,ProbabilidadeInferenciaEstadistica,3,PRO330102, Matías  Luque
PRO3301,ProbabilidadeInferenciaEstadistica,3,PRO330102, Mateo  Gómez
PRO3301,ProbabilidadeInferenciaEstadistica,3,PRO330102, Natalia  Pascual
PRO3301,ProbabilidadeInferenciaEstadistica,3,PRO330102, Alejandra  García
PRO3301,ProbabilidadeInferenciaEstadistica,3,PRO330102, Alejandra  Cruz
