Codigo Asignatura,Nombre Asignatura,Nivel,Codigo Curso,Estudiante
PRO3301,ProbabilidadeInferenciaEstadistica,3,PRO330101, Elena  Fernández
PRO3301,ProbabilidadeInferenciaEstadistica,3,PRO330101, Isabella  Delgado
PRO3301,ProbabilidadeInferenciaEstadistica,3,PRO330101, Carlos  Peralta
PRO3301,ProbabilidadeInferenciaEstadistica,3,PRO330101, Jennifer  Arias
PRO3301,ProbabilidadeInferenciaEstadistica,3,PRO330101, Leonardo  Guerra
PRO3301,ProbabilidadeInferenciaEstadistica,3,PRO330101, Juliana  Linares
PRO3301,ProbabilidadeInferenciaEstadistica,3,PRO330101, Daniel  Pérez
PRO3301,ProbabilidadeInferenciaEstadistica,3,PRO330101, Ángel  Miranda
PRO3301,ProbabilidadeInferenciaEstadistica,3,PRO330101, Gabriel  Amaya
PRO3301,ProbabilidadeInferenciaEstadistica,3,PRO330101, Gabriela  Cordero
PRO3301,ProbabilidadeInferenciaEstadistica,3,PRO330101, Daniela  Robles
PRO3301,ProbabilidadeInferenciaEstadistica,3,PRO330101, David  Robles
PRO3301,ProbabilidadeInferenciaEstadistica,3,PRO330101, Emma  Carretero
PRO3301,ProbabilidadeInferenciaEstadistica,3,PRO330101, Alejandro  Rodríguez
PRO3301,ProbabilidadeInferenciaEstadistica,3,PRO330101, Samantha  Cortés
PRO3301,ProbabilidadeInferenciaEstadistica,3,PRO330101, Simón  Gómez
PRO3301,ProbabilidadeInferenciaEstadistica,3,PRO330101, Natalia  Alonso
PRO3301,ProbabilidadeInferenciaEstadistica,3,PRO330101, Andrés  Vega
PRO3301,ProbabilidadeInferenciaEstadistica,3,PRO330101, Catalina  Ortega
PRO3301,ProbabilidadeInferenciaEstadistica,3,PRO330101, Elena  Blanco
PRO3301,ProbabilidadeInferenciaEstadistica,3,PRO330101, Tomás  García
PRO3301,ProbabilidadeInferenciaEstadistica,3,PRO330101, Andrés  Serrano
PRO3301,ProbabilidadeInferenciaEstadistica,3,PRO330101, Simón  Aguilar
PRO3301,ProbabilidadeInferenciaEstadistica,3,PRO330101, Jennifer  Correa
PRO3301,ProbabilidadeInferenciaEstadistica,3,PRO330101, Fernanda  Molina
PRO3301,ProbabilidadeInferenciaEstadistica,3,PRO330101, Santiago  Vázquez
PRO3301,ProbabilidadeInferenciaEstadistica,3,PRO330101, Juan David  Molina
PRO3301,ProbabilidadeInferenciaEstadistica,3,PRO330101, Tomás  Navarro
PRO3301,ProbabilidadeInferenciaEstadistica,3,PRO330101, Lucas  Pérez
PRO3301,ProbabilidadeInferenciaEstadistica,3,PRO330101, Juan  Luque
