Codigo Asignatura,Nombre Asignatura,Nivel,Codigo Curso,Estudiante
PRO5301,ProcesosEstocasticosyAnalisisdeDecision,5,PRO530104, Samantha  Garrido
PRO5301,ProcesosEstocasticosyAnalisisdeDecision,5,PRO530104, Marcela  Cortés
PRO5301,ProcesosEstocasticosyAnalisisdeDecision,5,PRO530104, Daniel  Pérez
PRO5301,ProcesosEstocasticosyAnalisisdeDecision,5,PRO530104, Jennifer  Alonso
PRO5301,ProcesosEstocasticosyAnalisisdeDecision,5,PRO530104, Martín  Pastor
PRO5301,ProcesosEstocasticosyAnalisisdeDecision,5,PRO530104, Jennifer  Amaya
PRO5301,ProcesosEstocasticosyAnalisisdeDecision,5,PRO530104, Alexander  Ortega
PRO5301,ProcesosEstocasticosyAnalisisdeDecision,5,PRO530104, Sara  Ortiz
PRO5301,ProcesosEstocasticosyAnalisisdeDecision,5,PRO530104, Santiago  Prieto
PRO5301,ProcesosEstocasticosyAnalisisdeDecision,5,PRO530104, Clara  Herrera
PRO5301,ProcesosEstocasticosyAnalisisdeDecision,5,PRO530104, Isabella  González
PRO5301,ProcesosEstocasticosyAnalisisdeDecision,5,PRO530104, Alexander  Vidal
PRO5301,ProcesosEstocasticosyAnalisisdeDecision,5,PRO530104, Felipe  Domínguez
PRO5301,ProcesosEstocasticosyAnalisisdeDecision,5,PRO530104, Alejandra  Torres
PRO5301,ProcesosEstocasticosyAnalisisdeDecision,5,PRO530104, Juan David  Gil
PRO5301,ProcesosEstocasticosyAnalisisdeDecision,5,PRO530104, Antonia  Herrera
PRO5301,ProcesosEstocasticosyAnalisisdeDecision,5,PRO530104, Natalia  Hidalgo
PRO5301,ProcesosEstocasticosyAnalisisdeDecision,5,PRO530104, Ricardo  Cabello
PRO5301,ProcesosEstocasticosyAnalisisdeDecision,5,PRO530104, Lucas  Serrano
PRO5301,ProcesosEstocasticosyAnalisisdeDecision,5,PRO530104, Victoria  Varela
PRO5301,ProcesosEstocasticosyAnalisisdeDecision,5,PRO530104, Catalina  Martínez
PRO5301,ProcesosEstocasticosyAnalisisdeDecision,5,PRO530104, Andrea  López
PRO5301,ProcesosEstocasticosyAnalisisdeDecision,5,PRO530104, Alejandra  Aguilar
PRO5301,ProcesosEstocasticosyAnalisisdeDecision,5,PRO530104, Alejandra  Peralta
PRO5301,ProcesosEstocasticosyAnalisisdeDecision,5,PRO530104, Jennifer  Arias
