Codigo Asignatura,Nombre Asignatura,Nivel,Codigo Curso,Estudiante
PRO5301,ProcesosEstocasticosyAnalisisdeDecision,5,PRO530101, Isabella  Marín
PRO5301,ProcesosEstocasticosyAnalisisdeDecision,5,PRO530101, Juan José  Abad
PRO5301,ProcesosEstocasticosyAnalisisdeDecision,5,PRO530101, Carolina  Robles
PRO5301,ProcesosEstocasticosyAnalisisdeDecision,5,PRO530101, Samuel  Cervantes
PRO5301,ProcesosEstocasticosyAnalisisdeDecision,5,PRO530101, Esteban  Varela
PRO5301,ProcesosEstocasticosyAnalisisdeDecision,5,PRO530101, Paula  Suárez
PRO5301,ProcesosEstocasticosyAnalisisdeDecision,5,PRO530101, Andrés  Alonso
PRO5301,ProcesosEstocasticosyAnalisisdeDecision,5,PRO530101, Manuel  Guerrero
PRO5301,ProcesosEstocasticosyAnalisisdeDecision,5,PRO530101, Juan David  Ochoa
PRO5301,ProcesosEstocasticosyAnalisisdeDecision,5,PRO530101, Daniel  León
PRO5301,ProcesosEstocasticosyAnalisisdeDecision,5,PRO530101, Isabella  Navarro
PRO5301,ProcesosEstocasticosyAnalisisdeDecision,5,PRO530101, Leonardo  Torres
PRO5301,ProcesosEstocasticosyAnalisisdeDecision,5,PRO530101, Natalia  Molina
PRO5301,ProcesosEstocasticosyAnalisisdeDecision,5,PRO530101, Juan  Luque
PRO5301,ProcesosEstocasticosyAnalisisdeDecision,5,PRO530101, Andrés  González
PRO5301,ProcesosEstocasticosyAnalisisdeDecision,5,PRO530101, Tomás  Muñoz
PRO5301,ProcesosEstocasticosyAnalisisdeDecision,5,PRO530101, Pablo  Prieto
PRO5301,ProcesosEstocasticosyAnalisisdeDecision,5,PRO530101, Francisco  Moya
PRO5301,ProcesosEstocasticosyAnalisisdeDecision,5,PRO530101, Simón  García
PRO5301,ProcesosEstocasticosyAnalisisdeDecision,5,PRO530101, Leonardo  Guerra
PRO5301,ProcesosEstocasticosyAnalisisdeDecision,5,PRO530101, Sebastián  Carmona
PRO5301,ProcesosEstocasticosyAnalisisdeDecision,5,PRO530101, Andrea  Suárez
PRO5301,ProcesosEstocasticosyAnalisisdeDecision,5,PRO530101, Camila  Peralta
PRO5301,ProcesosEstocasticosyAnalisisdeDecision,5,PRO530101, Antonia  Nieto
PRO5301,ProcesosEstocasticosyAnalisisdeDecision,5,PRO530101, Juan  Cordero
