Codigo Asignatura,Nombre Asignatura,Nivel,Codigo Curso,Estudiante
PRO5301,ProcesosEstocasticosyAnalisisdeDecision,5,PRO530103, Martín  Casado
PRO5301,ProcesosEstocasticosyAnalisisdeDecision,5,PRO530103, Esteban  Nieto
PRO5301,ProcesosEstocasticosyAnalisisdeDecision,5,PRO530103, Gabriel  Gil
PRO5301,ProcesosEstocasticosyAnalisisdeDecision,5,PRO530103, Sebastián  Alonso
PRO5301,ProcesosEstocasticosyAnalisisdeDecision,5,PRO530103, Elizabeth  Garrido
PRO5301,ProcesosEstocasticosyAnalisisdeDecision,5,PRO530103, Alejandro  Ortega
PRO5301,ProcesosEstocasticosyAnalisisdeDecision,5,PRO530103, Antonia  Gil
PRO5301,ProcesosEstocasticosyAnalisisdeDecision,5,PRO530103, Emilio  Suárez
PRO5301,ProcesosEstocasticosyAnalisisdeDecision,5,PRO530103, Matías  Cabrera
PRO5301,ProcesosEstocasticosyAnalisisdeDecision,5,PRO530103, Adriana  Fernández
PRO5301,ProcesosEstocasticosyAnalisisdeDecision,5,PRO530103, Miguel  Sánchez
PRO5301,ProcesosEstocasticosyAnalisisdeDecision,5,PRO530103, Adriana  Mesa
PRO5301,ProcesosEstocasticosyAnalisisdeDecision,5,PRO530103, José  Hidalgo
PRO5301,ProcesosEstocasticosyAnalisisdeDecision,5,PRO530103, Matías  Ríos
PRO5301,ProcesosEstocasticosyAnalisisdeDecision,5,PRO530103, Valeria  Molina
PRO5301,ProcesosEstocasticosyAnalisisdeDecision,5,PRO530103, Mariana  García
PRO5301,ProcesosEstocasticosyAnalisisdeDecision,5,PRO530103, Mariana  Cordero
PRO5301,ProcesosEstocasticosyAnalisisdeDecision,5,PRO530103, Carlos  Gómez
PRO5301,ProcesosEstocasticosyAnalisisdeDecision,5,PRO530103, Alejandro  Benítez
PRO5301,ProcesosEstocasticosyAnalisisdeDecision,5,PRO530103, María  Correa
PRO5301,ProcesosEstocasticosyAnalisisdeDecision,5,PRO530103, Camila  Bravo
PRO5301,ProcesosEstocasticosyAnalisisdeDecision,5,PRO530103, Valentina  Fernández
PRO5301,ProcesosEstocasticosyAnalisisdeDecision,5,PRO530103, Alejandra  Llorente
PRO5301,ProcesosEstocasticosyAnalisisdeDecision,5,PRO530103, Emily  Romero
PRO5301,ProcesosEstocasticosyAnalisisdeDecision,5,PRO530103, Catalina  López
