Codigo Asignatura,Nombre Asignatura,Nivel,Codigo Curso,Estudiante
PRO5301,ProcesosEstocasticosyAnalisisdeDecision,5,PRO530102, Catalina  Rubio
PRO5301,ProcesosEstocasticosyAnalisisdeDecision,5,PRO530102, Emily  Rivas
PRO5301,ProcesosEstocasticosyAnalisisdeDecision,5,PRO530102, Paula  Vargas
PRO5301,ProcesosEstocasticosyAnalisisdeDecision,5,PRO530102, Pablo  Guerra
PRO5301,ProcesosEstocasticosyAnalisisdeDecision,5,PRO530102, Eduardo  Pascual
PRO5301,ProcesosEstocasticosyAnalisisdeDecision,5,PRO530102, Andrea  Carretero
PRO5301,ProcesosEstocasticosyAnalisisdeDecision,5,PRO530102, Lucía  Moreno
PRO5301,ProcesosEstocasticosyAnalisisdeDecision,5,PRO530102, Tomás  Hidalgo
PRO5301,ProcesosEstocasticosyAnalisisdeDecision,5,PRO530102, Samuel  Pastor
PRO5301,ProcesosEstocasticosyAnalisisdeDecision,5,PRO530102, Agustín  Gallego
PRO5301,ProcesosEstocasticosyAnalisisdeDecision,5,PRO530102, Gabriela  Moreno
PRO5301,ProcesosEstocasticosyAnalisisdeDecision,5,PRO530102, Alejandra  Vidal
PRO5301,ProcesosEstocasticosyAnalisisdeDecision,5,PRO530102, Alejandra  García
PRO5301,ProcesosEstocasticosyAnalisisdeDecision,5,PRO530102, Santiago  Bravo
PRO5301,ProcesosEstocasticosyAnalisisdeDecision,5,PRO530102, Andrés  Herrera
PRO5301,ProcesosEstocasticosyAnalisisdeDecision,5,PRO530102, Valentina  Bravo
PRO5301,ProcesosEstocasticosyAnalisisdeDecision,5,PRO530102, Diego  Ortega
PRO5301,ProcesosEstocasticosyAnalisisdeDecision,5,PRO530102, Marcela  Abad
PRO5301,ProcesosEstocasticosyAnalisisdeDecision,5,PRO530102, Agustín  Linares
PRO5301,ProcesosEstocasticosyAnalisisdeDecision,5,PRO530102, Andrea  Correa
PRO5301,ProcesosEstocasticosyAnalisisdeDecision,5,PRO530102, Daniela  Muñoz
PRO5301,ProcesosEstocasticosyAnalisisdeDecision,5,PRO530102, Sara  Molina
PRO5301,ProcesosEstocasticosyAnalisisdeDecision,5,PRO530102, Alejandro  Alonso
PRO5301,ProcesosEstocasticosyAnalisisdeDecision,5,PRO530102, José  Cruz
PRO5301,ProcesosEstocasticosyAnalisisdeDecision,5,PRO530102, Emily  Ortiz
