Codigo Asignatura,Nombre Asignatura,Nivel,Codigo Curso,Estudiante
LEC1301,Lectoescritura,1,LEC130103, Juan  Ramos
LEC1301,Lectoescritura,1,LEC130103, Simón  Medina
LEC1301,Lectoescritura,1,LEC130103, Daniel  Ferrer
LEC1301,Lectoescritura,1,LEC130103, Gabriela  Díaz
LEC1301,Lectoescritura,1,LEC130103, Sofía  Nieto
LEC1301,Lectoescritura,1,LEC130103, Ricardo  Alonso
LEC1301,Lectoescritura,1,LEC130103, Matías  Ríos
LEC1301,Lectoescritura,1,LEC130103, Mauricio  Gil
LEC1301,Lectoescritura,1,LEC130103, Manuel  Molina
LEC1301,Lectoescritura,1,LEC130103, Carlos  Herrero
LEC1301,Lectoescritura,1,LEC130103, Esteban  Suárez
LEC1301,Lectoescritura,1,LEC130103, Juan Pablo  Calvo
LEC1301,Lectoescritura,1,LEC130103, Alejandro  Alonso
LEC1301,Lectoescritura,1,LEC130103, Camila  Álvarez
LEC1301,Lectoescritura,1,LEC130103, Esteban  Morales
LEC1301,Lectoescritura,1,LEC130103, Jennifer  Miranda
LEC1301,Lectoescritura,1,LEC130103, Manuel  Morales
LEC1301,Lectoescritura,1,LEC130103, Miguel  Cabello
LEC1301,Lectoescritura,1,LEC130103, Emily  Rivas
LEC1301,Lectoescritura,1,LEC130103, Esteban  Molina
LEC1301,Lectoescritura,1,LEC130103, Isabella  Ortega
LEC1301,Lectoescritura,1,LEC130103, Emily  Molina
LEC1301,Lectoescritura,1,LEC130103, Carolina  Cordero
LEC1301,Lectoescritura,1,LEC130103, Juan  Ramírez
LEC1301,Lectoescritura,1,LEC130103, Juan  Arias
LEC1301,Lectoescritura,1,LEC130103, Natalia  Hidalgo
LEC1301,Lectoescritura,1,LEC130103, Antonella  Ochoa
LEC1301,Lectoescritura,1,LEC130103, Santiago  Cortés
LEC1301,Lectoescritura,1,LEC130103, Leonardo  Linares
LEC1301,Lectoescritura,1,LEC130103, Francisco  Gil
