Codigo Asignatura,Nombre Asignatura,Nivel,Codigo Curso,Estudiante
LEC1301,Lectoescritura,1,LEC130105, Simón  Domínguez
LEC1301,Lectoescritura,1,LEC130105, Paula  Suárez
LEC1301,Lectoescritura,1,LEC130105, Mateo  Gallego
LEC1301,Lectoescritura,1,LEC130105, Daniela  Vargas
LEC1301,Lectoescritura,1,LEC130105, Lucas  Cortés
LEC1301,Lectoescritura,1,LEC130105, Francisco  Bravo
LEC1301,Lectoescritura,1,LEC130105, Mariana  Benítez
LEC1301,Lectoescritura,1,LEC130105, Ana  Miranda
LEC1301,Lectoescritura,1,LEC130105, Luciana  Ramos
LEC1301,Lectoescritura,1,LEC130105, Sofia  Ramos
LEC1301,Lectoescritura,1,LEC130105, Esteban  Ortega
LEC1301,Lectoescritura,1,LEC130105, Esteban  Martínez
LEC1301,Lectoescritura,1,LEC130105, Paula  García
LEC1301,Lectoescritura,1,LEC130105, Clara  Ortega
LEC1301,Lectoescritura,1,LEC130105, Juan Pablo  Ramos
LEC1301,Lectoescritura,1,LEC130105, Nicolás  Amaya
LEC1301,Lectoescritura,1,LEC130105, Gabriela  Vicente
LEC1301,Lectoescritura,1,LEC130105, Francisco  Ruiz
LEC1301,Lectoescritura,1,LEC130105, Gabriel  Pastor
LEC1301,Lectoescritura,1,LEC130105, Matías  Vicente
