Codigo Asignatura,Nombre Asignatura,Nivel,Codigo Curso,Estudiante
LEC1301,Lectoescritura,1,LEC130104, Tomás  Correa
LEC1301,Lectoescritura,1,LEC130104, Pablo  León
LEC1301,Lectoescritura,1,LEC130104, Valentina  Fernández
LEC1301,Lectoescritura,1,LEC130104, Nicolás  Ríos
LEC1301,Lectoescritura,1,LEC130104, Daniela  Ramos
LEC1301,Lectoescritura,1,LEC130104, Alexander  Moreno
LEC1301,Lectoescritura,1,LEC130104, Valentina  Ramos
LEC1301,Lectoescritura,1,LEC130104, Lucas  Lucas
LEC1301,Lectoescritura,1,LEC130104, Lucas  Arias
LEC1301,Lectoescritura,1,LEC130104, Lucas  Cordero
LEC1301,Lectoescritura,1,LEC130104, Clara  Castro
LEC1301,Lectoescritura,1,LEC130104, Luciana  Luque
LEC1301,Lectoescritura,1,LEC130104, Samuel  Navarro
LEC1301,Lectoescritura,1,LEC130104, Matías  Calvo
LEC1301,Lectoescritura,1,LEC130104, Catalina  León
LEC1301,Lectoescritura,1,LEC130104, Andrés  Oliva
LEC1301,Lectoescritura,1,LEC130104, Lucas  Díaz
LEC1301,Lectoescritura,1,LEC130104, Andrés  Rodríguez
LEC1301,Lectoescritura,1,LEC130104, Samuel  Ochoa
LEC1301,Lectoescritura,1,LEC130104, Camila  Peralta
LEC1301,Lectoescritura,1,LEC130104, Paula  Vidal
LEC1301,Lectoescritura,1,LEC130104, Tomás  Ramírez
LEC1301,Lectoescritura,1,LEC130104, Cristóbal  Peralta
LEC1301,Lectoescritura,1,LEC130104, Esteban  Luque
LEC1301,Lectoescritura,1,LEC130104, Eduardo  Calvo
LEC1301,Lectoescritura,1,LEC130104, Benjamín  Aguilar
LEC1301,Lectoescritura,1,LEC130104, Marcela  Vicente
LEC1301,Lectoescritura,1,LEC130104, Esteban  Varela
LEC1301,Lectoescritura,1,LEC130104, Jennifer  Arias
LEC1301,Lectoescritura,1,LEC130104, Catalina  Calvo
