Codigo Asignatura,Nombre Asignatura,Nivel,Codigo Curso,Estudiante
LEC1301,Lectoescritura,1,LEC130102, David  Vidal
LEC1301,Lectoescritura,1,LEC130102, Catalina  Ramos
LEC1301,Lectoescritura,1,LEC130102, Luciana  Pastor
LEC1301,Lectoescritura,1,LEC130102, Juan David  Torres
LEC1301,Lectoescritura,1,LEC130102, Laura  Gil
LEC1301,Lectoescritura,1,LEC130102, Mariana  Marín
LEC1301,Lectoescritura,1,LEC130102, Isabella  Miranda
LEC1301,Lectoescritura,1,LEC130102, Tomás  Oliva
LEC1301,Lectoescritura,1,LEC130102, Mauricio  Mesa
LEC1301,Lectoescritura,1,LEC130102, Clara  Soler
LEC1301,Lectoescritura,1,LEC130102, Andrés  Suárez
LEC1301,Lectoescritura,1,LEC130102, Emily  Romero
LEC1301,Lectoescritura,1,LEC130102, Antonia  Iglesias
LEC1301,Lectoescritura,1,LEC130102, Gabriela  Cordero
LEC1301,Lectoescritura,1,LEC130102, Laura  Carmona
LEC1301,Lectoescritura,1,LEC130102, Mauricio  Hidalgo
LEC1301,Lectoescritura,1,LEC130102, Valentina  Prieto
LEC1301,Lectoescritura,1,LEC130102, Sebastián  Amaya
LEC1301,Lectoescritura,1,LEC130102, Catalina  Marín
LEC1301,Lectoescritura,1,LEC130102, Javier  Mesa
LEC1301,Lectoescritura,1,LEC130102, Daniela  Blanco
LEC1301,Lectoescritura,1,LEC130102, Pablo  Moya
LEC1301,Lectoescritura,1,LEC130102, Valentina  Arias
LEC1301,Lectoescritura,1,LEC130102, Adriana  López
LEC1301,Lectoescritura,1,LEC130102, Luciana  Mesa
LEC1301,Lectoescritura,1,LEC130102, Andrés  Álvarez
LEC1301,Lectoescritura,1,LEC130102, Matías  Llorente
LEC1301,Lectoescritura,1,LEC130102, Nicolás  Moreno
LEC1301,Lectoescritura,1,LEC130102, Natalia  Guerrero
LEC1301,Lectoescritura,1,LEC130102, Marcela  Ramos
