Codigo Asignatura,Nombre Asignatura,Nivel,Codigo Curso,Estudiante
LEC1301,Lectoescritura,1,LEC130101, Catalina  Garrido
LEC1301,Lectoescritura,1,LEC130101, Jennifer  Torres
LEC1301,Lectoescritura,1,LEC130101, Antonia  Sánchez
LEC1301,Lectoescritura,1,LEC130101, Pablo  Ochoa
LEC1301,Lectoescritura,1,LEC130101, Samantha  Vicente
LEC1301,Lectoescritura,1,LEC130101, Pablo  Luque
LEC1301,Lectoescritura,1,LEC130101, Cristóbal  Garrido
LEC1301,Lectoescritura,1,LEC130101, Valentina  Bravo
LEC1301,Lectoescritura,1,LEC130101, Mariana  Abad
LEC1301,Lectoescritura,1,LEC130101, Daniela  Álvarez
LEC1301,Lectoescritura,1,LEC130101, Simón  Cervantes
LEC1301,Lectoescritura,1,LEC130101, Diego  Miranda
LEC1301,Lectoescritura,1,LEC130101, Andrés  Herrero
LEC1301,Lectoescritura,1,LEC130101, Tomás  Muñoz
LEC1301,Lectoescritura,1,LEC130101, Gabriela  Cabrera
LEC1301,Lectoescritura,1,LEC130101, Agustín  Sánchez
LEC1301,Lectoescritura,1,LEC130101, Tomás  Suárez
LEC1301,Lectoescritura,1,LEC130101, Mateo  Llorente
LEC1301,Lectoescritura,1,LEC130101, Paula  Llorente
LEC1301,Lectoescritura,1,LEC130101, Sofia  Herrero
LEC1301,Lectoescritura,1,LEC130101, José  Martínez
LEC1301,Lectoescritura,1,LEC130101, Jennifer  Amaya
LEC1301,Lectoescritura,1,LEC130101, Diego  Ortega
LEC1301,Lectoescritura,1,LEC130101, Javier  Ramos
LEC1301,Lectoescritura,1,LEC130101, David  Cortés
LEC1301,Lectoescritura,1,LEC130101, Antonella  Molina
LEC1301,Lectoescritura,1,LEC130101, José  Nieto
LEC1301,Lectoescritura,1,LEC130101, Manuel  Moreno
LEC1301,Lectoescritura,1,LEC130101, Isabel  Domínguez
LEC1301,Lectoescritura,1,LEC130101, Nicolás  Peralta
