Codigo Asignatura,Nombre Asignatura,Nivel,Codigo Curso,Estudiante
INT1101,IntroduccionalaIngenieriaIndustrial,1,INT110103, Juan  Ramos
INT1101,IntroduccionalaIngenieriaIndustrial,1,INT110103, Simón  Medina
INT1101,IntroduccionalaIngenieriaIndustrial,1,INT110103, Daniel  Ferrer
INT1101,IntroduccionalaIngenieriaIndustrial,1,INT110103, Gabriela  Díaz
INT1101,IntroduccionalaIngenieriaIndustrial,1,INT110103, Sofía  Nieto
INT1101,IntroduccionalaIngenieriaIndustrial,1,INT110103, Ricardo  Alonso
INT1101,IntroduccionalaIngenieriaIndustrial,1,INT110103, Matías  Ríos
INT1101,IntroduccionalaIngenieriaIndustrial,1,INT110103, Mauricio  Gil
INT1101,IntroduccionalaIngenieriaIndustrial,1,INT110103, Manuel  Molina
INT1101,IntroduccionalaIngenieriaIndustrial,1,INT110103, Carlos  Herrero
INT1101,IntroduccionalaIngenieriaIndustrial,1,INT110103, Esteban  Suárez
INT1101,IntroduccionalaIngenieriaIndustrial,1,INT110103, Juan Pablo  Calvo
INT1101,IntroduccionalaIngenieriaIndustrial,1,INT110103, Alejandro  Alonso
INT1101,IntroduccionalaIngenieriaIndustrial,1,INT110103, Camila  Álvarez
INT1101,IntroduccionalaIngenieriaIndustrial,1,INT110103, Esteban  Morales
INT1101,IntroduccionalaIngenieriaIndustrial,1,INT110103, Jennifer  Miranda
INT1101,IntroduccionalaIngenieriaIndustrial,1,INT110103, Manuel  Morales
INT1101,IntroduccionalaIngenieriaIndustrial,1,INT110103, Miguel  Cabello
INT1101,IntroduccionalaIngenieriaIndustrial,1,INT110103, Emily  Rivas
INT1101,IntroduccionalaIngenieriaIndustrial,1,INT110103, Esteban  Molina
INT1101,IntroduccionalaIngenieriaIndustrial,1,INT110103, Isabella  Ortega
INT1101,IntroduccionalaIngenieriaIndustrial,1,INT110103, Emily  Molina
INT1101,IntroduccionalaIngenieriaIndustrial,1,INT110103, Carolina  Cordero
INT1101,IntroduccionalaIngenieriaIndustrial,1,INT110103, Juan  Ramírez
INT1101,IntroduccionalaIngenieriaIndustrial,1,INT110103, Juan  Arias
INT1101,IntroduccionalaIngenieriaIndustrial,1,INT110103, Natalia  Hidalgo
INT1101,IntroduccionalaIngenieriaIndustrial,1,INT110103, Antonella  Ochoa
INT1101,IntroduccionalaIngenieriaIndustrial,1,INT110103, Santiago  Cortés
INT1101,IntroduccionalaIngenieriaIndustrial,1,INT110103, Leonardo  Linares
INT1101,IntroduccionalaIngenieriaIndustrial,1,INT110103, Francisco  Gil
