Codigo Asignatura,Nombre Asignatura,Nivel,Codigo Curso,Estudiante
INT1101,IntroduccionalaIngenieriaIndustrial,1,INT110101, Catalina  Garrido
INT1101,IntroduccionalaIngenieriaIndustrial,1,INT110101, Jennifer  Torres
INT1101,IntroduccionalaIngenieriaIndustrial,1,INT110101, Antonia  Sánchez
INT1101,IntroduccionalaIngenieriaIndustrial,1,INT110101, Pablo  Ochoa
INT1101,IntroduccionalaIngenieriaIndustrial,1,INT110101, Samantha  Vicente
INT1101,IntroduccionalaIngenieriaIndustrial,1,INT110101, Pablo  Luque
INT1101,IntroduccionalaIngenieriaIndustrial,1,INT110101, Cristóbal  Garrido
INT1101,IntroduccionalaIngenieriaIndustrial,1,INT110101, Valentina  Bravo
INT1101,IntroduccionalaIngenieriaIndustrial,1,INT110101, Mariana  Abad
INT1101,IntroduccionalaIngenieriaIndustrial,1,INT110101, Daniela  Álvarez
INT1101,IntroduccionalaIngenieriaIndustrial,1,INT110101, Simón  Cervantes
INT1101,IntroduccionalaIngenieriaIndustrial,1,INT110101, Diego  Miranda
INT1101,IntroduccionalaIngenieriaIndustrial,1,INT110101, Andrés  Herrero
INT1101,IntroduccionalaIngenieriaIndustrial,1,INT110101, Tomás  Muñoz
INT1101,IntroduccionalaIngenieriaIndustrial,1,INT110101, Gabriela  Cabrera
INT1101,IntroduccionalaIngenieriaIndustrial,1,INT110101, Agustín  Sánchez
INT1101,IntroduccionalaIngenieriaIndustrial,1,INT110101, Tomás  Suárez
INT1101,IntroduccionalaIngenieriaIndustrial,1,INT110101, Mateo  Llorente
INT1101,IntroduccionalaIngenieriaIndustrial,1,INT110101, Paula  Llorente
INT1101,IntroduccionalaIngenieriaIndustrial,1,INT110101, Sofia  Herrero
INT1101,IntroduccionalaIngenieriaIndustrial,1,INT110101, José  Martínez
INT1101,IntroduccionalaIngenieriaIndustrial,1,INT110101, Jennifer  Amaya
INT1101,IntroduccionalaIngenieriaIndustrial,1,INT110101, Diego  Ortega
INT1101,IntroduccionalaIngenieriaIndustrial,1,INT110101, Javier  Ramos
INT1101,IntroduccionalaIngenieriaIndustrial,1,INT110101, David  Cortés
INT1101,IntroduccionalaIngenieriaIndustrial,1,INT110101, Antonella  Molina
INT1101,IntroduccionalaIngenieriaIndustrial,1,INT110101, José  Nieto
INT1101,IntroduccionalaIngenieriaIndustrial,1,INT110101, Manuel  Moreno
INT1101,IntroduccionalaIngenieriaIndustrial,1,INT110101, Isabel  Domínguez
INT1101,IntroduccionalaIngenieriaIndustrial,1,INT110101, Nicolás  Peralta
