Codigo Asignatura,Nombre Asignatura,Nivel,Codigo Curso,Estudiante
INT1101,IntroduccionalaIngenieriaIndustrial,1,INT110104, Tomás  Correa
INT1101,IntroduccionalaIngenieriaIndustrial,1,INT110104, Pablo  León
INT1101,IntroduccionalaIngenieriaIndustrial,1,INT110104, Valentina  Fernández
INT1101,IntroduccionalaIngenieriaIndustrial,1,INT110104, Nicolás  Ríos
INT1101,IntroduccionalaIngenieriaIndustrial,1,INT110104, Daniela  Ramos
INT1101,IntroduccionalaIngenieriaIndustrial,1,INT110104, Alexander  Moreno
INT1101,IntroduccionalaIngenieriaIndustrial,1,INT110104, Valentina  Ramos
INT1101,IntroduccionalaIngenieriaIndustrial,1,INT110104, Lucas  Lucas
INT1101,IntroduccionalaIngenieriaIndustrial,1,INT110104, Lucas  Arias
INT1101,IntroduccionalaIngenieriaIndustrial,1,INT110104, Lucas  Cordero
INT1101,IntroduccionalaIngenieriaIndustrial,1,INT110104, Clara  Castro
INT1101,IntroduccionalaIngenieriaIndustrial,1,INT110104, Luciana  Luque
INT1101,IntroduccionalaIngenieriaIndustrial,1,INT110104, Samuel  Navarro
INT1101,IntroduccionalaIngenieriaIndustrial,1,INT110104, Matías  Calvo
INT1101,IntroduccionalaIngenieriaIndustrial,1,INT110104, Catalina  León
INT1101,IntroduccionalaIngenieriaIndustrial,1,INT110104, Andrés  Oliva
INT1101,IntroduccionalaIngenieriaIndustrial,1,INT110104, Lucas  Díaz
INT1101,IntroduccionalaIngenieriaIndustrial,1,INT110104, Andrés  Rodríguez
INT1101,IntroduccionalaIngenieriaIndustrial,1,INT110104, Samuel  Ochoa
INT1101,IntroduccionalaIngenieriaIndustrial,1,INT110104, Camila  Peralta
INT1101,IntroduccionalaIngenieriaIndustrial,1,INT110104, Paula  Vidal
INT1101,IntroduccionalaIngenieriaIndustrial,1,INT110104, Tomás  Ramírez
INT1101,IntroduccionalaIngenieriaIndustrial,1,INT110104, Cristóbal  Peralta
INT1101,IntroduccionalaIngenieriaIndustrial,1,INT110104, Esteban  Luque
INT1101,IntroduccionalaIngenieriaIndustrial,1,INT110104, Eduardo  Calvo
INT1101,IntroduccionalaIngenieriaIndustrial,1,INT110104, Benjamín  Aguilar
INT1101,IntroduccionalaIngenieriaIndustrial,1,INT110104, Marcela  Vicente
INT1101,IntroduccionalaIngenieriaIndustrial,1,INT110104, Esteban  Varela
INT1101,IntroduccionalaIngenieriaIndustrial,1,INT110104, Jennifer  Arias
INT1101,IntroduccionalaIngenieriaIndustrial,1,INT110104, Catalina  Calvo
