Codigo Asignatura,Nombre Asignatura,Nivel,Codigo Curso,Estudiante
INT1101,IntroduccionalaIngenieriaIndustrial,1,INT110105, Simón  Domínguez
INT1101,IntroduccionalaIngenieriaIndustrial,1,INT110105, Paula  Suárez
INT1101,IntroduccionalaIngenieriaIndustrial,1,INT110105, Mateo  Gallego
INT1101,IntroduccionalaIngenieriaIndustrial,1,INT110105, Daniela  Vargas
INT1101,IntroduccionalaIngenieriaIndustrial,1,INT110105, Lucas  Cortés
INT1101,IntroduccionalaIngenieriaIndustrial,1,INT110105, Francisco  Bravo
INT1101,IntroduccionalaIngenieriaIndustrial,1,INT110105, Mariana  Benítez
INT1101,IntroduccionalaIngenieriaIndustrial,1,INT110105, Ana  Miranda
INT1101,IntroduccionalaIngenieriaIndustrial,1,INT110105, Luciana  Ramos
INT1101,IntroduccionalaIngenieriaIndustrial,1,INT110105, Sofia  Ramos
INT1101,IntroduccionalaIngenieriaIndustrial,1,INT110105, Esteban  Ortega
INT1101,IntroduccionalaIngenieriaIndustrial,1,INT110105, Esteban  Martínez
INT1101,IntroduccionalaIngenieriaIndustrial,1,INT110105, Paula  García
INT1101,IntroduccionalaIngenieriaIndustrial,1,INT110105, Clara  Ortega
INT1101,IntroduccionalaIngenieriaIndustrial,1,INT110105, Juan Pablo  Ramos
INT1101,IntroduccionalaIngenieriaIndustrial,1,INT110105, Nicolás  Amaya
INT1101,IntroduccionalaIngenieriaIndustrial,1,INT110105, Gabriela  Vicente
INT1101,IntroduccionalaIngenieriaIndustrial,1,INT110105, Francisco  Ruiz
INT1101,IntroduccionalaIngenieriaIndustrial,1,INT110105, Gabriel  Pastor
INT1101,IntroduccionalaIngenieriaIndustrial,1,INT110105, Matías  Vicente
