Codigo Asignatura,Nombre Asignatura,Nivel,Codigo Curso,Estudiante
INT1101,IntroduccionalaIngenieriaIndustrial,1,INT110102, David  Vidal
INT1101,IntroduccionalaIngenieriaIndustrial,1,INT110102, Catalina  Ramos
INT1101,IntroduccionalaIngenieriaIndustrial,1,INT110102, Luciana  Pastor
INT1101,IntroduccionalaIngenieriaIndustrial,1,INT110102, Juan David  Torres
INT1101,IntroduccionalaIngenieriaIndustrial,1,INT110102, Laura  Gil
INT1101,IntroduccionalaIngenieriaIndustrial,1,INT110102, Mariana  Marín
INT1101,IntroduccionalaIngenieriaIndustrial,1,INT110102, Isabella  Miranda
INT1101,IntroduccionalaIngenieriaIndustrial,1,INT110102, Tomás  Oliva
INT1101,IntroduccionalaIngenieriaIndustrial,1,INT110102, Mauricio  Mesa
INT1101,IntroduccionalaIngenieriaIndustrial,1,INT110102, Clara  Soler
INT1101,IntroduccionalaIngenieriaIndustrial,1,INT110102, Andrés  Suárez
INT1101,IntroduccionalaIngenieriaIndustrial,1,INT110102, Emily  Romero
INT1101,IntroduccionalaIngenieriaIndustrial,1,INT110102, Antonia  Iglesias
INT1101,IntroduccionalaIngenieriaIndustrial,1,INT110102, Gabriela  Cordero
INT1101,IntroduccionalaIngenieriaIndustrial,1,INT110102, Laura  Carmona
INT1101,IntroduccionalaIngenieriaIndustrial,1,INT110102, Mauricio  Hidalgo
INT1101,IntroduccionalaIngenieriaIndustrial,1,INT110102, Valentina  Prieto
INT1101,IntroduccionalaIngenieriaIndustrial,1,INT110102, Sebastián  Amaya
INT1101,IntroduccionalaIngenieriaIndustrial,1,INT110102, Catalina  Marín
INT1101,IntroduccionalaIngenieriaIndustrial,1,INT110102, Javier  Mesa
INT1101,IntroduccionalaIngenieriaIndustrial,1,INT110102, Daniela  Blanco
INT1101,IntroduccionalaIngenieriaIndustrial,1,INT110102, Pablo  Moya
INT1101,IntroduccionalaIngenieriaIndustrial,1,INT110102, Valentina  Arias
INT1101,IntroduccionalaIngenieriaIndustrial,1,INT110102, Adriana  López
INT1101,IntroduccionalaIngenieriaIndustrial,1,INT110102, Luciana  Mesa
INT1101,IntroduccionalaIngenieriaIndustrial,1,INT110102, Andrés  Álvarez
INT1101,IntroduccionalaIngenieriaIndustrial,1,INT110102, Matías  Llorente
INT1101,IntroduccionalaIngenieriaIndustrial,1,INT110102, Nicolás  Moreno
INT1101,IntroduccionalaIngenieriaIndustrial,1,INT110102, Natalia  Guerrero
INT1101,IntroduccionalaIngenieriaIndustrial,1,INT110102, Marcela  Ramos
