Codigo Asignatura,Nombre Asignatura,Nivel,Codigo Curso,Estudiante
NOR6301,NormalizacionyControldelaCalidad,6,NOR630101, Natalia  Domínguez
NOR6301,NormalizacionyControldelaCalidad,6,NOR630101, Marcela  García
NOR6301,NormalizacionyControldelaCalidad,6,NOR630101, Santiago  Correa
NOR6301,NormalizacionyControldelaCalidad,6,NOR630101, Elena  Torres
NOR6301,NormalizacionyControldelaCalidad,6,NOR630101, Mauricio  Gil
NOR6301,NormalizacionyControldelaCalidad,6,NOR630101, Leonardo  Herrero
NOR6301,NormalizacionyControldelaCalidad,6,NOR630101, Andrés  Carmona
NOR6301,NormalizacionyControldelaCalidad,6,NOR630101, Juliana  Vargas
NOR6301,NormalizacionyControldelaCalidad,6,NOR630101, Benjamín  López
NOR6301,NormalizacionyControldelaCalidad,6,NOR630101, Juliana  Bravo
NOR6301,NormalizacionyControldelaCalidad,6,NOR630101, Juan Pablo  Ríos
NOR6301,NormalizacionyControldelaCalidad,6,NOR630101, Alejandra  Torres
NOR6301,NormalizacionyControldelaCalidad,6,NOR630101, Isabella  Serrano
NOR6301,NormalizacionyControldelaCalidad,6,NOR630101, Mauricio  Rubio
NOR6301,NormalizacionyControldelaCalidad,6,NOR630101, Mariana  Ferrer
NOR6301,NormalizacionyControldelaCalidad,6,NOR630101, Ángel  Vicente
NOR6301,NormalizacionyControldelaCalidad,6,NOR630101, Sebastián  Carmona
NOR6301,NormalizacionyControldelaCalidad,6,NOR630101, Daniela  Blanco
NOR6301,NormalizacionyControldelaCalidad,6,NOR630101, Simón  Muñoz
NOR6301,NormalizacionyControldelaCalidad,6,NOR630101, Manuel  Álvarez
NOR6301,NormalizacionyControldelaCalidad,6,NOR630101, Diego  Esteban
NOR6301,NormalizacionyControldelaCalidad,6,NOR630101, Mateo  Morales
NOR6301,NormalizacionyControldelaCalidad,6,NOR630101, Esteban  Muñoz
NOR6301,NormalizacionyControldelaCalidad,6,NOR630101, Andrea  Llorente
NOR6301,NormalizacionyControldelaCalidad,6,NOR630101, Luciana  Herrero
