Codigo Asignatura,Nombre Asignatura,Nivel,Codigo Curso,Estudiante
NOR6301,NormalizacionyControldelaCalidad,6,NOR630104, Fernanda  Gutiérrez
NOR6301,NormalizacionyControldelaCalidad,6,NOR630104, Christian  Casado
NOR6301,NormalizacionyControldelaCalidad,6,NOR630104, Simón  Linares
NOR6301,NormalizacionyControldelaCalidad,6,NOR630104, Tomás  Vicente
NOR6301,NormalizacionyControldelaCalidad,6,NOR630104, Nicolás  Martínez
NOR6301,NormalizacionyControldelaCalidad,6,NOR630104, Carlos  Amaya
NOR6301,NormalizacionyControldelaCalidad,6,NOR630104, Benjamín  Suárez
NOR6301,NormalizacionyControldelaCalidad,6,NOR630104, Samuel  González
NOR6301,NormalizacionyControldelaCalidad,6,NOR630104, Jimena  Suárez
NOR6301,NormalizacionyControldelaCalidad,6,NOR630104, Pablo  Iglesias
NOR6301,NormalizacionyControldelaCalidad,6,NOR630104, Clara  Herrera
NOR6301,NormalizacionyControldelaCalidad,6,NOR630104, Emma  Amaya
NOR6301,NormalizacionyControldelaCalidad,6,NOR630104, Tomás  Cruz
NOR6301,NormalizacionyControldelaCalidad,6,NOR630104, Juan David  Rivas
NOR6301,NormalizacionyControldelaCalidad,6,NOR630104, Luciana  Luque
NOR6301,NormalizacionyControldelaCalidad,6,NOR630104, Esteban  Abad
NOR6301,NormalizacionyControldelaCalidad,6,NOR630104, Catalina  Miranda
NOR6301,NormalizacionyControldelaCalidad,6,NOR630104, Matías  Rodríguez
NOR6301,NormalizacionyControldelaCalidad,6,NOR630104, Andrés  Rodríguez
NOR6301,NormalizacionyControldelaCalidad,6,NOR630104, Tomás  Nieto
NOR6301,NormalizacionyControldelaCalidad,6,NOR630104, Mariana  Herrera
NOR6301,NormalizacionyControldelaCalidad,6,NOR630104, Agustín  Linares
NOR6301,NormalizacionyControldelaCalidad,6,NOR630104, Mateo  Abad
NOR6301,NormalizacionyControldelaCalidad,6,NOR630104, Emily  Herrera
NOR6301,NormalizacionyControldelaCalidad,6,NOR630104, Gabriela  Guerra
