Codigo Asignatura,Nombre Asignatura,Nivel,Codigo Curso,Estudiante
NOR6301,NormalizacionyControldelaCalidad,6,NOR630103, Tomás  Ferrer
NOR6301,NormalizacionyControldelaCalidad,6,NOR630103, Catalina  Ríos
NOR6301,NormalizacionyControldelaCalidad,6,NOR630103, Daniela  Vargas
NOR6301,NormalizacionyControldelaCalidad,6,NOR630103, Clara  Castro
NOR6301,NormalizacionyControldelaCalidad,6,NOR630103, Emma  Aguilar
NOR6301,NormalizacionyControldelaCalidad,6,NOR630103, Victoria  Ortiz
NOR6301,NormalizacionyControldelaCalidad,6,NOR630103, Simón  Moya
NOR6301,NormalizacionyControldelaCalidad,6,NOR630103, Nicolás  Medina
NOR6301,NormalizacionyControldelaCalidad,6,NOR630103, Santiago  González
NOR6301,NormalizacionyControldelaCalidad,6,NOR630103, David  Cabello
NOR6301,NormalizacionyControldelaCalidad,6,NOR630103, Andrés  Castro
NOR6301,NormalizacionyControldelaCalidad,6,NOR630103, Agustín  Gallego
NOR6301,NormalizacionyControldelaCalidad,6,NOR630103, Juan Pablo  Ortega
NOR6301,NormalizacionyControldelaCalidad,6,NOR630103, Nicolás  Hidalgo
NOR6301,NormalizacionyControldelaCalidad,6,NOR630103, Sebastián  Gil
NOR6301,NormalizacionyControldelaCalidad,6,NOR630103, Luciana  Ortega
NOR6301,NormalizacionyControldelaCalidad,6,NOR630103, Adriana  Varela
NOR6301,NormalizacionyControldelaCalidad,6,NOR630103, Diego  Castro
NOR6301,NormalizacionyControldelaCalidad,6,NOR630103, Juan David  Alonso
NOR6301,NormalizacionyControldelaCalidad,6,NOR630103, Camila  Peralta
NOR6301,NormalizacionyControldelaCalidad,6,NOR630103, Mateo  Cordero
NOR6301,NormalizacionyControldelaCalidad,6,NOR630103, Agustín  Vicente
NOR6301,NormalizacionyControldelaCalidad,6,NOR630103, Elena  Muñoz
NOR6301,NormalizacionyControldelaCalidad,6,NOR630103, Daniela  Marín
NOR6301,NormalizacionyControldelaCalidad,6,NOR630103, Alexander  Ortega
