Codigo Asignatura,Nombre Asignatura,Nivel,Codigo Curso,Estudiante
NOR6301,NormalizacionyControldelaCalidad,6,NOR630102, Ángel  Calvo
NOR6301,NormalizacionyControldelaCalidad,6,NOR630102, Miguel  González
NOR6301,NormalizacionyControldelaCalidad,6,NOR630102, José  Casado
NOR6301,NormalizacionyControldelaCalidad,6,NOR630102, Antonia  Reyes
NOR6301,NormalizacionyControldelaCalidad,6,NOR630102, Samantha  Vidal
NOR6301,NormalizacionyControldelaCalidad,6,NOR630102, Sebastián  Calvo
NOR6301,NormalizacionyControldelaCalidad,6,NOR630102, Miguel  Cabello
NOR6301,NormalizacionyControldelaCalidad,6,NOR630102, Sebastián  González
NOR6301,NormalizacionyControldelaCalidad,6,NOR630102, Daniel  Morales
NOR6301,NormalizacionyControldelaCalidad,6,NOR630102, Pablo  González
NOR6301,NormalizacionyControldelaCalidad,6,NOR630102, Sara  Ortiz
NOR6301,NormalizacionyControldelaCalidad,6,NOR630102, Catalina  Castro
NOR6301,NormalizacionyControldelaCalidad,6,NOR630102, Simón  Ortiz
NOR6301,NormalizacionyControldelaCalidad,6,NOR630102, Jimena  Castro
NOR6301,NormalizacionyControldelaCalidad,6,NOR630102, Isabella  Esteban
NOR6301,NormalizacionyControldelaCalidad,6,NOR630102, Valentina  Marín
NOR6301,NormalizacionyControldelaCalidad,6,NOR630102, Tomás  Hidalgo
NOR6301,NormalizacionyControldelaCalidad,6,NOR630102, Mariana  Reyes
NOR6301,NormalizacionyControldelaCalidad,6,NOR630102, Paula  Robles
NOR6301,NormalizacionyControldelaCalidad,6,NOR630102, Valentina  Fernández
NOR6301,NormalizacionyControldelaCalidad,6,NOR630102, Elena  Ríos
NOR6301,NormalizacionyControldelaCalidad,6,NOR630102, Esteban  Molina
NOR6301,NormalizacionyControldelaCalidad,6,NOR630102, Ana  Sánchez
NOR6301,NormalizacionyControldelaCalidad,6,NOR630102, Ricardo  Ríos
NOR6301,NormalizacionyControldelaCalidad,6,NOR630102, Agustín  Alonso
