Codigo Asignatura,Nombre Asignatura,Nivel,Codigo Curso,Estudiante
MUE5301,MuestreoySeriesdeTiempo,5,MUE530101, Isabella  Marín
MUE5301,MuestreoySeriesdeTiempo,5,MUE530101, Juan José  Abad
MUE5301,MuestreoySeriesdeTiempo,5,MUE530101, Carolina  Robles
MUE5301,MuestreoySeriesdeTiempo,5,MUE530101, Samuel  Cervantes
MUE5301,MuestreoySeriesdeTiempo,5,MUE530101, Esteban  Varela
MUE5301,MuestreoySeriesdeTiempo,5,MUE530101, Paula  Suárez
MUE5301,MuestreoySeriesdeTiempo,5,MUE530101, Andrés  Alonso
MUE5301,MuestreoySeriesdeTiempo,5,MUE530101, Manuel  Guerrero
MUE5301,MuestreoySeriesdeTiempo,5,MUE530101, Juan David  Ochoa
MUE5301,MuestreoySeriesdeTiempo,5,MUE530101, Daniel  León
MUE5301,MuestreoySeriesdeTiempo,5,MUE530101, Isabella  Navarro
MUE5301,MuestreoySeriesdeTiempo,5,MUE530101, Leonardo  Torres
MUE5301,MuestreoySeriesdeTiempo,5,MUE530101, Natalia  Molina
MUE5301,MuestreoySeriesdeTiempo,5,MUE530101, Juan  Luque
MUE5301,MuestreoySeriesdeTiempo,5,MUE530101, Andrés  González
MUE5301,MuestreoySeriesdeTiempo,5,MUE530101, Tomás  Muñoz
MUE5301,MuestreoySeriesdeTiempo,5,MUE530101, Pablo  Prieto
MUE5301,MuestreoySeriesdeTiempo,5,MUE530101, Francisco  Moya
MUE5301,MuestreoySeriesdeTiempo,5,MUE530101, Simón  García
MUE5301,MuestreoySeriesdeTiempo,5,MUE530101, Leonardo  Guerra
MUE5301,MuestreoySeriesdeTiempo,5,MUE530101, Sebastián  Carmona
MUE5301,MuestreoySeriesdeTiempo,5,MUE530101, Andrea  Suárez
MUE5301,MuestreoySeriesdeTiempo,5,MUE530101, Camila  Peralta
MUE5301,MuestreoySeriesdeTiempo,5,MUE530101, Antonia  Nieto
MUE5301,MuestreoySeriesdeTiempo,5,MUE530101, Juan  Cordero
