Codigo Asignatura,Nombre Asignatura,Nivel,Codigo Curso,Estudiante
MUE5301,MuestreoySeriesdeTiempo,5,MUE530102, Catalina  Rubio
MUE5301,MuestreoySeriesdeTiempo,5,MUE530102, Emily  Rivas
MUE5301,MuestreoySeriesdeTiempo,5,MUE530102, Paula  Vargas
MUE5301,MuestreoySeriesdeTiempo,5,MUE530102, Pablo  Guerra
MUE5301,MuestreoySeriesdeTiempo,5,MUE530102, Eduardo  Pascual
MUE5301,MuestreoySeriesdeTiempo,5,MUE530102, Andrea  Carretero
MUE5301,MuestreoySeriesdeTiempo,5,MUE530102, Lucía  Moreno
MUE5301,MuestreoySeriesdeTiempo,5,MUE530102, Tomás  Hidalgo
MUE5301,MuestreoySeriesdeTiempo,5,MUE530102, Samuel  Pastor
MUE5301,MuestreoySeriesdeTiempo,5,MUE530102, Agustín  Gallego
MUE5301,MuestreoySeriesdeTiempo,5,MUE530102, Gabriela  Moreno
MUE5301,MuestreoySeriesdeTiempo,5,MUE530102, Alejandra  Vidal
MUE5301,MuestreoySeriesdeTiempo,5,MUE530102, Alejandra  García
MUE5301,MuestreoySeriesdeTiempo,5,MUE530102, Santiago  Bravo
MUE5301,MuestreoySeriesdeTiempo,5,MUE530102, Andrés  Herrera
MUE5301,MuestreoySeriesdeTiempo,5,MUE530102, Valentina  Bravo
MUE5301,MuestreoySeriesdeTiempo,5,MUE530102, Diego  Ortega
MUE5301,MuestreoySeriesdeTiempo,5,MUE530102, Marcela  Abad
MUE5301,MuestreoySeriesdeTiempo,5,MUE530102, Agustín  Linares
MUE5301,MuestreoySeriesdeTiempo,5,MUE530102, Andrea  Correa
MUE5301,MuestreoySeriesdeTiempo,5,MUE530102, Daniela  Muñoz
MUE5301,MuestreoySeriesdeTiempo,5,MUE530102, Sara  Molina
MUE5301,MuestreoySeriesdeTiempo,5,MUE530102, Alejandro  Alonso
MUE5301,MuestreoySeriesdeTiempo,5,MUE530102, José  Cruz
MUE5301,MuestreoySeriesdeTiempo,5,MUE530102, Emily  Ortiz
