Codigo Asignatura,Nombre Asignatura,Nivel,Codigo Curso,Estudiante
MUE5301,MuestreoySeriesdeTiempo,5,MUE530104, Samantha  Garrido
MUE5301,MuestreoySeriesdeTiempo,5,MUE530104, Marcela  Cortés
MUE5301,MuestreoySeriesdeTiempo,5,MUE530104, Daniel  Pérez
MUE5301,MuestreoySeriesdeTiempo,5,MUE530104, Jennifer  Alonso
MUE5301,MuestreoySeriesdeTiempo,5,MUE530104, Martín  Pastor
MUE5301,MuestreoySeriesdeTiempo,5,MUE530104, Jennifer  Amaya
MUE5301,MuestreoySeriesdeTiempo,5,MUE530104, Alexander  Ortega
MUE5301,MuestreoySeriesdeTiempo,5,MUE530104, Sara  Ortiz
MUE5301,MuestreoySeriesdeTiempo,5,MUE530104, Santiago  Prieto
MUE5301,MuestreoySeriesdeTiempo,5,MUE530104, Clara  Herrera
MUE5301,MuestreoySeriesdeTiempo,5,MUE530104, Isabella  González
MUE5301,MuestreoySeriesdeTiempo,5,MUE530104, Alexander  Vidal
MUE5301,MuestreoySeriesdeTiempo,5,MUE530104, Felipe  Domínguez
MUE5301,MuestreoySeriesdeTiempo,5,MUE530104, Alejandra  Torres
MUE5301,MuestreoySeriesdeTiempo,5,MUE530104, Juan David  Gil
MUE5301,MuestreoySeriesdeTiempo,5,MUE530104, Antonia  Herrera
MUE5301,MuestreoySeriesdeTiempo,5,MUE530104, Natalia  Hidalgo
MUE5301,MuestreoySeriesdeTiempo,5,MUE530104, Ricardo  Cabello
MUE5301,MuestreoySeriesdeTiempo,5,MUE530104, Lucas  Serrano
MUE5301,MuestreoySeriesdeTiempo,5,MUE530104, Victoria  Varela
MUE5301,MuestreoySeriesdeTiempo,5,MUE530104, Catalina  Martínez
MUE5301,MuestreoySeriesdeTiempo,5,MUE530104, Andrea  López
MUE5301,MuestreoySeriesdeTiempo,5,MUE530104, Alejandra  Aguilar
MUE5301,MuestreoySeriesdeTiempo,5,MUE530104, Alejandra  Peralta
MUE5301,MuestreoySeriesdeTiempo,5,MUE530104, Jennifer  Arias
