Codigo Asignatura,Nombre Asignatura,Nivel,Codigo Curso,Estudiante
MUE5301,MuestreoySeriesdeTiempo,5,MUE530103, Martín  Casado
MUE5301,MuestreoySeriesdeTiempo,5,MUE530103, Esteban  Nieto
MUE5301,MuestreoySeriesdeTiempo,5,MUE530103, Gabriel  Gil
MUE5301,MuestreoySeriesdeTiempo,5,MUE530103, Sebastián  Alonso
MUE5301,MuestreoySeriesdeTiempo,5,MUE530103, Elizabeth  Garrido
MUE5301,MuestreoySeriesdeTiempo,5,MUE530103, Alejandro  Ortega
MUE5301,MuestreoySeriesdeTiempo,5,MUE530103, Antonia  Gil
MUE5301,MuestreoySeriesdeTiempo,5,MUE530103, Emilio  Suárez
MUE5301,MuestreoySeriesdeTiempo,5,MUE530103, Matías  Cabrera
MUE5301,MuestreoySeriesdeTiempo,5,MUE530103, Adriana  Fernández
MUE5301,MuestreoySeriesdeTiempo,5,MUE530103, Miguel  Sánchez
MUE5301,MuestreoySeriesdeTiempo,5,MUE530103, Adriana  Mesa
MUE5301,MuestreoySeriesdeTiempo,5,MUE530103, José  Hidalgo
MUE5301,MuestreoySeriesdeTiempo,5,MUE530103, Matías  Ríos
MUE5301,MuestreoySeriesdeTiempo,5,MUE530103, Valeria  Molina
MUE5301,MuestreoySeriesdeTiempo,5,MUE530103, Mariana  García
MUE5301,MuestreoySeriesdeTiempo,5,MUE530103, Mariana  Cordero
MUE5301,MuestreoySeriesdeTiempo,5,MUE530103, Carlos  Gómez
MUE5301,MuestreoySeriesdeTiempo,5,MUE530103, Alejandro  Benítez
MUE5301,MuestreoySeriesdeTiempo,5,MUE530103, María  Correa
MUE5301,MuestreoySeriesdeTiempo,5,MUE530103, Camila  Bravo
MUE5301,MuestreoySeriesdeTiempo,5,MUE530103, Valentina  Fernández
MUE5301,MuestreoySeriesdeTiempo,5,MUE530103, Alejandra  Llorente
MUE5301,MuestreoySeriesdeTiempo,5,MUE530103, Emily  Romero
MUE5301,MuestreoySeriesdeTiempo,5,MUE530103, Catalina  López
