Codigo Asignatura,Nombre Asignatura,Nivel,Codigo Curso,Estudiante
GES6301,GestionTecnologica,6,GES630101, Natalia  Domínguez
GES6301,GestionTecnologica,6,GES630101, Marcela  García
GES6301,GestionTecnologica,6,GES630101, Santiago  Correa
GES6301,GestionTecnologica,6,GES630101, Elena  Torres
GES6301,GestionTecnologica,6,GES630101, Mauricio  Gil
GES6301,GestionTecnologica,6,GES630101, Leonardo  Herrero
GES6301,GestionTecnologica,6,GES630101, Andrés  Carmona
GES6301,GestionTecnologica,6,GES630101, Juliana  Vargas
GES6301,GestionTecnologica,6,GES630101, Benjamín  López
GES6301,GestionTecnologica,6,GES630101, Juliana  Bravo
GES6301,GestionTecnologica,6,GES630101, Juan Pablo  Ríos
GES6301,GestionTecnologica,6,GES630101, Alejandra  Torres
GES6301,GestionTecnologica,6,GES630101, Isabella  Serrano
GES6301,GestionTecnologica,6,GES630101, Mauricio  Rubio
GES6301,GestionTecnologica,6,GES630101, Mariana  Ferrer
GES6301,GestionTecnologica,6,GES630101, Ángel  Vicente
GES6301,GestionTecnologica,6,GES630101, Sebastián  Carmona
GES6301,GestionTecnologica,6,GES630101, Daniela  Blanco
GES6301,GestionTecnologica,6,GES630101, Simón  Muñoz
GES6301,GestionTecnologica,6,GES630101, Manuel  Álvarez
GES6301,GestionTecnologica,6,GES630101, Diego  Esteban
GES6301,GestionTecnologica,6,GES630101, Mateo  Morales
GES6301,GestionTecnologica,6,GES630101, Esteban  Muñoz
GES6301,GestionTecnologica,6,GES630101, Andrea  Llorente
GES6301,GestionTecnologica,6,GES630101, Luciana  Herrero
