Codigo Asignatura,Nombre Asignatura,Nivel,Codigo Curso,Estudiante
GES6301,GestionTecnologica,6,GES630103, Tomás  Ferrer
GES6301,GestionTecnologica,6,GES630103, Catalina  Ríos
GES6301,GestionTecnologica,6,GES630103, Daniela  Vargas
GES6301,GestionTecnologica,6,GES630103, Clara  Castro
GES6301,GestionTecnologica,6,GES630103, Emma  Aguilar
GES6301,GestionTecnologica,6,GES630103, Victoria  Ortiz
GES6301,GestionTecnologica,6,GES630103, Simón  Moya
GES6301,GestionTecnologica,6,GES630103, Nicolás  Medina
GES6301,GestionTecnologica,6,GES630103, Santiago  González
GES6301,GestionTecnologica,6,GES630103, David  Cabello
GES6301,GestionTecnologica,6,GES630103, Andrés  Castro
GES6301,GestionTecnologica,6,GES630103, Agustín  Gallego
GES6301,GestionTecnologica,6,GES630103, Juan Pablo  Ortega
GES6301,GestionTecnologica,6,GES630103, Nicolás  Hidalgo
GES6301,GestionTecnologica,6,GES630103, Sebastián  Gil
GES6301,GestionTecnologica,6,GES630103, Luciana  Ortega
GES6301,GestionTecnologica,6,GES630103, Adriana  Varela
GES6301,GestionTecnologica,6,GES630103, Diego  Castro
GES6301,GestionTecnologica,6,GES630103, Juan David  Alonso
GES6301,GestionTecnologica,6,GES630103, Camila  Peralta
GES6301,GestionTecnologica,6,GES630103, Mateo  Cordero
GES6301,GestionTecnologica,6,GES630103, Agustín  Vicente
GES6301,GestionTecnologica,6,GES630103, Elena  Muñoz
GES6301,GestionTecnologica,6,GES630103, Daniela  Marín
GES6301,GestionTecnologica,6,GES630103, Alexander  Ortega
