Codigo Asignatura,Nombre Asignatura,Nivel,Codigo Curso,Estudiante
GES6301,GestionTecnologica,6,GES630104, Fernanda  Gutiérrez
GES6301,GestionTecnologica,6,GES630104, Christian  Casado
GES6301,GestionTecnologica,6,GES630104, Simón  Linares
GES6301,GestionTecnologica,6,GES630104, Tomás  Vicente
GES6301,GestionTecnologica,6,GES630104, Nicolás  Martínez
GES6301,GestionTecnologica,6,GES630104, Carlos  Amaya
GES6301,GestionTecnologica,6,GES630104, Benjamín  Suárez
GES6301,GestionTecnologica,6,GES630104, Samuel  González
GES6301,GestionTecnologica,6,GES630104, Jimena  Suárez
GES6301,GestionTecnologica,6,GES630104, Pablo  Iglesias
GES6301,GestionTecnologica,6,GES630104, Clara  Herrera
GES6301,GestionTecnologica,6,GES630104, Emma  Amaya
GES6301,GestionTecnologica,6,GES630104, Tomás  Cruz
GES6301,GestionTecnologica,6,GES630104, Juan David  Rivas
GES6301,GestionTecnologica,6,GES630104, Luciana  Luque
GES6301,GestionTecnologica,6,GES630104, Esteban  Abad
GES6301,GestionTecnologica,6,GES630104, Catalina  Miranda
GES6301,GestionTecnologica,6,GES630104, Matías  Rodríguez
GES6301,GestionTecnologica,6,GES630104, Andrés  Rodríguez
GES6301,GestionTecnologica,6,GES630104, Tomás  Nieto
GES6301,GestionTecnologica,6,GES630104, Mariana  Herrera
GES6301,GestionTecnologica,6,GES630104, Agustín  Linares
GES6301,GestionTecnologica,6,GES630104, Mateo  Abad
GES6301,GestionTecnologica,6,GES630104, Emily  Herrera
GES6301,GestionTecnologica,6,GES630104, Gabriela  Guerra
