Codigo Asignatura,Nombre Asignatura,Nivel,Codigo Curso,Estudiante
GES6301,GestionTecnologica,6,GES630102, Ángel  Calvo
GES6301,GestionTecnologica,6,GES630102, Miguel  González
GES6301,GestionTecnologica,6,GES630102, José  Casado
GES6301,GestionTecnologica,6,GES630102, Antonia  Reyes
GES6301,GestionTecnologica,6,GES630102, Samantha  Vidal
GES6301,GestionTecnologica,6,GES630102, Sebastián  Calvo
GES6301,GestionTecnologica,6,GES630102, Miguel  Cabello
GES6301,GestionTecnologica,6,GES630102, Sebastián  González
GES6301,GestionTecnologica,6,GES630102, Daniel  Morales
GES6301,GestionTecnologica,6,GES630102, Pablo  González
GES6301,GestionTecnologica,6,GES630102, Sara  Ortiz
GES6301,GestionTecnologica,6,GES630102, Catalina  Castro
GES6301,GestionTecnologica,6,GES630102, Simón  Ortiz
GES6301,GestionTecnologica,6,GES630102, Jimena  Castro
GES6301,GestionTecnologica,6,GES630102, Isabella  Esteban
GES6301,GestionTecnologica,6,GES630102, Valentina  Marín
GES6301,GestionTecnologica,6,GES630102, Tomás  Hidalgo
GES6301,GestionTecnologica,6,GES630102, Mariana  Reyes
GES6301,GestionTecnologica,6,GES630102, Paula  Robles
GES6301,GestionTecnologica,6,GES630102, Valentina  Fernández
GES6301,GestionTecnologica,6,GES630102, Elena  Ríos
GES6301,GestionTecnologica,6,GES630102, Esteban  Molina
GES6301,GestionTecnologica,6,GES630102, Ana  Sánchez
GES6301,GestionTecnologica,6,GES630102, Ricardo  Ríos
GES6301,GestionTecnologica,6,GES630102, Agustín  Alonso
