Codigo Asignatura,Nombre Asignatura,Nivel,Codigo Curso,Estudiante
ELE4301,ElectivaenFisica,4,ELE430105, Cristóbal  Garrido
ELE4301,ElectivaenFisica,4,ELE430105, Esteban  Nieto
ELE4301,ElectivaenFisica,4,ELE430105, Jennifer  González
ELE4301,ElectivaenFisica,4,ELE430105, Juan Pablo  Soto
ELE4301,ElectivaenFisica,4,ELE430105, Andrés  Vázquez
ELE4301,ElectivaenFisica,4,ELE430105, Alejandra  López
ELE4301,ElectivaenFisica,4,ELE430105, Cristóbal  Peralta
ELE4301,ElectivaenFisica,4,ELE430105, Samuel  Pastor
ELE4301,ElectivaenFisica,4,ELE430105, Paula  Llorente
ELE4301,ElectivaenFisica,4,ELE430105, Isabel  Molina
