Codigo Asignatura,Nombre Asignatura,Nivel,Codigo Curso,Estudiante
ELE4301,ElectivaenFisica,4,ELE430101, Isabella  Pascual
ELE4301,ElectivaenFisica,4,ELE430101, Samantha  Garrido
ELE4301,ElectivaenFisica,4,ELE430101, Victoria  Ortiz
ELE4301,ElectivaenFisica,4,ELE430101, Andrés  Linares
ELE4301,ElectivaenFisica,4,ELE430101, Tomás  Hidalgo
ELE4301,ElectivaenFisica,4,ELE430101, Tomás  Oliva
ELE4301,ElectivaenFisica,4,ELE430101, Emilio  Delgado
ELE4301,ElectivaenFisica,4,ELE430101, Gabriela  Cordero
ELE4301,ElectivaenFisica,4,ELE430101, Juan David  Vidal
ELE4301,ElectivaenFisica,4,ELE430101, Fernanda  Linares
ELE4301,ElectivaenFisica,4,ELE430101, Clara  Soler
ELE4301,ElectivaenFisica,4,ELE430101, Elena  Muñoz
ELE4301,ElectivaenFisica,4,ELE430101, Juliana  Linares
ELE4301,ElectivaenFisica,4,ELE430101, Alejandro  Medina
ELE4301,ElectivaenFisica,4,ELE430101, Andrea  León
ELE4301,ElectivaenFisica,4,ELE430101, Gabriela  Díaz
ELE4301,ElectivaenFisica,4,ELE430101, Matías  Cabrera
ELE4301,ElectivaenFisica,4,ELE430101, Emilio  Molina
ELE4301,ElectivaenFisica,4,ELE430101, Daniela  Ramos
ELE4301,ElectivaenFisica,4,ELE430101, Simón  Blanco
ELE4301,ElectivaenFisica,4,ELE430101, Daniel  Nieto
ELE4301,ElectivaenFisica,4,ELE430101, Benjamín  Aguilar
ELE4301,ElectivaenFisica,4,ELE430101, Catalina  Ortega
ELE4301,ElectivaenFisica,4,ELE430101, Eduardo  Soto
ELE4301,ElectivaenFisica,4,ELE430101, Andrea  Prieto
