Codigo Asignatura,Nombre Asignatura,Nivel,Codigo Curso,Estudiante
ELE4301,ElectivaenFisica,4,ELE430104, Daniela  Sánchez
ELE4301,ElectivaenFisica,4,ELE430104, Sebastián  Cruz
ELE4301,ElectivaenFisica,4,ELE430104, Pablo  León
ELE4301,ElectivaenFisica,4,ELE430104, Sara  Pastor
ELE4301,ElectivaenFisica,4,ELE430104, Samuel  Cervantes
ELE4301,ElectivaenFisica,4,ELE430104, Juan Pablo  Herrero
ELE4301,ElectivaenFisica,4,ELE430104, Catalina  Ríos
ELE4301,ElectivaenFisica,4,ELE430104, Andrea  Vidal
ELE4301,ElectivaenFisica,4,ELE430104, Juan José  Castro
ELE4301,ElectivaenFisica,4,ELE430104, Simón  Peralta
ELE4301,ElectivaenFisica,4,ELE430104, Camila  Vicente
ELE4301,ElectivaenFisica,4,ELE430104, Pablo  Pérez
ELE4301,ElectivaenFisica,4,ELE430104, Elena  Cabello
ELE4301,ElectivaenFisica,4,ELE430104, Catalina  Ramírez
ELE4301,ElectivaenFisica,4,ELE430104, Paula  Nieto
ELE4301,ElectivaenFisica,4,ELE430104, Isabel  Miranda
ELE4301,ElectivaenFisica,4,ELE430104, José  Cordero
ELE4301,ElectivaenFisica,4,ELE430104, Leonardo  Linares
ELE4301,ElectivaenFisica,4,ELE430104, Lucas  Cordero
ELE4301,ElectivaenFisica,4,ELE430104, José  Casado
ELE4301,ElectivaenFisica,4,ELE430104, Matías  Castro
ELE4301,ElectivaenFisica,4,ELE430104, Sofía  Gallego
ELE4301,ElectivaenFisica,4,ELE430104, Nicolás  Martínez
ELE4301,ElectivaenFisica,4,ELE430104, Clara  Herrera
ELE4301,ElectivaenFisica,4,ELE430104, Andrea  Peralta
