Codigo Asignatura,Nombre Asignatura,Nivel,Codigo Curso,Estudiante
ELE4301,ElectivaenFisica,4,ELE430102, Andrés  Calvo
ELE4301,ElectivaenFisica,4,ELE430102, Agustín  Sánchez
ELE4301,ElectivaenFisica,4,ELE430102, Lucas  Cortés
ELE4301,ElectivaenFisica,4,ELE430102, Carlos  Gómez
ELE4301,ElectivaenFisica,4,ELE430102, Carlos  Vargas
ELE4301,ElectivaenFisica,4,ELE430102, Mauricio  Cabrera
ELE4301,ElectivaenFisica,4,ELE430102, Antonia  Carmona
ELE4301,ElectivaenFisica,4,ELE430102, Daniela  Santana
ELE4301,ElectivaenFisica,4,ELE430102, Gabriela  Cabrera
ELE4301,ElectivaenFisica,4,ELE430102, Esteban  Abad
ELE4301,ElectivaenFisica,4,ELE430102, Gabriel  Cortés
ELE4301,ElectivaenFisica,4,ELE430102, Francisco  Moya
ELE4301,ElectivaenFisica,4,ELE430102, Nicolás  Amaya
ELE4301,ElectivaenFisica,4,ELE430102, Tomás  González
ELE4301,ElectivaenFisica,4,ELE430102, Camila  Ramos
ELE4301,ElectivaenFisica,4,ELE430102, Natalia  Díaz
ELE4301,ElectivaenFisica,4,ELE430102, Simón  Varela
ELE4301,ElectivaenFisica,4,ELE430102, Luciana  Mesa
ELE4301,ElectivaenFisica,4,ELE430102, Jimena  Serrano
ELE4301,ElectivaenFisica,4,ELE430102, Jennifer  Arias
ELE4301,ElectivaenFisica,4,ELE430102, Elena  Hidalgo
ELE4301,ElectivaenFisica,4,ELE430102, Luciana  Ramos
ELE4301,ElectivaenFisica,4,ELE430102, Santiago  Suárez
ELE4301,ElectivaenFisica,4,ELE430102, Carolina  González
ELE4301,ElectivaenFisica,4,ELE430102, Esteban  Soler
