Codigo Asignatura,Nombre Asignatura,Nivel,Codigo Curso,Estudiante
ELE4301,ElectivaenFisica,4,ELE430103, Sofía  Ortega
ELE4301,ElectivaenFisica,4,ELE430103, Daniel  Guerra
ELE4301,ElectivaenFisica,4,ELE430103, Catalina  Martínez
ELE4301,ElectivaenFisica,4,ELE430103, Juan  Cabello
ELE4301,ElectivaenFisica,4,ELE430103, Felipe  Cabrera
ELE4301,ElectivaenFisica,4,ELE430103, Ricardo  Cruz
ELE4301,ElectivaenFisica,4,ELE430103, Santiago  Rivas
ELE4301,ElectivaenFisica,4,ELE430103, Mateo  Gómez
ELE4301,ElectivaenFisica,4,ELE430103, Natalia  Cordero
ELE4301,ElectivaenFisica,4,ELE430103, Natalia  Castro
ELE4301,ElectivaenFisica,4,ELE430103, María José  Esteban
ELE4301,ElectivaenFisica,4,ELE430103, Alexander  Fernández
ELE4301,ElectivaenFisica,4,ELE430103, Miguel  Fernández
ELE4301,ElectivaenFisica,4,ELE430103, Daniela  Domínguez
ELE4301,ElectivaenFisica,4,ELE430103, Mariana  Vázquez
ELE4301,ElectivaenFisica,4,ELE430103, Martín  Gómez
ELE4301,ElectivaenFisica,4,ELE430103, Agustín  Romero
ELE4301,ElectivaenFisica,4,ELE430103, Andrea  Carretero
ELE4301,ElectivaenFisica,4,ELE430103, Juan David  Molina
ELE4301,ElectivaenFisica,4,ELE430103, Tomás  Ríos
ELE4301,ElectivaenFisica,4,ELE430103, Adriana  Martínez
ELE4301,ElectivaenFisica,4,ELE430103, Alexander  Ortega
ELE4301,ElectivaenFisica,4,ELE430103, Samantha  Vicente
ELE4301,ElectivaenFisica,4,ELE430103, Carlos  Carmona
ELE4301,ElectivaenFisica,4,ELE430103, Esteban  Vicente
