Codigo Asignatura,Nombre Asignatura,Nivel,Codigo Curso,Estudiante
ADM8301,AdministraciondelaProduccionydelServicio,8,ADM830104, Juan Pablo  Herrera
ADM8301,AdministraciondelaProduccionydelServicio,8,ADM830104, Andrés  Martínez
ADM8301,AdministraciondelaProduccionydelServicio,8,ADM830104, Gabriel  Medina
ADM8301,AdministraciondelaProduccionydelServicio,8,ADM830104, Martín  Robles
ADM8301,AdministraciondelaProduccionydelServicio,8,ADM830104, Santiago  Vázquez
ADM8301,AdministraciondelaProduccionydelServicio,8,ADM830104, Gabriel  Luque
ADM8301,AdministraciondelaProduccionydelServicio,8,ADM830104, Valeria  Cabello
ADM8301,AdministraciondelaProduccionydelServicio,8,ADM830104, Juan José  Abad
ADM8301,AdministraciondelaProduccionydelServicio,8,ADM830104, Paula  Robles
ADM8301,AdministraciondelaProduccionydelServicio,8,ADM830104, Andrea  León
ADM8301,AdministraciondelaProduccionydelServicio,8,ADM830104, Santiago  Rivas
ADM8301,AdministraciondelaProduccionydelServicio,8,ADM830104, José  González
ADM8301,AdministraciondelaProduccionydelServicio,8,ADM830104, Antonia  Nieto
ADM8301,AdministraciondelaProduccionydelServicio,8,ADM830104, Jennifer  Gutiérrez
ADM8301,AdministraciondelaProduccionydelServicio,8,ADM830104, Andrés  Muñoz
ADM8301,AdministraciondelaProduccionydelServicio,8,ADM830104, Sebastián  Prieto
ADM8301,AdministraciondelaProduccionydelServicio,8,ADM830104, Sofia  Herrero
ADM8301,AdministraciondelaProduccionydelServicio,8,ADM830104, Benjamín  León
ADM8301,AdministraciondelaProduccionydelServicio,8,ADM830104, José  Pascual
ADM8301,AdministraciondelaProduccionydelServicio,8,ADM830104, Lucas  Díaz
