Codigo Asignatura,Nombre Asignatura,Nivel,Codigo Curso,Estudiante
ADM8301,AdministraciondelaProduccionydelServicio,8,ADM830101, Mateo  Gallego
ADM8301,AdministraciondelaProduccionydelServicio,8,ADM830101, Lucas  Cortés
ADM8301,AdministraciondelaProduccionydelServicio,8,ADM830101, Santiago  Medina
ADM8301,AdministraciondelaProduccionydelServicio,8,ADM830101, Adriana  Mesa
ADM8301,AdministraciondelaProduccionydelServicio,8,ADM830101, Samuel  Cervantes
ADM8301,AdministraciondelaProduccionydelServicio,8,ADM830101, Pablo  Gómez
ADM8301,AdministraciondelaProduccionydelServicio,8,ADM830101, Francisco  Gallego
ADM8301,AdministraciondelaProduccionydelServicio,8,ADM830101, Antonella  Casado
ADM8301,AdministraciondelaProduccionydelServicio,8,ADM830101, Alejandro  Alonso
ADM8301,AdministraciondelaProduccionydelServicio,8,ADM830101, Antonia  Benítez
ADM8301,AdministraciondelaProduccionydelServicio,8,ADM830101, Francisco  Moya
ADM8301,AdministraciondelaProduccionydelServicio,8,ADM830101, Lucía  Moreno
ADM8301,AdministraciondelaProduccionydelServicio,8,ADM830101, Elena  Soler
ADM8301,AdministraciondelaProduccionydelServicio,8,ADM830101, José  Oliva
ADM8301,AdministraciondelaProduccionydelServicio,8,ADM830101, Ángel  Vicente
ADM8301,AdministraciondelaProduccionydelServicio,8,ADM830101, Gabriela  Moreno
ADM8301,AdministraciondelaProduccionydelServicio,8,ADM830101, Mariana  Ferrer
ADM8301,AdministraciondelaProduccionydelServicio,8,ADM830101, Ricardo  Herrero
ADM8301,AdministraciondelaProduccionydelServicio,8,ADM830101, Daniela  Blanco
ADM8301,AdministraciondelaProduccionydelServicio,8,ADM830101, Santiago  González
