Codigo Asignatura,Nombre Asignatura,Nivel,Codigo Curso,Estudiante
ADM8301,AdministraciondelaProduccionydelServicio,8,ADM830102, David  Robles
ADM8301,AdministraciondelaProduccionydelServicio,8,ADM830102, Samantha  Vicente
ADM8301,AdministraciondelaProduccionydelServicio,8,ADM830102, Christian  González
ADM8301,AdministraciondelaProduccionydelServicio,8,ADM830102, Mariana  Vargas
ADM8301,AdministraciondelaProduccionydelServicio,8,ADM830102, Sara  Ortiz
ADM8301,AdministraciondelaProduccionydelServicio,8,ADM830102, Alejandra  Vicente
ADM8301,AdministraciondelaProduccionydelServicio,8,ADM830102, Sebastián  Amaya
ADM8301,AdministraciondelaProduccionydelServicio,8,ADM830102, Carolina  Cordero
ADM8301,AdministraciondelaProduccionydelServicio,8,ADM830102, Daniela  Ramos
ADM8301,AdministraciondelaProduccionydelServicio,8,ADM830102, Paula  Vidal
ADM8301,AdministraciondelaProduccionydelServicio,8,ADM830102, Samantha  Vidal
ADM8301,AdministraciondelaProduccionydelServicio,8,ADM830102, Camila  Vicente
ADM8301,AdministraciondelaProduccionydelServicio,8,ADM830102, Tomás  Muñoz
ADM8301,AdministraciondelaProduccionydelServicio,8,ADM830102, Samantha  Ramos
ADM8301,AdministraciondelaProduccionydelServicio,8,ADM830102, Sofia  Miranda
ADM8301,AdministraciondelaProduccionydelServicio,8,ADM830102, Tomás  Ríos
ADM8301,AdministraciondelaProduccionydelServicio,8,ADM830102, Sebastián  Gil
ADM8301,AdministraciondelaProduccionydelServicio,8,ADM830102, Ricardo  Alonso
ADM8301,AdministraciondelaProduccionydelServicio,8,ADM830102, Juan David  Gil
ADM8301,AdministraciondelaProduccionydelServicio,8,ADM830102, Benjamín  López
