Codigo Asignatura,Nombre Asignatura,Nivel,Codigo Curso,Estudiante
ADM8301,AdministraciondelaProduccionydelServicio,8,ADM830103, Lucas  Cordero
ADM8301,AdministraciondelaProduccionydelServicio,8,ADM830103, Emily  Ortiz
ADM8301,AdministraciondelaProduccionydelServicio,8,ADM830103, Emily  Guerra
ADM8301,AdministraciondelaProduccionydelServicio,8,ADM830103, Elizabeth  Benítez
ADM8301,AdministraciondelaProduccionydelServicio,8,ADM830103, Antonia  Díaz
ADM8301,AdministraciondelaProduccionydelServicio,8,ADM830103, Sara  Ortega
ADM8301,AdministraciondelaProduccionydelServicio,8,ADM830103, Simón  Molina
ADM8301,AdministraciondelaProduccionydelServicio,8,ADM830103, Agustín  Romero
ADM8301,AdministraciondelaProduccionydelServicio,8,ADM830103, Elizabeth  Ruiz
ADM8301,AdministraciondelaProduccionydelServicio,8,ADM830103, Emilio  Cervantes
ADM8301,AdministraciondelaProduccionydelServicio,8,ADM830103, Christian  Herrera
ADM8301,AdministraciondelaProduccionydelServicio,8,ADM830103, Natalia  Molina
ADM8301,AdministraciondelaProduccionydelServicio,8,ADM830103, Catalina  Pérez
ADM8301,AdministraciondelaProduccionydelServicio,8,ADM830103, Andrea  Cervantes
ADM8301,AdministraciondelaProduccionydelServicio,8,ADM830103, Matías  Vicente
ADM8301,AdministraciondelaProduccionydelServicio,8,ADM830103, Santiago  Cabrera
ADM8301,AdministraciondelaProduccionydelServicio,8,ADM830103, Valeria  Abad
ADM8301,AdministraciondelaProduccionydelServicio,8,ADM830103, Jennifer  Muñoz
ADM8301,AdministraciondelaProduccionydelServicio,8,ADM830103, Miguel  Torres
ADM8301,AdministraciondelaProduccionydelServicio,8,ADM830103, María  Nieto
