Codigo Asignatura,Nombre Asignatura,Nivel,Codigo Curso,Estudiante
GES3301,GestionContable,3,GES330104, Sara  Ortega
GES3301,GestionContable,3,GES330104, Leonardo  Torres
GES3301,GestionContable,3,GES330104, Adriana  Varela
GES3301,GestionContable,3,GES330104, Fernanda  Gutiérrez
GES3301,GestionContable,3,GES330104, Gabriel  Esteban
GES3301,GestionContable,3,GES330104, Esteban  Martínez
GES3301,GestionContable,3,GES330104, Santiago  Carretero
GES3301,GestionContable,3,GES330104, Elizabeth  Linares
GES3301,GestionContable,3,GES330104, Antonia  Oliva
GES3301,GestionContable,3,GES330104, David  Cabello
GES3301,GestionContable,3,GES330104, Santiago  Suárez
GES3301,GestionContable,3,GES330104, Luciana  Luque
GES3301,GestionContable,3,GES330104, Valentina  Díaz
GES3301,GestionContable,3,GES330104, Catalina  Cruz
GES3301,GestionContable,3,GES330104, Valentina  Martínez
GES3301,GestionContable,3,GES330104, Lucas  Molina
GES3301,GestionContable,3,GES330104, Jimena  Castro
GES3301,GestionContable,3,GES330104, Simón  Ramos
GES3301,GestionContable,3,GES330104, Mateo  Mesa
GES3301,GestionContable,3,GES330104, Ángel  Casado
GES3301,GestionContable,3,GES330104, Juan  Suárez
GES3301,GestionContable,3,GES330104, Jimena  Serrano
GES3301,GestionContable,3,GES330104, Pablo  Aguilar
GES3301,GestionContable,3,GES330104, Alejandra  Medina
GES3301,GestionContable,3,GES330104, Juan  Cordero
GES3301,GestionContable,3,GES330104, Valentina  Navarro
GES3301,GestionContable,3,GES330104, Emma  Amaya
GES3301,GestionContable,3,GES330104, Christian  Oliva
GES3301,GestionContable,3,GES330104, Isabella  Vargas
GES3301,GestionContable,3,GES330104, Catalina  Peralta
