Codigo Asignatura,Nombre Asignatura,Nivel,Codigo Curso,Estudiante
GES3301,GestionContable,3,GES330102, Isabella  Rodríguez
GES3301,GestionContable,3,GES330102, Benjamín  León
GES3301,GestionContable,3,GES330102, José  Hidalgo
GES3301,GestionContable,3,GES330102, Andrés  González
GES3301,GestionContable,3,GES330102, Luciana  González
GES3301,GestionContable,3,GES330102, Carolina  Gallego
GES3301,GestionContable,3,GES330102, Catalina  López
GES3301,GestionContable,3,GES330102, Daniel  Ferrer
GES3301,GestionContable,3,GES330102, Juan  Ramos
GES3301,GestionContable,3,GES330102, Juliana  Soto
GES3301,GestionContable,3,GES330102, Eduardo  Calvo
GES3301,GestionContable,3,GES330102, Juan  Vázquez
GES3301,GestionContable,3,GES330102, Valentina  Carmona
GES3301,GestionContable,3,GES330102, María  Ochoa
GES3301,GestionContable,3,GES330102, Ana  Alonso
GES3301,GestionContable,3,GES330102, Emily  Molina
GES3301,GestionContable,3,GES330102, Juan  Castro
GES3301,GestionContable,3,GES330102, Felipe  Domínguez
GES3301,GestionContable,3,GES330102, Carlos  Gómez
GES3301,GestionContable,3,GES330102, Valentina  Marín
GES3301,GestionContable,3,GES330102, Andrea  Vidal
GES3301,GestionContable,3,GES330102, Esteban  Abad
GES3301,GestionContable,3,GES330102, Samantha  Llorente
GES3301,GestionContable,3,GES330102, Tomás  Soler
GES3301,GestionContable,3,GES330102, Benjamín  Ruiz
GES3301,GestionContable,3,GES330102, Matías  Luque
GES3301,GestionContable,3,GES330102, Mateo  Gómez
GES3301,GestionContable,3,GES330102, Natalia  Pascual
GES3301,GestionContable,3,GES330102, Alejandra  García
GES3301,GestionContable,3,GES330102, Alejandra  Cruz
