Codigo Asignatura,Nombre Asignatura,Nivel,Codigo Curso,Estudiante
GES3301,GestionContable,3,GES330103, Manuel  Álvarez
GES3301,GestionContable,3,GES330103, Leonardo  Vargas
GES3301,GestionContable,3,GES330103, Javier  Álvarez
GES3301,GestionContable,3,GES330103, Esteban  Morales
GES3301,GestionContable,3,GES330103, Simón  García
GES3301,GestionContable,3,GES330103, Isabel  Moya
GES3301,GestionContable,3,GES330103, Eduardo  Soto
GES3301,GestionContable,3,GES330103, Valentina  Morales
GES3301,GestionContable,3,GES330103, Isabella  Garrido
GES3301,GestionContable,3,GES330103, Luciana  Arias
GES3301,GestionContable,3,GES330103, Ana  Peralta
GES3301,GestionContable,3,GES330103, Juan David  Ramos
GES3301,GestionContable,3,GES330103, Juliana  Vargas
GES3301,GestionContable,3,GES330103, Lucía  Vega
GES3301,GestionContable,3,GES330103, María José  Robles
GES3301,GestionContable,3,GES330103, Santiago  Alonso
GES3301,GestionContable,3,GES330103, Fernanda  Delgado
GES3301,GestionContable,3,GES330103, Sebastián  Medina
GES3301,GestionContable,3,GES330103, Andrea  Medina
GES3301,GestionContable,3,GES330103, Luciana  Marín
GES3301,GestionContable,3,GES330103, Miguel  Gómez
GES3301,GestionContable,3,GES330103, Daniela  Fernández
GES3301,GestionContable,3,GES330103, Laura  Cervantes
GES3301,GestionContable,3,GES330103, Christian  Prieto
GES3301,GestionContable,3,GES330103, Lucas  Cordero
GES3301,GestionContable,3,GES330103, Esteban  Molina
GES3301,GestionContable,3,GES330103, Catalina  Cabrera
GES3301,GestionContable,3,GES330103, Emma  Aguilar
GES3301,GestionContable,3,GES330103, Samuel  Pastor
GES3301,GestionContable,3,GES330103, Andrés  Ríos
