Codigo Asignatura,Nombre Asignatura,Nivel,Codigo Curso,Estudiante
GES3301,GestionContable,3,GES330101, Elena  Fernández
GES3301,GestionContable,3,GES330101, Isabella  Delgado
GES3301,GestionContable,3,GES330101, Carlos  Peralta
GES3301,GestionContable,3,GES330101, Jennifer  Arias
GES3301,GestionContable,3,GES330101, Leonardo  Guerra
GES3301,GestionContable,3,GES330101, Juliana  Linares
GES3301,GestionContable,3,GES330101, Daniel  Pérez
GES3301,GestionContable,3,GES330101, Ángel  Miranda
GES3301,GestionContable,3,GES330101, Gabriel  Amaya
GES3301,GestionContable,3,GES330101, Gabriela  Cordero
GES3301,GestionContable,3,GES330101, Daniela  Robles
GES3301,GestionContable,3,GES330101, David  Robles
GES3301,GestionContable,3,GES330101, Emma  Carretero
GES3301,GestionContable,3,GES330101, Alejandro  Rodríguez
GES3301,GestionContable,3,GES330101, Samantha  Cortés
GES3301,GestionContable,3,GES330101, Simón  Gómez
GES3301,GestionContable,3,GES330101, Natalia  Alonso
GES3301,GestionContable,3,GES330101, Andrés  Vega
GES3301,GestionContable,3,GES330101, Catalina  Ortega
GES3301,GestionContable,3,GES330101, Elena  Blanco
GES3301,GestionContable,3,GES330101, Tomás  García
GES3301,GestionContable,3,GES330101, Andrés  Serrano
GES3301,GestionContable,3,GES330101, Simón  Aguilar
GES3301,GestionContable,3,GES330101, Jennifer  Correa
GES3301,GestionContable,3,GES330101, Fernanda  Molina
GES3301,GestionContable,3,GES330101, Santiago  Vázquez
GES3301,GestionContable,3,GES330101, Juan David  Molina
GES3301,GestionContable,3,GES330101, Tomás  Navarro
GES3301,GestionContable,3,GES330101, Lucas  Pérez
GES3301,GestionContable,3,GES330101, Juan  Luque
